segment	gene	position	AAchange	frequency
A_ANHUI_1_2013_H7	HA	776	A259G	0.010700000000000001
A_ANHUI_1_2013_H7	HA	1006	P336S	0.026600000000000002
A_ANHUI_1_2013_H7	HA	1046	I349N	0.0241
A_ANHUI_1_2013_H7	HA	1670	T557I	0.0825
A_ANHUI_1_2013_PA	PA	569	S190F	0.0159
A_ANHUI_1_2013_PA	PA	1693	V565M	0.0359
A_ANHUI_1_2013_PA	PA	1862	I621N	0.0179
A_ANHUI_1_2013_PA	PA	1958	P653Q	0.0345
A_ANHUI_1_2013_PB1	PB1	34	V12M	0.0295
A_ANHUI_1_2013_PB1	PB1	670	L224M	0.0103
A_ANHUI_1_2013_PB2	PB2	2277	N759K	0.0131
