segment	gene	position	AAchange	frequency
A_GUANGDONG_17SF003_2016_H7	HA	215	C72Y	0.0154
A_GUANGDONG_17SF003_2016_H7	HA	686	R229I	0.0235
A_GUANGDONG_17SF003_2016_H7	HA	854	N285S	0.015700000000000002
A_GUANGDONG_17SF003_2016_MP	M1	623	Q208R	0.0204
A_GUANGDONG_17SF003_2016_N9	NA	1383	I461M	0.011200000000000002
A_GUANGDONG_17SF003_2016_NS	NS1	425	E142G	0.0265
A_GUANGDONG_17SF003_2016_PA	PA	94	T32A	0.049699999999999994
A_GUANGDONG_17SF003_2016_PA	PA	565	D189N	0.0231
A_GUANGDONG_17SF003_2016_PA	PA	646	D216N	0.0226
A_GUANGDONG_17SF003_2016_PA	PA	869	L290*	0.019
A_GUANGDONG_17SF003_2016_PA	PA	889	H297Y	0.0195
A_GUANGDONG_17SF003_2016_PA	PA	1276	D426Y	0.0352
A_GUANGDONG_17SF003_2016_PA	PA	1407	L469F	0.0161
A_GUANGDONG_17SF003_2016_PA	PA	1585	D529N	0.0134
A_GUANGDONG_17SF003_2016_PA	PA	1640	D547G	0.0111
A_GUANGDONG_17SF003_2016_PA	PA	1765	L589I	0.0137
A_GUANGDONG_17SF003_2016_PA	PA	1841	N614S	0.014199999999999999
A_GUANGDONG_17SF003_2016_PA	PA	2033	P678L	0.0154
A_GUANGDONG_17SF003_2016_PA	PA	2096	W699*	0.0196
A_GUANGDONG_17SF003_2016_PA	PA	2111	A704V	0.0151
A_GUANGDONG_17SF003_2016_PB1	PB1	191	P64L	0.0108
A_GUANGDONG_17SF003_2016_PB1	PB1	515	D172G	0.0108
A_GUANGDONG_17SF003_2016_PB1	PB1	683	T228I	0.012
A_GUANGDONG_17SF003_2016_PB1	PB1	734	G245E	0.010700000000000001
A_GUANGDONG_17SF003_2016_PB1	PB1	991	E331K	0.0124
A_GUANGDONG_17SF003_2016_PB1	PB1	1505	V502A	0.011699999999999999
A_GUANGDONG_17SF003_2016_PB1	PB1	1519	M507V	0.0104
A_GUANGDONG_17SF003_2016_PB1	PB1	1637	M546T	0.0116
A_GUANGDONG_17SF003_2016_PB2	PB2	335	P112Q	0.0167
A_GUANGDONG_17SF003_2016_PB2	PB2	953	R318K	0.0179
