segment	gene	position	AAchange	frequency
A_GUANGDONG_17SF003_2016_PA	PA	933	M311I	0.0102
A_GUANGDONG_17SF003_2016_PA	PA	967	I323V	0.020099999999999996
A_GUANGDONG_17SF003_2016_PA	PA	1347	E449D	0.0216
A_GUANGDONG_17SF003_2016_PA	PA	1655	T552N	0.011000000000000001
A_GUANGDONG_17SF003_2016_PA	PA	1682	M561T	0.0127
A_GUANGDONG_17SF003_2016_PB1	PB1	34	V12M	0.0274
A_GUANGDONG_17SF003_2016_PB2	PB2	1199	V400A	0.0162
A_GUANGDONG_17SF003_2016_PB2	PB2	1918	V640M	0.265
A_GUANGDONG_17SF003_2016_PB2	PB2	1972	Y658H	0.0133
A_GUANGDONG_17SF003_2016_PB2	PB2	1985	T662I	0.025974999999999998
