segment	gene	position	AAchange	frequency
A_CALIFORNIA_04_2009_H1	HA	432	D144E	0.21662499999999998
A_CALIFORNIA_04_2009_H1	HA	436	N146D	0.057825
A_CALIFORNIA_04_2009_H1	HA	475	K159E	0.031625
A_CALIFORNIA_04_2009_H1	HA	515	G172E	0.0372
A_CALIFORNIA_04_2009_H1	HA	598	S200P	0.2977
A_CALIFORNIA_04_2009_H1	HA	602	T201N	0.011000000000000001
A_CALIFORNIA_04_2009_H1	HA	622	L208I	0.24382500000000001
A_CALIFORNIA_04_2009_H1	HA	635	A212E	0.015875
A_CALIFORNIA_04_2009_H1	HA	640	T214A	0.0445
A_CALIFORNIA_04_2009_H1	HA	677	K226T	0.0133
A_CALIFORNIA_04_2009_H1	HA	695	A232V	0.022375000000000003
A_CALIFORNIA_04_2009_H1	HA	839	S280F	0.012624999999999999
A_CALIFORNIA_04_2009_PB1	PB1	17	T6I	0.0204
A_CALIFORNIA_04_2009_PB1	PB1	43	Q15E	0.022266666666666667
A_CALIFORNIA_04_2009_PB1	PB1	43	Q15K	0.0292
A_CALIFORNIA_04_2009_PB1	PB1	415	A139T	0.018799999999999997
A_CALIFORNIA_04_2009_PB1	PB1	548	T183I	0.0159
A_CALIFORNIA_04_2009_PB1	PB1	575	R192T	0.0218
A_CALIFORNIA_04_2009_PB1	PB1	632	R211K	0.0146
A_CALIFORNIA_04_2009_PB1	PB1	838	A280T	0.0222
A_CALIFORNIA_04_2009_PB1	PB1	871	T291A	0.026625
A_CALIFORNIA_04_2009_PB1	PB1	922	K308E	0.013300000000000001
A_CALIFORNIA_04_2009_PB1	PB1	961	M321V	0.0155
A_CALIFORNIA_04_2009_PB1	PB1	1348	I450L	0.031
A_CALIFORNIA_04_2009_PB1	PB1	1457	K486R	0.0191
A_CALIFORNIA_04_2009_PB1	PB1	1474	F492L	0.0335
A_CALIFORNIA_04_2009_PB1	PB1	1495	Y499H	0.0342
A_CALIFORNIA_04_2009_PB1	PB1	1549	V517L	0.0181
A_CALIFORNIA_04_2009_PB1	PB1	1910	I637T	0.032400000000000005
A_CALIFORNIA_04_2009_PB1	PB1	1939	P647T	0.0206
A_CALIFORNIA_04_2009_PB1	PB1	2036	Q679R	0.0218
A_CALIFORNIA_04_2009_PB1	PB1	2155	V719M	0.0147
A_CALIFORNIA_04_2009_PB2	PB2	98	K33R	0.0103
A_CALIFORNIA_04_2009_PB2	PB2	143	K48R	0.013999999999999999
A_CALIFORNIA_04_2009_PB2	PB2	217	Q73K	0.0167
A_CALIFORNIA_04_2009_PB2	PB2	250	A84T	0.011399999999999999
A_CALIFORNIA_04_2009_PB2	PB2	281	L94R	0.0106
A_CALIFORNIA_04_2009_PB2	PB2	709	G237R	0.0127
A_CALIFORNIA_04_2009_PB2	PB2	1190	A397G	0.0154
A_CALIFORNIA_04_2009_PB2	PB2	1321	D441N	0.014199999999999999
A_CALIFORNIA_04_2009_PB2	PB2	1406	P469Q	0.0106
A_CALIFORNIA_04_2009_PB2	PB2	1676	I559N	0.0113
A_CALIFORNIA_04_2009_PB2	PB2	2165	A722G	0.0141
