segment	gene	position	AAchange	frequency
A_GUANGDONG_17SF003_2016_N9	NA	94	N32D	0.016200000000000003
A_GUANGDONG_17SF003_2016_PA	PA	77	E26G	0.026000000000000002
A_GUANGDONG_17SF003_2016_PA	PA	91	E31K	0.0189
A_GUANGDONG_17SF003_2016_PA	PA	293	T98K	0.2354
A_GUANGDONG_17SF003_2016_PA	PA	1772	Q591R	0.0175
A_GUANGDONG_17SF003_2016_PB1	PB1	515	D172G	0.687775
A_GUANGDONG_17SF003_2016_PB1	PB1	2269	K757E	0.0207
