segment	gene	position	AAchange	frequency
A_GUANGDONG_17SF003_2016_H7	HA	410	G137E	0.392525
A_GUANGDONG_17SF003_2016_H7	HA	452	G151E	0.013025
A_GUANGDONG_17SF003_2016_H7	HA	519	M173I	0.41857500000000003
A_GUANGDONG_17SF003_2016_H7	HA	596	E199G	0.447825
A_GUANGDONG_17SF003_2016_H7	HA	707	S236Y	0.11752499999999999
A_GUANGDONG_17SF003_2016_H7	HA	859	E287K	0.0509
A_GUANGDONG_17SF003_2016_MP	M1	655	V219I	0.843225
A_GUANGDONG_17SF003_2016_MP	M2	933	N82S	0.0104
A_GUANGDONG_17SF003_2016_NP	NP	272	K91R	0.458
A_GUANGDONG_17SF003_2016_NP	NP	1151	R384K	0.416025
A_GUANGDONG_17SF003_2016_NS	NEP	537	R22K	0.0193
A_GUANGDONG_17SF003_2016_NS	NEP	609	G46E	0.012975
A_GUANGDONG_17SF003_2016_NS	NEP	628	M52I	0.0137
A_GUANGDONG_17SF003_2016_NS	NS1	253	P85S	0.014175
A_GUANGDONG_17SF003_2016_NS	NS1	353	R118K	0.0233
A_GUANGDONG_17SF003_2016_NS	NS1	609	W203*	0.012975
A_GUANGDONG_17SF003_2016_NS	NS1	628	G210R	0.0137
A_GUANGDONG_17SF003_2016_PA	PA	302	E101G	0.094
A_GUANGDONG_17SF003_2016_PA	PA	811	P271S	0.3303
A_GUANGDONG_17SF003_2016_PA	PA	1070	T357I	0.32130000000000003
A_GUANGDONG_17SF003_2016_PA	PA	1076	N359S	0.156925
A_GUANGDONG_17SF003_2016_PA	PA	1552	V518I	0.020225
A_GUANGDONG_17SF003_2016_PA	PA	1627	L543I	0.0314
A_GUANGDONG_17SF003_2016_PA	PA	2014	L672F	0.0639
A_GUANGDONG_17SF003_2016_PB1	PB1	644	R215K	0.0116
A_GUANGDONG_17SF003_2016_PB1	PB1	1688	R563K	0.047975000000000004
A_GUANGDONG_17SF003_2016_PB1	PB1	1697	T566I	0.042574999999999995
A_GUANGDONG_17SF003_2016_PB2	PB2	246	N82K	0.0559
A_GUANGDONG_17SF003_2016_PB2	PB2	812	T271I	0.010700000000000001
A_GUANGDONG_17SF003_2016_PB2	PB2	1358	P453L	0.2738
A_GUANGDONG_17SF003_2016_PB2	PB2	2101	D701N	0.566425
A_GUANGDONG_17SF003_2016_PB2	PB2	2108	R703K	0.24822499999999997
