	SNP	FREQ_index	FREQ_contact	total_reads_contact	variant_reads_contact
0	PB2-1164-G>A	0.06195000000000001	0.0	6416.5	0.0
1	PB2-2101-G>A	0.1633	0.0	6225.0	0.0
2	H7-528-A>G	0.09265	0.0	4891.0	0.0
3	H7-805-C>T	0.04485	0.0	7934.5	0.0
4	NP-199-G>A	0.0187	0.0	7900.0	0.0
5	NP-1450-G>A	0.01345	0.0	2906.5	0.0
6	NS-7-T>C	0.0537	0.0	2515.5	0.0
7	NS-309-A>G	0.01075	0.0	8002.5	0.0
8	NS-411-T>C	0.07139999999999999	0.0	8024.5	0.0
