segment	gene	position	AAchange	frequency
A_GUANGDONG_17SF003_2016_H7	HA	1273	N425D	0.0155
A_GUANGDONG_17SF003_2016_H7	HA	1689	C563W	0.0341
A_GUANGDONG_17SF003_2016_MP	M1	629	R210K	0.5449
A_GUANGDONG_17SF003_2016_MP	M1	655	V219I	0.36447500000000005
A_GUANGDONG_17SF003_2016_N9	NA	246	N82K	0.0125
A_GUANGDONG_17SF003_2016_N9	NA	724	P242S	0.0316
A_GUANGDONG_17SF003_2016_N9	NA	761	F254Y	0.015700000000000002
A_GUANGDONG_17SF003_2016_N9	NA	764	K255R	0.09369999999999999
A_GUANGDONG_17SF003_2016_N9	NA	793	L265M	0.0109
A_GUANGDONG_17SF003_2016_NP	NP	362	R121K	0.012
A_GUANGDONG_17SF003_2016_NP	NP	571	M191V	0.159675
A_GUANGDONG_17SF003_2016_NS	NEP	537	R22K	0.34240000000000004
A_GUANGDONG_17SF003_2016_NS	NEP	609	G46E	0.025175
A_GUANGDONG_17SF003_2016_NS	NEP	671	E67K	0.0265
A_GUANGDONG_17SF003_2016_NS	NS1	253	P85S	0.0235
A_GUANGDONG_17SF003_2016_NS	NS1	609	W203*	0.025175
A_GUANGDONG_17SF003_2016_PA	PA	95	T32I	0.0611
A_GUANGDONG_17SF003_2016_PA	PA	465	M155I	0.0273
A_GUANGDONG_17SF003_2016_PA	PA	824	P275L	0.0103
A_GUANGDONG_17SF003_2016_PA	PA	1256	D419G	0.028999999999999998
A_GUANGDONG_17SF003_2016_PB2	PB2	209	R70K	0.0108
A_GUANGDONG_17SF003_2016_PB2	PB2	1601	S534F	0.013999999999999999
A_GUANGDONG_17SF003_2016_PB2	PB2	2101	D701N	0.4185
A_GUANGDONG_17SF003_2016_PB2	PB2	2263	R755W	0.0102
