segment	gene	position	AAchange	frequency
A_GUANGDONG_17SF003_2016_H7	HA	1594	F532I	0.0121
A_GUANGDONG_17SF003_2016_N9	NA	842	R281Q	0.0105
A_GUANGDONG_17SF003_2016_PA	PA	104	F35S	0.0226
A_GUANGDONG_17SF003_2016_PA	PA	788	T263K	0.034175
A_GUANGDONG_17SF003_2016_PA	PA	1292	D431G	0.064
A_GUANGDONG_17SF003_2016_PA	PA	1441	Q481*	0.0321
A_GUANGDONG_17SF003_2016_PA	PA	1683	M561I	0.0165
A_GUANGDONG_17SF003_2016_PA	PA	1793	A598D	0.0291
A_GUANGDONG_17SF003_2016_PA	PA	1879	G627R	0.0329
A_GUANGDONG_17SF003_2016_PB1	PB1	2044	I682V	0.015000000000000001
A_GUANGDONG_17SF003_2016_PB2	PB2	25	D9N	0.025325
A_GUANGDONG_17SF003_2016_PB2	PB2	514	V172I	0.0122
A_GUANGDONG_17SF003_2016_PB2	PB2	1160	S387N	0.011075
A_GUANGDONG_17SF003_2016_PB2	PB2	1891	M631V	0.0103
