segment	gene	position	AAchange	frequency
A_ANHUI_1_2013_H7	HA	236	T79I	0.065175
A_ANHUI_1_2013_H7	HA	410	G137E	0.0108
A_ANHUI_1_2013_H7	HA	416	R139K	0.0398
A_ANHUI_1_2013_H7	HA	421	N141D	0.364525
A_ANHUI_1_2013_H7	HA	427	A143T	0.2415
A_ANHUI_1_2013_H7	HA	452	G151E	0.030375
A_ANHUI_1_2013_H7	HA	499	N167D	0.41022500000000006
A_ANHUI_1_2013_H7	HA	505	A169T	0.011000000000000001
A_ANHUI_1_2013_H7	HA	622	N208D	0.023175
A_ANHUI_1_2013_H7	HA	641	G214E	0.0254
A_ANHUI_1_2013_H7	HA	667	V223I	0.0402
A_ANHUI_1_2013_H7	HA	683	A228E	0.114225
A_ANHUI_1_2013_H7	HA	704	L235Q	0.0278
A_ANHUI_1_2013_H7	HA	1544	V515A	0.0141
A_ANHUI_1_2013_MP	M1	506	T169I	0.013000000000000001
A_ANHUI_1_2013_MP	M1	578	A193V	0.057999999999999996
A_ANHUI_1_2013_MP	M2	762	P25L	0.018975000000000002
A_ANHUI_1_2013_N9	NA	29	T10I	0.28262499999999996
A_ANHUI_1_2013_N9	NA	32	S11L	0.024624999999999998
A_ANHUI_1_2013_N9	NA	40	A14T	0.0142
A_ANHUI_1_2013_N9	NA	152	T51I	0.015975
A_ANHUI_1_2013_N9	NA	220	E74K	0.0254
A_ANHUI_1_2013_N9	NA	898	I300V	0.024124999999999997
A_ANHUI_1_2013_N9	NA	1195	S399C	0.028824999999999996
A_ANHUI_1_2013_N9	NA	1279	R427G	0.0106
A_ANHUI_1_2013_N9	NA	1294	K432E	0.022224999999999998
A_ANHUI_1_2013_N9	NA	1379	K460R	0.323075
A_ANHUI_1_2013_NP	NP	101	S34N	0.023775
A_ANHUI_1_2013_NP	NP	149	S50N	0.024800000000000003
A_ANHUI_1_2013_NP	NP	850	A284T	0.059625
A_ANHUI_1_2013_NP	NP	1117	A373T	0.1128
A_ANHUI_1_2013_NS	NS1	133	G45R	0.0381
A_ANHUI_1_2013_PA	PA	799	P267S	0.022024999999999996
A_ANHUI_1_2013_PA	PA	802	L268F	0.0298
A_ANHUI_1_2013_PA	PA	1027	A343T	0.022775
A_ANHUI_1_2013_PA	PA	1039	D347N	0.0207
A_ANHUI_1_2013_PA	PA	1046	E349G	0.077575
A_ANHUI_1_2013_PA	PA	1226	N409S	0.048025
A_ANHUI_1_2013_PA	PA	1273	L425F	0.0127
A_ANHUI_1_2013_PA	PA	1342	A448T	0.0116
A_ANHUI_1_2013_PA	PA	1577	S526F	0.0134
A_ANHUI_1_2013_PA	PA	1660	V554I	0.0126
A_ANHUI_1_2013_PA	PA	1867	E623K	0.0727
A_ANHUI_1_2013_PA	PA	1879	G627R	0.013175000000000003
A_ANHUI_1_2013_PA	PA	2063	E688G	0.0175
A_ANHUI_1_2013_PB1	PB1	226	D76N	0.0875
A_ANHUI_1_2013_PB1	PB1	980	R327K	0.013300000000000001
A_ANHUI_1_2013_PB1	PB1	2243	S748F	0.015
A_ANHUI_1_2013_PB2	PB2	25	D9N	0.0168
A_ANHUI_1_2013_PB2	PB2	185	R62K	0.0117
A_ANHUI_1_2013_PB2	PB2	260	D87G	0.018175
A_ANHUI_1_2013_PB2	PB2	441	I147M	0.0131
A_ANHUI_1_2013_PB2	PB2	752	R251K	0.019825
A_ANHUI_1_2013_PB2	PB2	1699	D567N	0.013300000000000001
A_ANHUI_1_2013_PB2	PB2	1943	V648A	0.015875
A_ANHUI_1_2013_PB2	PB2	2050	A684T	0.016675000000000002
A_ANHUI_1_2013_PB2	PB2	2150	A717V	0.0115
