segment	gene	position	AAchange	frequency
A_ANHUI_1_2013_H7	HA	421	N141D	0.045524999999999996
A_ANHUI_1_2013_H7	HA	499	N167D	0.046024999999999996
A_ANHUI_1_2013_H7	HA	643	S215G	0.024225
A_ANHUI_1_2013_H7	HA	667	V223I	0.026225000000000002
A_ANHUI_1_2013_H7	HA	683	A228E	0.9111
A_ANHUI_1_2013_H7	HA	704	L235Q	0.047
A_ANHUI_1_2013_N9	NA	29	T10I	0.47540000000000004
A_ANHUI_1_2013_N9	NA	898	I300V	0.036025
A_ANHUI_1_2013_N9	NA	1294	K432E	0.044475
A_ANHUI_1_2013_N9	NA	1379	K460R	0.1576
A_ANHUI_1_2013_NP	NP	350	R117K	0.0114
A_ANHUI_1_2013_NP	NP	1117	A373T	0.23509999999999998
A_ANHUI_1_2013_NP	NP	1490	D497G	0.013175
A_ANHUI_1_2013_NS	NEP	4	D2N	0.051175
A_ANHUI_1_2013_NS	NEP	617	A49T	0.0142
A_ANHUI_1_2013_NS	NS1	4	D2N	0.051175
A_ANHUI_1_2013_NS	NS1	353	R118K	0.0147
A_ANHUI_1_2013_NS	NS1	617	S206N	0.0142
A_ANHUI_1_2013_PA	PA	12	F4L	0.038575
A_ANHUI_1_2013_PA	PA	79	D27N	0.024399999999999998
A_ANHUI_1_2013_PA	PA	208	A70T	0.0141
A_ANHUI_1_2013_PA	PA	703	G235R	0.011399999999999999
A_ANHUI_1_2013_PA	PA	740	S247F	0.0129
A_ANHUI_1_2013_PA	PA	799	P267S	0.0101
A_ANHUI_1_2013_PA	PA	802	L268F	0.1106
A_ANHUI_1_2013_PA	PA	1027	A343T	0.0241
A_ANHUI_1_2013_PA	PA	1039	D347N	0.029700000000000004
A_ANHUI_1_2013_PA	PA	1046	E349G	0.05197499999999999
A_ANHUI_1_2013_PA	PA	1118	N373S	0.0165
A_ANHUI_1_2013_PA	PA	1226	N409S	0.1275
A_ANHUI_1_2013_PA	PA	1490	K497R	0.0207
A_ANHUI_1_2013_PA	PA	1577	S526F	0.011899999999999999
A_ANHUI_1_2013_PA	PA	1660	V554I	0.0274
A_ANHUI_1_2013_PA	PA	1804	V602L	0.024900000000000002
A_ANHUI_1_2013_PA	PA	1867	E623K	0.090675
A_ANHUI_1_2013_PA	PA	1879	G627R	0.017
A_ANHUI_1_2013_PA	PA	1882	V628M	0.0243
A_ANHUI_1_2013_PA	PA	2063	E688G	0.033
A_ANHUI_1_2013_PB1	PB1	34	V12M	0.019
A_ANHUI_1_2013_PB1	PB1	226	D76N	0.034
A_ANHUI_1_2013_PB1	PB1	980	R327K	0.015
A_ANHUI_1_2013_PB1	PB1	2116	R706G	0.011399999999999999
A_ANHUI_1_2013_PB2	PB2	25	D9N	0.0148
A_ANHUI_1_2013_PB2	PB2	161	K54R	0.011200000000000002
A_ANHUI_1_2013_PB2	PB2	548	L183S	0.0148
A_ANHUI_1_2013_PB2	PB2	752	R251K	0.0143
A_ANHUI_1_2013_PB2	PB2	820	A274T	0.017425
A_ANHUI_1_2013_PB2	PB2	856	S286G	0.0167
A_ANHUI_1_2013_PB2	PB2	953	R318K	0.0106
A_ANHUI_1_2013_PB2	PB2	1699	D567N	0.080025
A_ANHUI_1_2013_PB2	PB2	1762	A588T	0.0132
A_ANHUI_1_2013_PB2	PB2	2021	A674V	0.039975000000000004
