segment	gene	position	AAchange	frequency
A_GUANGDONG_17SF003_2016_N9	NA	866	K289R	0.0471
A_GUANGDONG_17SF003_2016_NP	NP	436	A146T	0.062975
A_GUANGDONG_17SF003_2016_NP	NP	922	Q308K	0.020775
A_GUANGDONG_17SF003_2016_NP	NP	1378	G460R	0.0148
A_GUANGDONG_17SF003_2016_NS	NS1	276	D92E	0.011925
A_GUANGDONG_17SF003_2016_PA	PA	511	I171V	0.018799999999999997
A_GUANGDONG_17SF003_2016_PA	PA	564	W188*	0.0115
A_GUANGDONG_17SF003_2016_PA	PA	736	L246I	0.0754
A_GUANGDONG_17SF003_2016_PA	PA	993	N331K	0.0209
A_GUANGDONG_17SF003_2016_PA	PA	1263	S421R	0.0371
A_GUANGDONG_17SF003_2016_PA	PA	1316	A439E	0.0253
A_GUANGDONG_17SF003_2016_PA	PA	1441	Q481*	0.028999999999999998
A_GUANGDONG_17SF003_2016_PB1	PB1	413	P138L	0.019
A_GUANGDONG_17SF003_2016_PB1	PB1	2230	M744V	0.011699999999999999
A_GUANGDONG_17SF003_2016_PB2	PB2	209	R70K	0.0109
