segment	gene	position	AAchange	frequency
A_GUANGDONG_17SF003_2016_H7	HA	119	R40K	0.015600000000000001
A_GUANGDONG_17SF003_2016_H7	HA	1387	E463K	0.0172
A_GUANGDONG_17SF003_2016_MP	M1	629	R210K	0.9688249999999999
A_GUANGDONG_17SF003_2016_NP	NP	362	R121K	0.0116
A_GUANGDONG_17SF003_2016_NP	NP	571	M191V	0.08122499999999999
A_GUANGDONG_17SF003_2016_NS	NEP	609	G46E	0.017575
A_GUANGDONG_17SF003_2016_NS	NS1	253	P85S	0.017625000000000002
A_GUANGDONG_17SF003_2016_NS	NS1	609	W203*	0.017575
A_GUANGDONG_17SF003_2016_PA	PA	492	D164E	0.0179
A_GUANGDONG_17SF003_2016_PA	PA	880	D294N	0.012199999999999999
A_GUANGDONG_17SF003_2016_PA	PA	985	G329S	0.0189
A_GUANGDONG_17SF003_2016_PA	PA	1076	N359S	0.9814
A_GUANGDONG_17SF003_2016_PA	PA	1144	E382*	0.0203
A_GUANGDONG_17SF003_2016_PA	PA	1211	A404V	0.0139
A_GUANGDONG_17SF003_2016_PA	PA	1376	I459T	0.0115
A_GUANGDONG_17SF003_2016_PA	PA	1541	D514G	0.035
A_GUANGDONG_17SF003_2016_PA	PA	1561	V521I	0.0105
A_GUANGDONG_17SF003_2016_PA	PA	1577	S526F	0.017
A_GUANGDONG_17SF003_2016_PA	PA	1867	E623K	0.030899999999999997
A_GUANGDONG_17SF003_2016_PA	PA	1911	C637*	0.013000000000000001
A_GUANGDONG_17SF003_2016_PA	PA	2134	T712A	0.017
A_GUANGDONG_17SF003_2016_PA	PA	2146	R716G	0.0207
