	SNP	POS_x	rep1_percent	rep2_percent	%
23	NA_C29T_T10I	29.0	1.0	1.0	1.0
0	PB1_G34A_V12M	34.0	0.0209		0.0209
5	PA_A34G_M12V	34.0	0.013500000000000002		0.013500000000000002
1	PB1_A99G_syn	99.0	0.0413	0.0369	0.0391
6	PA_C153T_syn	153.0	0.0169		0.0169
7	PA_A252G_syn	252.0	0.0127		0.0127
17	HA_C262A_L88I	262.0	0.0104		0.0104
18	HA_A421G_N141D	421.0	0.9997	0.9994	1.0
8	PA_A495T_E165D	495.0	0.0133		0.0133
19	HA_A499G_N167D	499.0	0.9998	1.0	1.0
20	HA_G567A_W189*	567.0	0.014		0.014
9	PA_G616T_E206*	616.0	0.0174		0.0174
25	NEP_A698G_I76V	698.0	0.9994	0.9998	1.0
21	HA_T704A_L235Q	704.0	0.9998	1.0	1.0
10	PA_C823T_P275S	823.0	0.0154		0.0154
24	M2_C838T_syn	838.0	0.9996	1.0	1.0
11	PA_A998G_N333S	998.0	0.0178		0.0178
12	PA_G1242A_syn	1242.0	0.0142		0.0142
22	HA_C1269G_syn	1269.0	0.0108		0.0108
26	PA_C1332T_syn	1332.0		0.0287	0.0287
28	HA_T1491C_syn	1491.0		0.0134	0.0134
27	PA_A1633G_I545V	1633.0		0.0104	0.0104
29	HA_A1678G_I560V	1678.0		0.0144	0.0144
2	PB1_G1785A_syn	1785.0	0.0172	0.0143	0.01575
13	PA_C1873A_P625T	1873.0	0.0255	0.0364	0.03095
14	PA_C1931G_S644C	1931.0	0.0142		0.0142
15	PA_C1965A_syn	1965.0	0.9994	0.9998	1.0
16	PA_G2062A_E688K	2062.0	0.0105		0.0105
3	PB1_C2076T_syn	2076.0	0.0156	0.0145	0.015050000000000001
4	PB1_T2188G_F730V	2188.0	0.0134	0.0136	0.0135
