	SNP	POS_x	rep1_percent	rep2_percent	%
33	PB1_G4A_D2N	4.0		0.0229	0.0229
0	PB2_G178A_D60N	178.0	0.0139		0.0139
50	HA_A246G_syn	246.0		0.0101	0.0101
25	PB2_A299G_N100S	299.0		0.0356	0.0356
45	PA_T309C_syn	309.0		0.0148	0.0148
8	HA_C432A_D144E	432.0	0.26780000000000004	0.2561	0.26195
9	HA_A436G_N146D	436.0	0.0202	0.0207	0.02045
10	HA_G442A_G148S	442.0	0.0104	0.0106	0.010499999999999999
23	NS1_G459A_syn	459.0	0.0174	0.0167	0.01705
11	HA_A475G_K159E	475.0	0.0342	0.0257	0.02995
1	PB2_G481A_D161N	481.0	0.0262		0.0262
12	HA_A513G_syn	513.0	0.019	0.0177	0.018349999999999998
13	HA_G515A_G172E	515.0	0.055	0.0584	0.0567
26	PB2_T541C_S181P	541.0		0.0159	0.0159
14	HA_T598C_S200P	598.0	0.2663	0.2505	0.25839999999999996
6	PA_T621C_syn	621.0	0.0124		0.0124
15	HA_C622A_L208I	622.0	0.26780000000000004	0.2789	0.27335
7	PA_A624G_syn	624.0	0.07200000000000001	0.0441	0.058050000000000004
34	PB1_A627T_K209N	627.0		0.0218	0.0218
16	HA_C635A_A212E	635.0	0.0237	0.025	0.02435
17	HA_A640G_T214A	640.0	0.0436	0.0436	0.0436
18	HA_A677C_K226T	677.0	0.0256	0.0238	0.0247
24	NEP_G685A_syn	685.0	0.0128		0.0128
19	HA_C695T_A232V	695.0	0.0248	0.0159	0.02035
27	PB2_G696A_syn	696.0		0.0187	0.0187
3	PB1_G735A_syn	735.0	0.022	0.0292	0.025599999999999998
28	PB2_G757A_D253N	757.0		0.0274	0.0274
21	NP_C765T_syn	765.0	0.0138		0.0138
20	HA_C839T_S280F	839.0	0.0159	0.0148	0.01535
4	PB1_A871G_T291A	871.0	0.0269		0.0269
22	NP_G885A_syn	885.0	0.0212	0.021	0.0211
35	PB1_G912A_syn	912.0		0.041100000000000005	0.041100000000000005
36	PB1_A1039G_K347E	1039.0		0.0219	0.0219
29	PB2_G1103T_R368I	1103.0		0.034	0.034
37	PB1_C1132T_syn	1132.0		0.0175	0.0175
38	PB1_T1226C_M409T	1226.0		0.0124	0.0124
30	PB2_C1338T_syn	1338.0		0.0287	0.0287
46	PA_C1364G_A455G	1364.0		0.016	0.016
47	PA_T1390C_Y464H	1390.0		0.0131	0.0131
48	PA_G1671A_syn	1671.0		0.015	0.015
39	PB1_G1691A_G564E	1691.0		0.0105	0.0105
31	PB2_G1699A_D567N	1699.0		0.0373	0.0373
5	PB1_A1824G_syn	1824.0	0.0116		0.0116
32	PB2_G1884A_syn	1884.0		0.0323	0.0323
40	PB1_A1960G_S654G	1960.0		0.0237	0.0237
2	PB2_C1974T_syn	1974.0	0.0118		0.0118
41	PB1_T1992C_syn	1992.0		0.02	0.02
49	PA_T2034C_syn	2034.0		0.0116	0.0116
42	PB1_C2123A_P708Q	2123.0		0.0161	0.0161
43	PB1_A2147G_E716G	2147.0		0.0116	0.0116
44	PB1_C2167A_syn	2167.0		0.0107	0.0107
