	SNP	POS_x	rep1_percent	rep2_percent	%
2	HA_A270G_syn	270.0	0.0107		0.0107
0	PB2_T345C_syn	345.0	0.0147	0.014	0.01435
9	NA_A390G_syn	390.0	0.0901	0.1139	0.10200000000000001
10	PB2_C390T_syn	390.0		0.0113	0.0113
3	HA_A478G_S160G	478.0	0.0133		0.0133
4	HA_C577T_syn	577.0	0.0139		0.0139
11	HA_A689G_E230G	689.0		0.147	0.147
12	HA_G721A_E241K	721.0		0.0394	0.0394
5	HA_G902T_G301V	902.0	0.0131		0.0131
6	HA_C1163T_A388V	1163.0	0.0191		0.0191
7	HA_G1188A_syn	1188.0	0.0407		0.0407
13	HA_G1386A_syn	1386.0		0.096	0.096
1	PB2_G1413A_syn	1413.0	0.0339	0.0369	0.0354
8	NP_C1478A_A493E	1478.0	0.0108		0.0108
