	SNP	POS_x	rep1_percent	rep2_percent	%
2	NP_G568A_A190T	568.0	0.0171	0.0204	0.018750000000000003
1	HA_G1188A_syn	1188.0	0.0435	0.0767	0.0601
3	HA_C1223T_T408I	1223.0		0.0225	0.0225
0	PB2_G1413A_syn	1413.0	0.1673	0.17670000000000002	0.17200000000000001
