	SNP	POS_x	rep1_percent	rep2_percent	%
11	PA_G4A_E2K	4.0		0.0159	0.0159
6	PB2_G25A_D9N	25.0		0.0134	0.0134
21	NP_G149A_S50N	149.0		0.0136	0.0136
12	PA_T185C_I62T	185.0		0.0183	0.0183
16	HA_T256A_S86T	256.0		0.1229	0.1229
17	HA_C257T_S86L	257.0		0.1215	0.1215
18	HA_C259T_L87F	259.0		0.1208	0.1208
13	PA_G372T_syn	372.0		0.0903	0.0903
19	HA_A547C_I183L	547.0		0.0243	0.0243
14	PA_G565A_D189N	565.0		0.0129	0.0129
2	HA_A611T_D204V	611.0	0.0621		0.0621
3	HA_G721A_E241K	721.0	0.2254	0.2997	0.26255
7	PB2_G729A_M243I	729.0		0.0107	0.0107
5	NEP_T834G_I121S	834.0	0.01		0.01
15	PA_C1002T_syn	1002.0		0.016200000000000003	0.016200000000000003
4	NA_A1182G_syn	1182.0	0.0206		0.0206
20	HA_G1188A_syn	1188.0		0.13449999999999998	0.13449999999999998
8	PB2_G1413A_syn	1413.0		0.1586	0.1586
9	PB2_A1570G_T524A	1570.0		0.0423	0.0423
1	PA_T1972C_F658L	1972.0	0.0591	0.052000000000000005	0.05555
10	PB2_C1977T_syn	1977.0		0.0106	0.0106
0	PB2_C2002A_L668I	2002.0	0.08109999999999999		0.08109999999999999
