	SNP	POS_x	rep1_percent	rep2_percent	%
15	HA_G24A_syn	24.0		0.0254	0.0254
4	PA_A28G_N10D	28.0	0.0821		0.0821
5	PA_A94G_T32A	94.0	0.0534		0.0534
0	PB2_A98G_K33R	98.0	0.1132		0.1132
1	PB2_G153A_M51I	153.0	0.0541		0.0541
16	HA_A316T_T106S	316.0		0.0177	0.0177
19	NS1_T335C_I112T	335.0		0.013500000000000002	0.013500000000000002
17	HA_A425G_N142S	425.0		0.08689999999999999	0.08689999999999999
12	PB2_T438C_syn	438.0		0.0144	0.0144
13	PB2_G612A_syn	612.0		0.0635	0.0635
18	HA_A619G_S207G	619.0		0.0228	0.0228
7	HA_C777A_F259L	777.0	0.0154		0.0154
8	HA_A795G_syn	795.0	0.0432		0.0432
6	PA_C812A_P271H	812.0	0.013500000000000002		0.013500000000000002
9	HA_A864G_syn	864.0	0.0116		0.0116
14	PA_G1326A_syn	1326.0		0.0292	0.0292
2	PB2_G1413A_syn	1413.0	0.1567	0.2594	0.20805
10	HA_C1464T_syn	1464.0	0.0104		0.0104
11	HA_A1483G_S495G	1483.0	0.0144		0.0144
3	PB2_A1675C_I559L	1675.0	0.0732		0.0732
