	SNP	POS_x	rep1_percent	rep2_percent	%
0	PB2_G8A_R3K	8.0	0.0124		0.0124
9	PA_G13A_V5M	13.0	0.011		0.011
29	PB2_G33T_M11I	33.0		0.0544	0.0544
7	PB1_C66T_syn	66.0	0.0592		0.0592
1	PB2_C68A_T23N	68.0	0.0119		0.0119
25	NP_G149A_S50N	149.0	0.011200000000000002	0.014	0.0126
30	PB2_G178A_D60N	178.0		0.0421	0.0421
41	PB1_A209G_D70G	209.0		0.0636	0.0636
31	PB2_C323T_T108I	323.0		0.0296	0.0296
46	PA_C351T_syn	351.0		0.0177	0.0177
42	PB1_G354A_syn	354.0		0.0437	0.0437
43	PB1_T365C_L122P	365.0		0.0573	0.0573
10	PA_G403A_A135T	403.0	0.0124		0.0124
16	HA_C432A_D144E	432.0	0.2125	0.2295	0.221
17	HA_A436G_N146D	436.0	0.0131	0.0227	0.0179
32	PB2_G481A_D161N	481.0		0.0163	0.0163
33	PB2_C504T_syn	504.0		0.047699999999999985	0.047699999999999985
2	PB2_C506A_P169Q	506.0	0.027000000000000003		0.027000000000000003
18	HA_G515A_G172E	515.0	0.3815	0.378	0.37975000000000003
47	PA_T531C_syn	531.0		0.0138	0.0138
34	PB2_G582T_Q194H	582.0		0.0168	0.0168
19	HA_T598C_S200P	598.0	0.1997	0.2237	0.2117
20	HA_C622A_L208I	622.0	0.4562	0.4616	0.4589
11	PA_A624G_syn	624.0	0.0152		0.0152
21	HA_A640G_T214A	640.0	0.0264	0.0238	0.0251
22	HA_G715A_D239N	715.0	0.017	0.0165	0.01675
23	HA_A716G_D239G	716.0	0.0259	0.0256	0.025750000000000002
12	PA_C740T_S247F	740.0	0.013		0.013
27	M1_G756A_syn	756.0	0.0182	0.024	0.0211
28	M2_G756A_S23N	756.0	0.0182	0.024	0.0211
3	PB2_G766A_D256N	766.0	0.0212		0.0212
13	PA_T816A_D272E	816.0	0.0134		0.0134
14	PA_T854A_M285K	854.0	0.0328	0.0284	0.030600000000000002
8	PB1_A871G_T291A	871.0	0.6557999999999999	0.5841	0.61995
26	NP_G885A_syn	885.0	0.0165	0.0201	0.0183
4	PB2_T890C_I297T	890.0	0.0196		0.0196
48	PA_G900A_syn	900.0		0.0119	0.0119
44	PB1_G1056A_syn	1056.0		0.012	0.012
5	PB2_T1098C_syn	1098.0	0.0347		0.0347
49	PA_C1108A_L370I	1108.0		0.0252	0.0252
35	PB2_G1128A_syn	1128.0		0.0383	0.0383
45	PB1_A1172G_K391R	1172.0		0.0646	0.0646
50	PA_A1181G_D394G	1181.0		0.0106	0.0106
51	PA_G1294A_V432I	1294.0		0.0218	0.0218
36	PB2_C1398G_D466E	1398.0		0.0236	0.0236
24	HA_A1402G_S468G	1402.0	0.0142	0.0189	0.016550000000000002
53	HA_A1502C_Y501S	1502.0		0.0136	0.0136
52	PA_G1639A_D547N	1639.0		0.016200000000000003	0.016200000000000003
37	PB2_A1705G_T569A	1705.0		0.0543	0.0543
38	PB2_G1710A_M570I	1710.0		0.0103	0.0103
15	PA_C1818T_syn	1818.0	0.0141		0.0141
39	PB2_G1908T_L636F	1908.0		0.0156	0.0156
40	PB2_G1935T_L645F	1935.0		0.0103	0.0103
6	PB2_C1974T_syn	1974.0	0.0294	0.0319	0.030649999999999997
