	SNP	POS_x	rep1_percent	rep2_percent	%
3	NP_G568A_A190T	568	0.0172	0.0248	0.020999999999999998
4	NEP_T834G_I121S	834	0.0101		0.0101
2	HA_G1188A_syn	1188	0.0864	0.153	0.1197
0	PB2_G1413A_syn	1413	0.1744	0.17739999999999995	0.17589999999999997
1	PB2_C2274A_syn	2274	0.0126		0.0126
