	SNP	POS_x	rep1_percent	rep2_percent	%
16	NA_A87C_syn	87.0	0.0213		0.0213
19	NS1_C106A_L36I	106.0	0.0883	0.0873	0.0878
26	PA_A120C_syn	120.0		0.011	0.011
2	HA_C125T_T42I	125.0	0.0127		0.0127
17	M1_T162G_syn	162.0	0.0109	0.0119	0.0114
20	PB2_G178A_D60N	178.0		0.011200000000000002	0.011200000000000002
21	PB2_C180G_D60E	180.0		0.011	0.011
13	NP_G367T_A123S	367.0	0.0277	0.029300000000000007	0.028500000000000004
3	HA_G373A_V125M	373.0	0.0193		0.0193
14	NP_G568A_A190T	568.0	0.0156	0.0258	0.0207
4	HA_C659A_T220K	659.0	0.012		0.012
0	PA_T678C_syn	678.0	0.1988	0.2286	0.2137
22	PB2_G690A_syn	690.0		0.0483	0.0483
23	PB2_G693T_syn	693.0		0.0184	0.0184
5	HA_G701A_R234K	701.0	0.0244		0.0244
6	HA_G721A_E241K	721.0	0.0129		0.0129
7	HA_A722G_E241G	722.0	0.0318		0.0318
27	HA_G751A_V251I	751.0		0.1142	0.1142
30	NA_T868G_C290G	868.0		0.0101	0.0101
18	M2_G896A_E70K	896.0	0.0197	0.0193	0.0195
24	PB2_A958G_S320G	958.0		0.0264	0.0264
1	PA_A991G_N331D	991.0	0.0279		0.0279
8	HA_A1064G_E355G	1064.0	0.0252		0.0252
28	HA_A1147G_K383E	1147.0		0.016200000000000003	0.016200000000000003
9	HA_G1188A_syn	1188.0	0.0513	0.3037	0.17750000000000002
29	NP_C1290A_S430R	1290.0		0.012	0.012
15	NP_G1351T_A451S	1351.0	0.0193	0.0206	0.019950000000000002
10	HA_A1379T_K460M	1379.0	0.0241		0.0241
25	PB2_G1413A_syn	1413.0		0.0961	0.0961
11	HA_T1452C_syn	1452.0	0.0147		0.0147
12	HA_C1678A_L560I	1678.0	0.0107		0.0107
