	SNP	POS_x	rep1_percent	rep2_percent	%
26	HA_T191C_V64A	191.0		0.139	0.139
22	PA_A240T_E80D	240.0		0.0433	0.0433
23	PA_G258T_M86I	258.0		0.013500000000000002	0.013500000000000002
0	PA_G403A_A135T	403.0	0.2381		0.2381
15	PB2_T438C_syn	438.0		0.0113	0.0113
3	HA_G454T_A152S	454.0	0.0176		0.0176
21	PB1_A468T_syn	468.0		0.0298	0.0298
4	HA_C525T_syn	525.0	0.0136		0.0136
5	HA_C537A_N179K	537.0	0.0603		0.0603
6	HA_A611T_D204V	611.0	0.0466		0.0466
16	PB2_G612A_syn	612.0		0.075	0.075
7	HA_A619C_S207R	619.0	0.0211	0.0113	0.0162
27	HA_T645A_Y215*	645.0		0.1324	0.1324
28	HA_C662T_S221L	662.0		0.1525	0.1525
8	HA_G721A_E241K	721.0	0.0336		0.0336
9	HA_A722G_E241G	722.0	0.1211		0.1211
10	HA_A795G_syn	795.0	0.0483		0.0483
17	PB2_T842C_L281S	842.0		0.0584	0.0584
29	HA_A931G_N311D	931.0		0.155	0.155
11	HA_A943G_I315V	943.0	0.0552		0.0552
30	HA_A965G_K322R	965.0		0.129	0.129
12	HA_A1243G_N415D	1243.0	0.015		0.015
1	PA_G1326A_syn	1326.0	0.1765	0.0254	0.10095
24	PA_T1351G_S451A	1351.0		0.0101	0.0101
18	PB2_G1413A_syn	1413.0		0.2432	0.2432
13	HA_T1462C_C488R	1462.0	0.029900000000000006		0.029900000000000006
14	HA_C1665T_syn	1665.0	0.0369		0.0369
2	PA_C1818T_syn	1818.0	0.0582		0.0582
19	PB2_A1843G_I615V	1843.0		0.0201	0.0201
25	PA_A1902G_syn	1902.0		0.0103	0.0103
20	PB2_T2028A_syn	2028.0		0.0123	0.0123
