	SNP	POS_x	rep1_percent	rep2_percent	%
21	NA_A87C_syn	87.0	0.1223		0.1223
23	NS1_C106A_L36I	106.0	0.0515	0.0416	0.046549999999999994
37	PA_A120C_syn	120.0		0.0101	0.0101
10	NP_A143G_K48R	143.0	0.0126	0.0139	0.01325
11	NP_G149A_S50N	149.0	0.0291	0.0213	0.0252
24	PB2_G178A_D60N	178.0		0.0149	0.0149
25	PB2_C180G_D60E	180.0		0.0149	0.0149
1	HA_T214A_C72S	214.0	0.0473		0.0473
12	NP_A475C_M159L	475.0	0.0119	0.018000000000000002	0.014950000000000001
42	HA_A509G_K170R	509.0		0.0131	0.0131
43	HA_G561A_syn	561.0		0.041100000000000005	0.041100000000000005
13	NP_G568A_A190T	568.0	0.0128	0.0131	0.01295
44	HA_G574A_V192M	574.0		0.0971	0.0971
2	HA_A619C_S207R	619.0	0.0328		0.0328
3	HA_T621G_S207R	621.0	0.1888	0.857	0.5229
0	PA_T678C_syn	678.0	0.5224	0.3194	0.4209
26	PB2_G690A_syn	690.0		0.015700000000000002	0.015700000000000002
27	PB2_G693T_syn	693.0		0.0194	0.0194
4	HA_G721A_E241K	721.0	0.1203		0.1203
5	HA_A766G_K256E	766.0	0.027000000000000003		0.027000000000000003
31	PB1_C839G_A280G	839.0		0.0107	0.0107
14	NP_C847A_L283I	847.0	0.0329	0.0321	0.0325
6	HA_C870A_H290Q	870.0	0.023		0.023
32	PB1_A871G_T291A	871.0		0.011200000000000002	0.011200000000000002
22	M2_G896A_E70K	896.0	0.0146	0.0163	0.015449999999999998
33	PB1_C955T_syn	955.0		0.0295	0.0295
34	PB1_G980A_R327K	980.0		0.0147	0.0147
15	NP_T1005C_syn	1005.0	0.0102		0.0102
45	HA_C1024T_Q342*	1024.0		0.0784	0.0784
38	PA_C1077T_syn	1077.0		0.0107	0.0107
16	NP_C1290A_S430R	1290.0	0.0352	0.045700000000000005	0.04045
17	NP_G1330A_V444I	1330.0	0.0253	0.0269	0.026099999999999998
18	NP_G1351T_A451S	1351.0	0.0336	0.0443	0.03895
19	NP_C1358T_P453L	1358.0	0.0125	0.0109	0.0117
28	PB2_G1413A_syn	1413.0		0.07780000000000001	0.07780000000000001
20	NP_G1453A_G485R	1453.0	0.0629	0.0579	0.060399999999999995
29	PB2_A1463G_Y488C	1463.0		0.0101	0.0101
35	PB1_G1464A_syn	1464.0		0.0215	0.0215
39	PA_C1603T_H535Y	1603.0		0.013	0.013
7	HA_G1629A_syn	1629.0	0.0102		0.0102
8	HA_A1647G_syn	1647.0	0.0416		0.0416
9	HA_C1678A_L560I	1678.0	0.013		0.013
40	PA_A1786G_I596V	1786.0		0.011200000000000002	0.011200000000000002
36	PB1_G2009A_R670K	2009.0		0.0257	0.0257
30	PB2_G2061A_syn	2061.0		0.0171	0.0171
41	PA_T2080C_syn	2080.0		0.0345	0.0345
