	SNP	POS_x	rep1_percent	rep2_percent	%
15	NA_G18T_K6N	18.0	0.0309		0.0309
1	HA_G159A_syn	159.0	0.0121		0.0121
2	HA_T204C_syn	204.0	0.0128		0.0128
23	NP_C264T_syn	264.0		0.0116	0.0116
3	HA_C269A_A90E	269.0	0.0146		0.0146
4	HA_G278A_W93*	278.0	0.015		0.015
20	HA_T287A_I96N	287.0		0.1238	0.1238
5	HA_G442A_G148S	442.0	0.014		0.014
18	NS1_T539G_V180G	539.0	0.0154	0.0169	0.016149999999999998
19	NEP_T539G_S23A	539.0	0.0154	0.0169	0.016149999999999998
13	NP_G568A_A190T	568.0	0.0421	0.0438	0.04295
6	HA_C622A_L208I	622.0	0.018500000000000003		0.018500000000000003
7	HA_C695T_A232V	695.0	0.016399999999999998		0.016399999999999998
8	HA_A697G_T233A	697.0	0.012		0.012
9	HA_A722G_E241G	722.0	0.0195		0.0195
16	M1_G741A_syn	741.0	0.08199999999999999	0.0821	0.08205
17	M2_G741A_R18K	741.0	0.08199999999999999	0.0821	0.08205
10	HA_G1146A_syn	1146.0	0.0215		0.0215
11	HA_G1188A_syn	1188.0	0.0633	0.0547	0.059
21	HA_A1217G_Q406R	1217.0		0.17559999999999998	0.17559999999999998
14	NP_T1217C_I406T	1217.0	0.0179	0.0156	0.01675
12	HA_G1225A_A409T	1225.0	0.0102		0.0102
0	PB2_G1413A_syn	1413.0	0.32659999999999995	0.3185	0.32255
22	HA_G1593A_syn	1593.0		0.0689	0.0689
