	SNP	POS_x	rep1_percent	rep2_percent	%
0	PB2_A53G_E18G	53.0	0.0121		0.0121
4	HA_G76A_A26T	76.0	0.0189	0.0672	0.04305
5	HA_A183T_syn	183.0	0.0111		0.0111
32	HA_G185A_R62K	185.0		0.0175	0.0175
38	NA_G284T_S95I	284.0		0.01	0.01
33	HA_A477G_syn	477.0		0.064	0.064
6	HA_A536G_N179S	536.0	0.0142		0.0142
7	HA_C537A_N179K	537.0	0.0252		0.0252
31	NEP_T539G_S23A	539.0	0.1655		0.1655
30	NS1_T539G_V180G	539.0	0.1655		0.1655
8	HA_C542T_T181I	542.0	0.0372	0.0741	0.05565
25	NP_G568A_A190T	568.0	0.0189	0.0202	0.019549999999999998
3	PB1_C582A_N194K	582.0	0.0144	0.0119	0.01315
9	HA_A619C_S207R	619.0	0.0191		0.0191
10	HA_T621A_S207R	621.0	0.0114		0.0114
11	HA_C622A_L208I	622.0	0.0212		0.0212
26	NP_G649A_V217I	649.0	0.0125	0.0105	0.0115
12	HA_A708G_syn	708.0	0.0108		0.0108
34	HA_G711A_syn	711.0		0.07780000000000001	0.07780000000000001
13	HA_G721A_E241K	721.0	0.0147		0.0147
14	HA_A722G_E241G	722.0	0.226	0.3282	0.2771
29	M2_G741A_R18K	741.0	0.013	0.0151	0.01405
28	M1_G741A_syn	741.0	0.013	0.0151	0.01405
15	HA_A997T_T333S	997.0	0.011200000000000002		0.011200000000000002
16	HA_T1020C_syn	1020.0	0.0103		0.0103
35	HA_T1143C_syn	1143.0		0.0702	0.0702
17	HA_G1146A_syn	1146.0	0.0401		0.0401
18	HA_A1181G_N394S	1181.0	0.0147		0.0147
19	HA_G1188A_syn	1188.0	0.1875	0.2632	0.22535
27	NP_T1217C_I406T	1217.0	0.165	0.16690000000000002	0.16595000000000001
36	HA_G1218A_syn	1218.0		0.0794	0.0794
20	HA_A1255C_K419Q	1255.0	0.016399999999999998		0.016399999999999998
21	HA_G1349A_R450K	1349.0	0.0139		0.0139
37	HA_G1407A_syn	1407.0		0.0662	0.0662
1	PB2_G1413A_syn	1413.0	0.34869999999999995	0.34700000000000003	0.34785
22	HA_T1503G_Y501*	1503.0	0.0114		0.0114
23	HA_A1523G_E508G	1523.0	0.0124		0.0124
24	HA_C1678A_L560I	1678.0	0.0151		0.0151
2	PB2_T2261G_I754S	2261.0	0.0107		0.0107
