	SNP	POS_x	rep1_percent	rep2_percent	%
25	NA_A17G_K6R	17.0	0.0238		0.0238
21	NP_T84A_syn	84.0	0.0168	0.0165	0.016649999999999998
3	PA_C90T_syn	90.0	0.0575		0.0575
22	NP_G149A_S50N	149.0	0.0713	0.0859	0.0786
2	PB1_A171G_syn	171.0	0.0192		0.0192
23	NP_G309A_syn	309.0	0.0281	0.0249	0.0265
36	PB1_T332C_M111T	332.0		0.0266	0.0266
26	NA_T419C_L140P	419.0	0.0133		0.0133
4	PA_A431G_H144R	431.0	0.0641		0.0641
12	HA_C432A_D144E	432.0	0.6823999999999999	0.7020000000000001	0.6921999999999999
13	HA_G435T_syn	435.0	0.0105		0.0105
30	NS1_G459A_syn	459.0	0.0824	0.0607	0.07155
33	PB2_G481A_D161N	481.0		0.4104	0.4104
32	NEP_A531G_Q20R	531.0	0.0619	0.0524	0.05715
31	NS1_A531G_syn	531.0	0.0619	0.0524	0.05715
34	PB2_G562A_E188K	562.0		0.1059	0.1059
35	PB2_A563G_E188G	563.0		0.1079	0.1079
14	HA_T598C_S200P	598.0	0.6707	0.6581999999999999	0.66445
15	HA_C622A_L208I	622.0	0.0471	0.0552	0.05115
5	PA_A624G_syn	624.0	0.1563	0.1987	0.1775
16	HA_A640G_T214A	640.0	0.0132	0.0127	0.01295
42	NEP_G685A_syn	685.0		0.0113	0.0113
38	PA_T698C_V233A	698.0		0.0376	0.0376
17	HA_G715A_D239N	715.0	0.119	0.0982	0.1086
18	HA_A716G_D239G	716.0	0.2215	0.2455	0.23349999999999999
6	PA_T726C_syn	726.0	0.0326		0.0326
7	PA_G730T_G244C	730.0	0.1437		0.1437
19	HA_C839T_S280F	839.0	0.0136	0.0111	0.01235
37	PB1_A871G_T291A	871.0		0.0967	0.0967
24	NP_G885A_syn	885.0	0.0659	0.0593	0.0626
27	NA_G912A_syn	912.0	0.0156		0.0156
8	PA_G1020A_syn	1020.0	0.016399999999999998		0.016399999999999998
20	HA_G1071T_syn	1071.0	0.0127	0.0113	0.012
41	NA_C1092T_syn	1092.0		0.0121	0.0121
28	NA_G1131A_syn	1131.0	0.0101		0.0101
0	PB2_C1170T_syn	1170.0	0.0101		0.0101
29	NA_G1359A_syn	1359.0	0.019		0.019
9	PA_A1490G_K497R	1490.0	0.014		0.014
39	PA_T1584A_syn	1584.0		0.0936	0.0936
10	PA_C1709A_T570N	1709.0	0.0236		0.0236
40	PA_G1910A_C637Y	1910.0		0.0897	0.0897
11	PA_T2128C_F710L	2128.0	0.0176		0.0176
1	PB2_C2263T_R755W	2263.0	0.8081999999999999		0.8081999999999999
