	SNP	POS_x	rep1_percent	rep2_percent	%
18	NA_G45A_M15I	45.0		0.0128	0.0128
19	NA_T56C_M19T	56.0		0.0513	0.0513
13	M1_G105A_syn	105.0	0.0527	0.0512	0.051949999999999996
11	NA_C179T_T60I	179.0	0.0123		0.0123
20	NA_T254C_L85S	254.0		0.0119	0.0119
14	PA_G306A_syn	306.0		0.0119	0.0119
21	NA_T327G_syn	327.0		0.0249	0.0249
1	HA_G390A_syn	390.0	0.0353		0.0353
22	NA_C461T_P154L	461.0		0.0107	0.0107
15	HA_A536C_N179T	536.0		0.0273	0.0273
26	NS1_T539G_V180G	539.0		0.1652	0.1652
27	NEP_T539G_S23A	539.0		0.1652	0.1652
2	HA_C542T_T181I	542.0	0.0606		0.0606
10	NP_G568A_A190T	568.0	0.0304	0.0331	0.03175
3	HA_A611T_D204V	611.0	0.0527		0.0527
4	HA_G721A_E241K	721.0	0.0619		0.0619
5	HA_A722G_E241G	722.0	0.1307	0.0544	0.09255000000000001
12	NA_G780A_syn	780.0	0.0127		0.0127
6	HA_G836A_G279E	836.0	0.0487		0.0487
23	NA_C918T_syn	918.0		0.0122	0.0122
24	NA_G1033A_G345R	1033.0		0.0255	0.0255
16	HA_G1125A_syn	1125.0		0.2035	0.2035
7	HA_T1175C_I392T	1175.0	0.0673		0.0673
8	HA_G1188A_syn	1188.0	0.17010000000000006	0.1029	0.13650000000000004
17	HA_C1223T_T408I	1223.0		0.3533	0.3533
25	NA_G1270A_V424I	1270.0		0.0109	0.0109
9	HA_G1407A_syn	1407.0	0.049		0.049
0	PB2_G1413A_syn	1413.0	0.1685	0.1958	0.18215
