	SNP	POS_x	rep1_percent	rep2_percent	%
4	NS1_C106A_L36I	106.0	0.2338	0.2101	0.22195
3	M1_T162G_syn	162.0	0.0729	0.066	0.06945000000000001
8	HA_T204G_H68Q	204.0		0.049100000000000005	0.049100000000000005
9	HA_G514A_G172R	514.0		0.0175	0.0175
2	NP_G568A_A190T	568.0	0.0996	0.1096	0.1046
5	PB2_G690A_syn	690.0		0.0264	0.0264
6	PB2_G883A_V295M	883.0		0.0391	0.0391
0	HA_G1188A_syn	1188.0	0.1187	0.0711	0.0949
7	PB2_G1413A_syn	1413.0		0.0909	0.0909
10	HA_C1437A_N479K	1437.0		0.0415	0.0415
1	HA_A1468G_N490D	1468.0	0.0139		0.0139
