	SNP	POS_x	rep1_percent	rep2_percent	%
19	PA_C39A_syn	39.0	0.1449	0.1693	0.15710000000000002
39	PB1_C43A_Q15K	43.0		0.0495	0.0495
40	PB1_C50A_A17D	50.0		0.0115	0.0115
20	PA_T89C_I30T	89.0	0.16260000000000002	0.1834	0.17300000000000001
51	NP_C108T_syn	108.0		0.0114	0.0114
5	PB1_A138C_syn	138.0	0.011		0.011
47	PA_C201T_syn	201.0		0.0119	0.0119
36	PB2_C202T_P68S	202.0		0.0125	0.0125
0	PB2_G205A_E69K	205.0	0.0137		0.0137
6	PB1_A213G_syn	213.0	0.0552		0.0552
27	HA_C234T_syn	234.0	0.0104		0.0104
1	PB2_T272C_V91A	272.0	0.0708	0.0265	0.04865
2	PB2_A312T_syn	312.0	0.0119		0.0119
32	NS1_A329G_K110R	329.0	0.014	0.0119	0.01295
37	PB2_C412G_Q138E	412.0		0.0395	0.0395
7	PB1_G424A_A142T	424.0	0.0102		0.0102
28	HA_C432A_D144E	432.0	0.1561	0.1598	0.15794999999999998
29	HA_A436G_N146D	436.0	0.0383	0.0346	0.036449999999999996
30	HA_G442A_G148S	442.0	0.0273	0.0252	0.026250000000000002
8	PB1_A451T_R151*	451.0	0.0505		0.0505
34	NEP_T521C_S17P	521.0	0.06509999999999999	0.0618	0.06344999999999999
33	NS1_T521C_V174A	521.0	0.06509999999999999	0.0618	0.06344999999999999
9	PB1_G531A_syn	531.0	0.0268		0.0268
41	PB1_G566A_R189K	566.0		0.0588	0.0588
31	HA_T598C_S200P	598.0	0.1597	0.15560000000000002	0.15765
10	PB1_A625G_K209E	625.0	0.0483		0.0483
35	NEP_G685A_syn	685.0	0.0562	0.05980000000000001	0.05800000000000001
21	PA_C720A_syn	720.0	0.032400000000000005	0.0812	0.0568
11	PB1_A747G_syn	747.0	0.0302		0.0302
42	PB1_T854C_V285A	854.0		0.0146	0.0146
22	PA_C974T_P325L	974.0	0.0318		0.0318
43	PB1_A1059G_syn	1059.0		0.033	0.033
12	PB1_G1120A_A374T	1120.0	0.033		0.033
48	PA_A1212G_syn	1212.0		0.0236	0.0236
3	PB2_C1252A_L418M	1252.0	0.0287	0.0946	0.06165
23	PA_A1282C_I428L	1282.0	0.0172		0.0172
38	PB2_C1296T_syn	1296.0		0.0151	0.0151
24	PA_A1330G_N444D	1330.0	0.0129		0.0129
49	PA_T1376C_I459T	1376.0		0.0229	0.0229
13	PB1_T1469C_F490S	1469.0	0.0196		0.0196
14	PB1_A1573G_I525V	1573.0	0.0174		0.0174
15	PB1_G1587A_syn	1587.0	0.0374	0.0405	0.03895
44	PB1_T1617C_syn	1617.0		0.016200000000000003	0.016200000000000003
16	PB1_G1842T_E614D	1842.0	0.0201		0.0201
17	PB1_G1874T_C625F	1874.0	0.0108		0.0108
45	PB1_C1879T_P627S	1879.0		0.08349999999999999	0.08349999999999999
4	PB2_C1974T_syn	1974.0	0.2355	0.1293	0.1824
50	PA_G2010A_syn	2010.0		0.0222	0.0222
25	PA_G2051A_G684E	2051.0	0.5	0.5571	0.5285500000000001
26	PA_C2070A_syn	2070.0	0.0109		0.0109
18	PB1_T2127C_syn	2127.0	0.0153		0.0153
46	PB1_A2230G_M744V	2230.0		0.08869999999999999	0.08869999999999999
