	SNP	POS_x	rep1_percent	rep2_percent	%
13	HA_T30C_syn	30.0		0.0308	0.0308
12	PA_C169A_syn	169.0		0.0101	0.0101
2	HA_C317A_T106K	317.0	0.0133		0.0133
10	NA_T375A_syn	375.0	0.0153		0.0153
3	HA_G430A_D144N	430.0	0.0221		0.0221
4	HA_A530G_K177R	530.0	0.0192		0.0192
15	NP_G568A_A190T	568.0		0.0107	0.0107
14	HA_G583A_G195S	583.0		0.4187	0.4187
5	HA_T846C_syn	846.0	0.0148		0.0148
6	HA_A976G_S326G	976.0	0.0193		0.0193
11	NA_C1085T_T362I	1085.0	0.0122		0.0122
7	HA_G1188A_syn	1188.0	0.0495		0.0495
1	PB1_G1209A_syn	1209.0	0.0163	0.0199	0.018099999999999998
8	HA_A1261G_I421V	1261.0	0.0177		0.0177
0	PB2_G1413A_syn	1413.0	0.0667	0.0659	0.0663
9	HA_C1570T_P524S	1570.0	0.4509	0.4713000000000001	0.46110000000000007
