	SNP	POS_x	rep1_percent	rep2_percent	%
5	M1_A13C_T5P	13	0.0102		0.0102
6	M2_A13C_T5P	13	0.0102		0.0102
1	PA_A37C_I13L	37	0.0102		0.0102
4	NP_G568A_A190T	568	0.0167	0.0216	0.01915
2	HA_G1188A_syn	1188	0.08	0.0619	0.07095
0	PB2_G1413A_syn	1413	0.177	0.17989999999999998	0.17845
3	HA_C1678A_L560I	1678	0.0125		0.0125
