	SNP	POS_x	rep1_percent	rep2_percent	%
38	PA_C95T_T32I	95.0		0.0611	0.0611
0	PB2_G96A_syn	96.0	0.013500000000000002	0.0166	0.015050000000000001
1	PB2_G209A_R70K	209.0	0.0108		0.0108
42	HA_T237C_syn	237.0		0.0117	0.0117
45	NA_C246G_N82K	246.0		0.0125	0.0125
30	NS1_C253T_P85S	253.0	0.0315	0.0155	0.0235
7	PB1_A270G_syn	270.0	0.579	0.5252	0.5521
46	NA_A271G_N91D	271.0		0.01	0.01
2	PB2_T333C_syn	333.0	0.0139		0.0139
18	NP_G362A_R121K	362.0	0.012		0.012
19	NP_G381A_syn	381.0	0.0165	0.0115	0.014
14	HA_G410A_G137E	410.0	1.0	0.9998	1.0
31	NS1_C436T_syn	436.0	0.5778	0.5897	0.58375
39	PA_G465A_M155I	465.0		0.0273	0.0273
27	M1_G489A_syn	489.0	0.0152	0.0155	0.015349999999999999
32	NS1_G537A_syn	537.0	0.34590000000000004	0.3389	0.34240000000000004
33	NEP_G537A_R22K	537.0	0.34590000000000004	0.3389	0.34240000000000004
20	NP_A571G_M191V	571.0	0.1771	0.1422	0.15965000000000001
35	NEP_G609A_G46E	609.0	0.0329	0.0174	0.02515
34	NS1_G609A_W203*	609.0	0.0329	0.0174	0.02515
28	M1_G629A_R210K	629.0	0.5462	0.5436	0.5448999999999999
8	PB1_C648T_syn	648.0	0.0521	0.0508	0.051449999999999996
29	M1_G655A_V219I	655.0	0.3594	0.3695000000000001	0.36445000000000005
36	NEP_G671A_E67K	671.0	0.0285	0.0245	0.026500000000000003
21	NA_C724T_P242S	724.0	0.0316		0.0316
47	NA_T761A_F254Y	761.0		0.015700000000000002	0.015700000000000002
15	HA_C762T_syn	762.0	0.5478999999999999	0.5189	0.5334
22	NA_A764G_K255R	764.0	0.0937		0.0937
48	NA_C793A_L265M	793.0		0.0109	0.0109
37	NEP_C820T_syn	820.0	0.0181		0.0181
40	PA_C824T_P275L	824.0		0.0103	0.0103
49	NA_T831C_syn	831.0		0.0127	0.0127
11	PA_C862T_syn	862.0	0.9973	1.0	1.0
23	NA_A866G_K289R	866.0	0.9999	1.0	1.0
24	NA_G903A_syn	903.0	0.9996	0.9996	1.0
25	NA_G916A_A306T	916.0	0.9997	0.9996	1.0
26	NA_A1047G_syn	1047.0	0.0167		0.0167
12	PA_A1076G_N359S	1076.0	0.9989	1.0	1.0
13	PA_A1256G_D419G	1256.0	0.029		0.029
43	HA_A1273G_N425D	1273.0		0.0155	0.0155
16	HA_T1324C_syn	1324.0	0.9998	1.0	1.0
41	PA_G1407A_syn	1407.0		0.0105	0.0105
17	HA_C1497T_syn	1497.0	0.9986	1.0	1.0
3	PB2_C1601T_S534F	1601.0	0.014		0.014
44	HA_T1689G_C563W	1689.0		0.0341	0.0341
9	PB1_C1735T_syn	1735.0	0.5787	0.5307	0.5547
10	PB1_A2037G_syn	2037.0	0.5977	0.5537	0.5757
4	PB2_C2083T_syn	2083.0	0.0133		0.0133
5	PB2_G2101A_D701N	2101.0	0.4151	0.4219	0.4185
6	PB2_C2263T_R755W	2263.0	0.0102		0.0102
