	SNP	POS_x	rep1_percent	rep2_percent	%
26	NEP_T7C_S3P	7.0	0.0601	0.0705	0.0653
25	NS1_T7C_S3P	7.0	0.0601	0.0705	0.0653
15	HA_T22C_F8L	22.0	0.0346	0.0263	0.030449999999999998
16	HA_T32C_I11T	32.0	0.0376	0.0274	0.0325
28	PA_C117G_C39W	117.0		0.0195	0.0195
3	PA_G242A_G81E	242.0	0.0116		0.0116
4	PA_A267G_syn	267.0	0.0136		0.0136
29	PA_C345A_N115K	345.0		0.0215	0.0215
5	PA_G372A_syn	372.0	0.0273		0.0273
17	HA_G410A_G137E	410.0	0.9993	0.9987	1.0
27	NS1_T411C_syn	411.0	0.032400000000000005	0.0316	0.032
18	HA_A528G_syn	528.0	0.0406	0.0388	0.0397
30	PA_G592A_E198K	592.0		0.0497	0.0497
6	PA_G674T_S225I	674.0	0.047699999999999985		0.047699999999999985
0	PB2_A877G_R293G	877.0	0.015700000000000002	0.0127	0.0142
19	HA_G880A_G294R	880.0	0.0101	0.012	0.01105
22	NA_G903A_syn	903.0	0.9998	0.9998	1.0
23	NA_G916A_A306T	916.0	0.9998	0.9998	1.0
31	PA_A954G_syn	954.0		0.0155	0.0155
32	PA_T966C_syn	966.0		0.0274	0.0274
33	PA_A1069G_T357A	1069.0		0.0234	0.0234
7	PA_A1095C_Q365H	1095.0	0.011200000000000002		0.011200000000000002
8	PA_G1144T_E382*	1144.0	0.0207		0.0207
24	NA_T1212C_syn	1212.0	0.0159	0.0137	0.0148
9	PA_G1319A_S440N	1319.0	0.011		0.011
20	HA_T1324C_syn	1324.0	0.9998	0.9994	1.0
10	PA_A1433G_D478G	1433.0	0.0156		0.0156
21	HA_C1497T_syn	1497.0	1.0	1.0	1.0
11	PA_T1511C_I504T	1511.0	0.018000000000000002		0.018000000000000002
12	PA_A1633G_I545V	1633.0	0.0159		0.0159
13	PA_A1826G_K609R	1826.0	0.024		0.024
14	PA_A1942G_S648G	1942.0	0.016		0.016
34	PA_A2037G_syn	2037.0		0.0107	0.0107
1	PB2_G2101A_D701N	2101.0	0.0148	0.0158	0.015300000000000001
2	PB1_G2221T_A741S	2221.0	0.0141	0.0151	0.0146
