	SNP	POS_x	rep1_percent	rep2_percent	%
31	PB1_T51C_syn	51.0		0.0154	0.0154
3	PA_A60C_syn	60.0	0.0189		0.0189
0	PB2_G75A_syn	75.0	0.0202	0.0326	0.0264
45	PA_A94G_T32A	94.0		0.0497	0.0497
32	PB1_C191T_P64L	191.0		0.0108	0.0108
51	HA_G215A_C72Y	215.0		0.0154	0.0154
27	PB2_C335A_P112Q	335.0		0.0167	0.0167
16	HA_G410A_G137E	410.0	0.9996	1.0	1.0
26	NS1_A425G_E142G	425.0	0.0254	0.0276	0.0265
33	PB1_A515G_D172G	515.0		0.0108	0.0108
28	PB2_A531G_syn	531.0		0.0133	0.0133
34	PB1_G534A_syn	534.0		0.0108	0.0108
4	PA_G565A_D189N	565.0	0.0231		0.0231
1	PB2_G621A_syn	621.0	0.0106	0.016399999999999998	0.013499999999999998
25	M1_A623G_Q208R	623.0	0.0205	0.0203	0.0204
56	M1_G624A_syn	624.0		0.0161	0.0161
46	PA_G646A_D216N	646.0		0.0226	0.0226
35	PB1_C683T_T228I	683.0		0.012	0.012
52	HA_G686T_R229I	686.0		0.0235	0.0235
36	PB1_G734A_G245E	734.0		0.0107	0.0107
53	HA_T819A_syn	819.0		0.0138	0.0138
37	PB1_G825C_syn	825.0		0.0108	0.0108
5	PA_T828C_syn	828.0	0.0231		0.0231
54	HA_A854G_N285S	854.0		0.015700000000000002	0.015700000000000002
38	PB1_G861A_syn	861.0		0.032	0.032
6	PA_T869A_L290*	869.0	0.019		0.019
7	PA_C889T_H297Y	889.0	0.0195		0.0195
22	NA_G903A_syn	903.0	0.9998	1.0	1.0
23	NA_G916A_A306T	916.0	0.9997	1.0	1.0
29	PB2_G953A_R318K	953.0		0.0179	0.0179
55	HA_A960G_syn	960.0		0.0124	0.0124
8	PA_G981A_syn	981.0	0.0757		0.0757
39	PB1_G991A_E331K	991.0		0.0124	0.0124
17	HA_T996C_syn	996.0	0.0423	0.0365	0.0394
18	HA_A1017G_syn	1017.0	0.0114		0.0114
9	PA_G1276T_D426Y	1276.0	0.0352		0.0352
19	HA_T1324C_syn	1324.0	0.9998	1.0	1.0
24	NA_A1383G_I461M	1383.0	0.011200000000000002		0.011200000000000002
10	PA_G1407T_L469F	1407.0	0.0161		0.0161
47	PA_A1483C_syn	1483.0		0.0256	0.0256
20	HA_C1497T_syn	1497.0	0.9993	1.0	1.0
40	PB1_C1503T_syn	1503.0		0.0128	0.0128
41	PB1_T1505C_V502A	1505.0		0.0117	0.0117
42	PB1_A1519G_M507V	1519.0		0.0104	0.0104
48	PA_A1521G_syn	1521.0		0.023	0.023
21	HA_T1548C_syn	1548.0	0.0243	0.0325	0.0284
11	PA_G1585A_D529N	1585.0	0.0134		0.0134
43	PB1_G1635A_syn	1635.0		0.0125	0.0125
44	PB1_T1637C_M546T	1637.0		0.0116	0.0116
12	PA_A1640G_D547G	1640.0	0.0111		0.0111
49	PA_C1765A_L589I	1765.0		0.0137	0.0137
13	PA_A1841G_N614S	1841.0	0.0142		0.0142
14	PA_C2033T_P678L	2033.0	0.0154		0.0154
30	PB2_G2076A_syn	2076.0		0.0106	0.0106
15	PA_G2096A_W699*	2096.0	0.0196		0.0196
50	PA_C2111T_A704V	2111.0		0.0151	0.0151
2	PB2_G2151A_syn	2151.0	0.0132	0.0305	0.02185
