	SNP	POS_x	rep1_percent	rep2_percent	%
32	NA_T44C_I15T	44.0	0.0193		0.0193
36	PB1_T53C_I18T	53.0		0.0107	0.0107
25	HA_T62C_I21T	62.0	0.0139		0.0139
11	PA_T89A_I30N	89.0	0.013500000000000002		0.013500000000000002
12	PA_C99T_syn	99.0	0.0115		0.0115
1	PB1_A111G_syn	111.0	0.0102		0.0102
37	PA_G172A_G58S	172.0		0.0154	0.0154
38	PA_G190A_E64K	190.0		0.0107	0.0107
13	PA_T408C_syn	408.0	0.0125		0.0125
26	HA_G410A_G137E	410.0	0.9998	0.9992	1.0
2	PB1_C423T_syn	423.0	0.012		0.012
39	PA_A550C_S184R	550.0		0.0156	0.0156
27	HA_G615A_syn	615.0	0.1454	0.1279	0.13665
3	PB1_A622G_K208E	622.0	0.0114		0.0114
40	PA_C644T_A215V	644.0		0.0217	0.0217
4	PB1_C648T_syn	648.0	0.011200000000000002		0.011200000000000002
14	PA_G653A_S218N	653.0	0.0127		0.0127
15	PA_A681G_syn	681.0	0.1366	0.1634	0.15
28	HA_A739C_N247H	739.0	0.0223	0.0291	0.0257
35	NEP_C820T_syn	820.0	0.033		0.033
33	NA_G903A_syn	903.0	1.0	1.0	1.0
41	PA_T915C_syn	915.0		0.0159	0.0159
34	NA_G916A_A306T	916.0	1.0	0.9998	1.0
42	PA_T941C_F314S	941.0		0.016399999999999998	0.016399999999999998
31	NP_G987A_syn	987.0	0.08539999999999999	0.0864	0.0859
5	PB1_A1026G_I342M	1026.0	0.0128		0.0128
16	PA_A1089C_syn	1089.0	0.0298		0.0298
6	PB1_G1102A_V368I	1102.0	0.0613	0.0503	0.0558
7	PB1_G1116A_M372I	1116.0	0.0214		0.0214
8	PB1_G1120T_A374S	1120.0	0.0266		0.0266
9	PB1_A1170G_syn	1170.0	0.0118		0.0118
43	PA_A1201C_syn	1201.0		0.016	0.016
17	PA_G1262T_S421I	1262.0	0.08130000000000001		0.08130000000000001
18	PA_T1264A_W422R	1264.0	0.0155		0.0155
29	HA_T1324C_syn	1324.0	0.9995	1.0	1.0
19	PA_G1383A_syn	1383.0	0.0138		0.0138
20	PA_T1448C_I483T	1448.0	0.0244		0.0244
30	HA_C1497T_syn	1497.0	0.9993	0.9998	1.0
44	PA_C1587T_syn	1587.0		0.0184	0.0184
21	PA_G1593T_R531S	1593.0	0.0151		0.0151
22	PA_A1642G_M548V	1642.0	0.0181		0.0181
0	PB2_G1896A_syn	1896.0	0.0248	0.0261	0.02545
23	PA_C1963T_L655F	1963.0	0.0818		0.0818
24	PA_T2084C_I695T	2084.0	0.0312		0.0312
10	PB1_C2135T_S712F	2135.0	0.0117		0.0117
