	SNP	POS_x	rep1_percent	rep2_percent	%
0	PB2_A66C_K22N	66.0	0.0116		0.0116
15	M1_G75A_syn	75.0	0.0109	0.01	0.010450000000000001
21	HA_A93G_syn	93.0		0.0123	0.0123
18	PA_C135T_syn	135.0		0.0107	0.0107
1	PB2_G371A_R124K	371.0	0.0105		0.0105
6	HA_G410A_G137E	410.0	0.9996	0.9949	1.0
9	NP_C426T_syn	426.0	0.0115		0.0115
16	M2_C764A_L26I	764.0	0.0166	0.0126	0.0146
12	NA_A866G_K289R	866.0	0.9988	1.0	1.0
13	NA_G903A_syn	903.0	1.0	0.9996	1.0
14	NA_G916A_A306T	916.0	0.9998	1.0	1.0
17	M2_G962A_V92I	962.0	0.015	0.0126	0.0138
10	NP_C1218A_syn	1218.0	0.0108	0.0165	0.01365
22	HA_A1225G_I409V	1225.0		0.0177	0.0177
11	NP_C1230T_syn	1230.0	0.0147	0.0108	0.012750000000000001
19	PA_G1262A_S421N	1262.0		0.0179	0.0179
7	HA_T1324C_syn	1324.0	1.0	0.9997	1.0
3	PA_T1394C_V465A	1394.0	0.0179		0.0179
4	PA_C1444T_syn	1444.0	0.0249		0.0249
8	HA_C1497T_syn	1497.0	0.9993	1.0	1.0
20	PA_A1538G_N513S	1538.0		0.0276	0.0276
5	PA_G1676A_R559K	1676.0	0.134		0.134
2	PB2_A2266G_M756V	2266.0	0.0109		0.0109
