	SNP	POS_x	rep1_percent	rep2_percent	%
33	HA_G18A_syn	18.0		0.0155	0.0155
19	NEP_T19C_S7P	19.0	0.0121	0.0132	0.01265
18	NS1_T19C_S7P	19.0	0.0121	0.0132	0.01265
34	HA_T29A_L10Q	29.0		0.011	0.011
23	PA_A155C_H52P	155.0		0.0188	0.0188
24	PA_A218G_K73R	218.0		0.0207	0.0207
25	PA_T226C_F76L	226.0		0.0398	0.0398
26	PA_T228C_syn	228.0		0.0392	0.0392
2	PB1_C282T_syn	282.0	0.0111		0.0111
3	PB1_A288G_syn	288.0	0.0859	0.0616	0.07375000000000001
20	PB2_A349C_T117P	349.0		0.0176	0.0176
27	PA_C394A_L132I	394.0		0.0116	0.0116
9	HA_G410A_G137E	410.0	0.9999	0.9981	1.0
35	NA_C420T_syn	420.0		0.0116	0.0116
0	PB2_G448A_G150S	448.0	0.0113	0.0146	0.01295
28	PA_G587A_R196K	587.0		0.0238	0.0238
10	HA_G615A_syn	615.0	0.1664	0.13699999999999998	0.1517
21	PB1_G642T_K214N	642.0		0.0159	0.0159
29	PA_A681G_syn	681.0		0.1053	0.1053
4	PB1_G699A_syn	699.0	0.0911	0.081	0.08605
11	HA_A739C_N247H	739.0	0.0104	0.024	0.0172
30	PA_G774A_syn	774.0		0.019	0.019
16	NA_G903A_syn	903.0	0.9998	1.0	1.0
17	NA_G916A_A306T	916.0	0.9992	0.9995	1.0
15	NP_G987A_syn	987.0	0.0691	0.08199999999999999	0.07554999999999999
5	PB1_G1102A_V368I	1102.0	0.0589	0.0748	0.06685
22	PB1_G1120T_A374S	1120.0		0.0159	0.0159
12	HA_T1324C_syn	1324.0	0.9997	0.9995	1.0
13	HA_C1497T_syn	1497.0	0.9996	1.0	1.0
31	PA_G1561T_V521L	1561.0		0.0221	0.0221
7	PA_T1566C_syn	1566.0	0.6659		0.6659
8	PA_G1663A_G555S	1663.0	0.153		0.153
14	HA_A1690G_I564V	1690.0	0.0288		0.0288
1	PB2_G1896A_syn	1896.0	0.037000000000000005	0.0528	0.0449
32	PA_T2084C_I695T	2084.0		0.0312	0.0312
6	PB1_A2181G_syn	2181.0	0.0101		0.0101
