	SNP	POS_x	rep1_percent	rep2_percent	%
5	PA_A44C_E15A	44.0	0.1258		0.1258
0	PB2_A66C_K22N	66.0	0.0136		0.0136
6	PA_A219G_syn	219.0	0.0216		0.0216
20	PA_A252G_syn	252.0		0.01	0.01
21	PA_T380C_V127A	380.0		0.0152	0.0152
10	HA_G410A_G137E	410.0	0.993	0.9997	1.0
22	PA_G729A_syn	729.0		0.0192	0.0192
19	NEP_T832C_syn	832.0	0.0282	0.0405	0.03435
14	NA_A866G_K289R	866.0	0.9999	0.9992	1.0
15	NA_G903A_syn	903.0	0.9997	0.9959	1.0
16	NA_G916A_A306T	916.0	0.9997	0.9997	1.0
18	M2_A965G_N93D	965.0	0.0111		0.0111
24	M2_A970G_I94M	970.0		0.0154	0.0154
7	PA_A1099G_K367E	1099.0	0.1241		0.1241
17	NA_G1125A_syn	1125.0	0.0259	0.0173	0.0216
11	HA_T1324C_syn	1324.0	0.9997	0.9998	1.0
2	PB1_C1382A_A461E	1382.0	0.0108		0.0108
8	PA_T1409C_L470P	1409.0	0.1158		0.1158
3	PB1_C1494T_syn	1494.0	0.016200000000000003		0.016200000000000003
12	HA_C1497T_syn	1497.0	0.9994	0.9995	1.0
13	HA_T1689G_C563W	1689.0	0.0495		0.0495
9	PA_A1696C_syn	1696.0	0.231		0.231
1	PB2_G1918A_V640M	1918.0	0.5682	0.5655	0.5668500000000001
23	PA_C2047T_L683F	2047.0		0.0118	0.0118
4	PB1_G2185T_D729Y	2185.0	0.0147		0.0147
