	SNP	POS_x	rep1_percent	rep2_percent	%
6	HA_T17C_L6P	17.0	0.0144		0.0144
23	PA_G45A_syn	45.0		0.0292	0.0292
12	PB1_A80G_D27G	80.0		0.0125	0.0125
24	PA_C169A_syn	169.0		0.011200000000000002	0.011200000000000002
0	PA_G403A_A135T	403.0	0.0138		0.0138
7	HA_G410A_G137E	410.0	0.9915	0.9951	1.0
13	PB1_C499T_L167F	499.0		0.0102	0.0102
25	PA_C501A_S167R	501.0		0.015	0.015
26	PA_A502G_R168G	502.0		0.0155	0.0155
1	PA_G646A_D216N	646.0	0.0654		0.0654
27	PA_G697A_V233M	697.0		0.0119	0.0119
28	PA_C742A_Q248K	742.0		0.0237	0.0237
14	PB1_G777A_syn	777.0		0.0107	0.0107
10	NA_G903A_syn	903.0	1.0	1.0	1.0
15	PB1_C915G_D305E	915.0		0.0123	0.0123
11	NA_G916A_A306T	916.0	1.0	0.9999	1.0
16	PB1_A976T_T326S	976.0		0.0136	0.0136
17	PB1_G1060A_G354R	1060.0		0.0109	0.0109
18	PB1_G1224A_M408I	1224.0		0.0102	0.0102
2	PA_A1302G_syn	1302.0	0.02		0.02
8	HA_T1324C_syn	1324.0	0.9961	0.9997	1.0
19	PB1_A1400G_Y467C	1400.0		0.011	0.011
9	HA_C1497T_syn	1497.0	0.9972	0.9998	1.0
3	PA_A1851G_syn	1851.0	0.0187		0.0187
20	PB1_G1972A_D658N	1972.0		0.0114	0.0114
21	PB1_C2047T_L683F	2047.0		0.0115	0.0115
4	PA_C2056T_syn	2056.0	0.0174		0.0174
5	PA_C2094A_syn	2094.0	0.0421		0.0421
22	PB1_C2139A_S713R	2139.0		0.0144	0.0144
