	SNP	POS_x	rep1_percent	rep2_percent	%
13	HA_A5C_N2T	5.0	0.2627	0.2684	0.26555
14	HA_G18A_syn	18.0	0.0119		0.0119
46	HA_G25A_A9T	25.0		0.0126	0.0126
9	PA_A56G_K19R	56.0	0.0165		0.0165
5	PB1_T69C_syn	69.0	0.0316	0.06150000000000001	0.04655000000000001
31	PB2_G185A_R62K	185.0		0.0121	0.0121
0	PB2_G209A_R70K	209.0	0.0132	0.0114	0.0123
6	PB1_T246C_syn	246.0	0.0147	0.0294	0.02205
15	HA_G410A_G137E	410.0	0.9997	0.9951	1.0
7	PB1_G461T_G154V	461.0	0.0116	0.0177	0.01465
16	HA_T465C_syn	465.0	0.0134		0.0134
8	PB1_C492A_syn	492.0	0.0359	0.0603	0.048100000000000004
53	NEP_A527T_M19L	527.0		0.0125	0.0125
52	NS1_A527T_N176I	527.0		0.0125	0.0125
1	PB2_T527C_I176T	527.0	0.0167		0.0167
30	M1_A560G_K187R	560.0	0.0143		0.0143
50	NP_G573A_M191I	573.0		0.016200000000000003	0.016200000000000003
33	PB1_A624G_syn	624.0		0.0204	0.0204
34	PB1_A650G_Y217C	650.0		0.0128	0.0128
17	HA_G686A_R229K	686.0	0.012		0.012
18	HA_T695G_V232G	695.0	0.016399999999999998		0.016399999999999998
19	HA_C707T_S236F	707.0	0.0985	0.07780000000000001	0.08815
2	PB2_G738A_syn	738.0	0.0503	0.0272	0.03875
20	HA_C762T_syn	762.0	0.108	0.0828	0.0954
54	NEP_C827T_Q119*	827.0		0.0221	0.0221
47	HA_G843A_syn	843.0		0.01	0.01
26	NA_A866G_K289R	866.0	0.4525	0.4171	0.4348
35	PB1_G867A_M289I	867.0		0.0115	0.0115
27	NA_G903A_syn	903.0	0.9995	0.9999	1.0
28	NA_G916A_A306T	916.0	0.9997	0.9997	1.0
36	PB1_C985T_Q329*	985.0		0.0107	0.0107
10	PA_A1032G_syn	1032.0	0.0332		0.0332
24	NP_G1052A_R351K	1052.0	0.0107		0.0107
11	PA_G1101A_syn	1101.0	0.1177		0.1177
37	PB1_T1138A_Y380N	1138.0		0.0103	0.0103
21	HA_C1192A_L398I	1192.0	0.027000000000000003	0.02	0.0235
3	PB2_A1195G_I399V	1195.0	0.026	0.011200000000000002	0.0186
48	HA_C1209T_syn	1209.0		0.01	0.01
25	NP_C1256T_P419L	1256.0	0.0304	0.0104	0.0204
22	HA_T1324C_syn	1324.0	0.9996	1.0	1.0
51	NP_C1332T_syn	1332.0		0.0101	0.0101
29	NA_A1380G_syn	1380.0	0.0117		0.0117
12	PA_A1494G_syn	1494.0	0.0785		0.0785
23	HA_C1497T_syn	1497.0	1.0	0.9998	1.0
38	PB1_A1500G_syn	1500.0		0.0133	0.0133
49	HA_G1530A_M510I	1530.0		0.0142	0.0142
39	PB1_A1592G_K531R	1592.0		0.0133	0.0133
45	PA_C1679T_P560L	1679.0		0.0263	0.0263
40	PB1_G1894T_V632F	1894.0		0.0118	0.0118
41	PB1_G1918A_V640I	1918.0		0.011	0.011
42	PB1_A2044G_I682V	2044.0		0.0116	0.0116
4	PB2_G2101A_D701N	2101.0	0.0365	0.0373	0.0369
43	PB1_G2232A_M744I	2232.0		0.0114	0.0114
44	PB1_C2266A_Q756K	2266.0		0.0381	0.0381
32	PB2_T2277A_N759K	2277.0		0.0348	0.0348
