	SNP	POS_x	rep1_percent	rep2_percent	%
4	PB1_G34A_V12M	34.0	0.0274		0.0274
19	M1_C249T_syn	249.0	0.0116	0.018000000000000002	0.0148
12	HA_G410A_G137E	410.0	1.0	1.0	1.0
20	NEP_T832C_syn	832.0	0.0429	0.0593	0.0511
15	NA_A866G_K289R	866.0	0.9998	0.9997	1.0
16	NA_G903A_syn	903.0	1.0	1.0	1.0
17	NA_G916A_A306T	916.0	0.9998	1.0	1.0
21	PA_G933A_M311I	933.0		0.0102	0.0102
22	PA_A967G_I323V	967.0		0.0201	0.0201
6	PA_G981A_syn	981.0	0.0133		0.0133
7	PA_G1017A_syn	1017.0	0.0226		0.0226
18	NA_G1125A_syn	1125.0	0.0526	0.0541	0.05335
0	PB2_T1199C_V400A	1199.0	0.0165	0.0159	0.0162
13	HA_T1324C_syn	1324.0	0.9993	0.9998	1.0
8	PA_A1347C_E449D	1347.0	0.0216		0.0216
23	PA_C1437T_syn	1437.0		0.0104	0.0104
5	PB1_C1494T_syn	1494.0	0.0163	0.0106	0.01345
14	HA_C1497T_syn	1497.0	0.9996	0.9994	1.0
24	PA_C1655A_T552N	1655.0		0.011	0.011
9	PA_T1682C_M561T	1682.0	0.0127		0.0127
10	PA_A1698G_syn	1698.0	0.013500000000000002		0.013500000000000002
1	PB2_G1918A_V640M	1918.0	0.2649	0.2651	0.265
2	PB2_T1972C_Y658H	1972.0	0.0155	0.0111	0.0133
3	PB2_C1985T_T662I	1985.0	0.0248	0.0271	0.02595
11	PA_C2040T_syn	2040.0	0.0354		0.0354
