	SNP	POS_x	rep1_percent	rep2_percent	%
0	PB2_G25A_D9N	25.0	0.0276	0.0231	0.025349999999999998
6	PA_T104C_F35S	104.0	0.0226		0.0226
14	HA_G410A_G137E	410.0	1.0	1.0	1.0
1	PB2_G514A_V172I	514.0	0.0134	0.011	0.012199999999999999
7	PA_C788A_T263K	788.0	0.0124	0.0559	0.03415
26	NEP_C820T_syn	820.0		0.0141	0.0141
18	NA_G842A_R281Q	842.0	0.0105		0.0105
19	NA_A866G_K289R	866.0	0.9998	0.9996	1.0
22	PA_C882T_syn	882.0		0.0145	0.0145
20	NA_G903A_syn	903.0	0.9997	1.0	1.0
21	NA_G916A_A306T	916.0	1.0	0.9997	1.0
8	PA_G921A_syn	921.0	0.06150000000000001	0.0163	0.038900000000000004
2	PB2_G1160A_S387N	1160.0	0.0118	0.0103	0.01105
9	PA_A1292G_D431G	1292.0	0.064		0.064
15	HA_T1324C_syn	1324.0	0.9997	0.9999	1.0
10	PA_A1341T_syn	1341.0	0.0291		0.0291
23	PA_C1441T_Q481*	1441.0		0.0321	0.0321
16	HA_C1497T_syn	1497.0	1.0	1.0	1.0
11	PA_C1584T_syn	1584.0	0.062		0.062
17	HA_T1594A_F532I	1594.0	0.0101	0.0141	0.0121
24	PA_G1683A_M561I	1683.0		0.0165	0.0165
25	PA_C1793A_A598D	1793.0		0.0291	0.0291
4	PB1_G1845A_syn	1845.0	0.0105		0.0105
12	PA_G1879A_G627R	1879.0	0.0329		0.0329
13	PA_A1890G_syn	1890.0	0.0102		0.0102
3	PB2_A1891G_M631V	1891.0	0.0103		0.0103
5	PB1_A2044G_I682V	2044.0	0.011	0.019	0.015
