	SNP	POS_x	rep1_percent	rep2_percent	%
3	PA_A37G_I13V	37.0	0.0154		0.0154
4	PA_A56G_K19R	56.0	0.0147		0.0147
0	PB2_G75A_syn	75.0	0.0101	0.0132	0.01165
5	PA_G106A_A36T	106.0	0.0139		0.0139
17	PA_G229A_E77K	229.0		0.0191	0.0191
6	PA_G241A_G81R	241.0	0.0111		0.0111
7	PA_A321G_syn	321.0	0.0115		0.0115
9	HA_G410A_G137E	410.0	0.9997	0.9998	1.0
10	HA_A546G_syn	546.0	0.0136		0.0136
18	PA_A586G_R196G	586.0		0.0131	0.0131
1	PB2_G621A_syn	621.0	0.0165	0.012	0.01425
16	NEP_C820T_syn	820.0	0.016		0.016
13	NP_A866G_Y289C	866.0	0.0156	0.0141	0.014849999999999999
14	NA_G903A_syn	903.0	1.0	1.0	1.0
15	NA_G916A_A306T	916.0	0.9994	0.9999	1.0
23	HA_A1017G_syn	1017.0		0.0186	0.0186
19	PA_C1070A_T357K	1070.0		0.0115	0.0115
20	PA_A1071G_syn	1071.0		0.0115	0.0115
8	PA_G1151T_C384F	1151.0	0.0111		0.0111
21	PA_G1315T_A439S	1315.0		0.013500000000000002	0.013500000000000002
11	HA_T1324C_syn	1324.0	0.9998	0.9992	1.0
12	HA_C1497T_syn	1497.0	0.9997	0.9998	1.0
2	PB1_T1772C_V591A	1772.0	0.018500000000000003	0.0171	0.017800000000000003
22	PA_A1869G_syn	1869.0		0.0158	0.0158
