	SNP	POS_x	rep1_percent	rep2_percent	%
13	NP_G111A_syn	111.0	0.0253	0.0217	0.0235
20	PB1_T141C_syn	141.0		0.0153	0.0153
24	PA_C169A_syn	169.0		0.0277	0.0277
0	PB2_G209A_R70K	209.0	0.0109		0.0109
19	NS1_C276A_D92E	276.0	0.0117	0.0122	0.01195
3	PB1_G330A_syn	330.0	0.0124	0.0119	0.012150000000000001
10	HA_G410A_G137E	410.0	1.0	0.9998	1.0
21	PB1_C413T_P138L	413.0		0.019	0.019
14	NP_G436A_A146T	436.0	0.0672	0.0587	0.06295
4	PA_A511G_I171V	511.0	0.0188		0.0188
22	PB1_G558A_syn	558.0		0.0119	0.0119
5	PA_G564A_W188*	564.0	0.0115		0.0115
1	PB2_G681A_syn	681.0	0.0348	0.028	0.0314
25	PA_C736A_L246I	736.0		0.0754	0.0754
16	NA_A866G_K289R	866.0	0.0431	0.051100000000000007	0.0471
26	PA_G885C_syn	885.0		0.0908	0.0908
17	NA_G903A_syn	903.0	1.0	1.0	1.0
18	NA_G916A_A306T	916.0	0.9996	0.9999	1.0
15	NP_C922A_Q308K	922.0	0.0268	0.0147	0.02075
6	PA_C993A_N331K	993.0	0.0209		0.0209
2	PB2_G1242A_syn	1242.0	0.0375	0.028	0.03275
27	PA_C1263A_S421R	1263.0		0.0371	0.0371
7	PA_C1316A_A439E	1316.0	0.0253		0.0253
11	HA_T1324C_syn	1324.0	0.9997	0.9997	1.0
29	NP_G1378A_G460R	1378.0		0.0148	0.0148
8	PA_C1441T_Q481*	1441.0	0.029		0.029
28	HA_C1455T_syn	1455.0		0.0119	0.0119
12	HA_C1497T_syn	1497.0	0.9997	1.0	1.0
9	PA_A1518G_syn	1518.0	0.0261		0.0261
23	PB1_A2230G_M744V	2230.0		0.0117	0.0117
