	SNP	POS_x	rep1_percent	rep2_percent	%
3	HA_G410A_G137E	410.0	0.9997	0.9982	1.0
9	PA_C444T_syn	444.0		0.0124	0.0124
10	PA_G475A_A159T	475.0		0.0189	0.0189
11	PA_G590A_G197D	590.0		0.0711	0.0711
0	PA_G774A_syn	774.0	0.04		0.04
8	NEP_C820T_syn	820.0	0.0119	0.022400000000000003	0.017150000000000002
16	NA_A866G_K289R	866.0		0.0101	0.0101
6	NA_G903A_syn	903.0	0.9987	0.9998	1.0
7	NA_G916A_A306T	916.0	0.9998	0.9993	1.0
12	PA_A1098G_syn	1098.0		0.0212	0.0212
13	PA_G1116A_syn	1116.0		0.0193	0.0193
4	HA_T1324C_syn	1324.0	0.9996	0.9994	1.0
5	HA_C1497T_syn	1497.0	0.9997	1.0	1.0
14	PA_A1746G_syn	1746.0		0.0205	0.0205
15	PA_G1882A_V628I	1882.0		0.0199	0.0199
1	PA_A1903G_K635E	1903.0	0.0254		0.0254
2	PA_G2005A_V669I	2005.0	0.0136		0.0136
