	SNP	POS_x	rep1_percent	rep2_percent	%
15	PA_T30C_syn	30.0		0.0161	0.0161
16	PA_C95A_T32K	95.0		0.0233	0.0233
17	PA_C138T_syn	138.0		0.0148	0.0148
29	NS1_T204C_syn	204.0		0.0105	0.0105
2	PA_G273A_syn	273.0	0.0199		0.0199
3	PA_T315C_syn	315.0	0.0302		0.0302
18	PA_G366A_syn	366.0		0.0146	0.0146
19	PA_G374A_R125K	374.0		0.031	0.031
8	HA_G410A_G137E	410.0	0.9997	0.9995	1.0
14	M1_A607C_M203L	607.0	0.0432	0.0417	0.04245
20	PA_G703A_G235R	703.0		0.016399999999999998	0.016399999999999998
21	PA_C740T_S247F	740.0		0.03	0.03
4	PA_A753G_syn	753.0	0.0447		0.0447
11	NA_A866G_K289R	866.0	0.9995	0.9997	1.0
0	PB2_C870A_syn	870.0	0.0956	0.097	0.0963
22	PA_A894G_syn	894.0		0.031400000000000004	0.031400000000000004
12	NA_G903A_syn	903.0	0.9995	0.9995	1.0
13	NA_G916A_A306T	916.0	1.0	1.0	1.0
5	PA_C973A_P325T	973.0	0.0105		0.0105
6	PA_G1039A_D347N	1039.0	0.0398		0.0398
23	PA_G1053A_syn	1053.0		0.0126	0.0126
1	PB1_A1198G_T400A	1198.0	0.0284	0.0186	0.0235
24	PA_A1230G_syn	1230.0		0.0309	0.0309
25	PA_C1320G_S440R	1320.0		0.0306	0.0306
9	HA_T1324C_syn	1324.0	1.0	0.9998	1.0
26	PA_T1351A_S451T	1351.0		0.0251	0.0251
10	HA_C1497T_syn	1497.0	0.9994	0.9992	1.0
27	PA_C1577T_S526F	1577.0		0.0478	0.0478
28	PA_C1958A_P653Q	1958.0		0.0304	0.0304
7	PA_T1980C_syn	1980.0	0.012		0.012
