	SNP	POS_x	rep1_percent	rep2_percent	%
23	NS1_T7C_S3P	7.0	0.0336	0.0295	0.031549999999999995
24	NEP_T7C_S3P	7.0	0.0336	0.0295	0.031549999999999995
20	NA_G15A_syn	15.0	0.0163		0.0163
12	HA_T22C_F8L	22.0	0.0187	0.018000000000000002	0.01835
13	HA_T32C_I11T	32.0	0.0187	0.0156	0.01715
0	PB1_G34A_V12M	34.0	0.0154		0.0154
28	PA_A240G_syn	240.0		0.0154	0.0154
4	PA_T315C_syn	315.0	0.0115		0.0115
5	PA_C382G_H128D	382.0	0.0154		0.0154
14	HA_G410A_G137E	410.0	0.9992	0.9996	1.0
25	NS1_T411C_syn	411.0	0.0106	0.0122	0.0114
6	PA_G455A_G152E	455.0	0.0183		0.0183
15	HA_A528G_syn	528.0	0.0143	0.0209	0.017599999999999998
1	PB1_G537A_M179I	537.0	0.0349	0.0255	0.030199999999999998
16	HA_A605C_K202T	605.0	0.031400000000000004	0.0233	0.027350000000000003
29	PA_C634A_R212S	634.0		0.0136	0.0136
7	PA_G674T_S225I	674.0	0.0165	0.0121	0.0143
30	PA_C749A_S250*	749.0		0.0102	0.0102
8	PA_G810T_L270F	810.0	0.0128		0.0128
26	NEP_C820T_syn	820.0	0.0146		0.0146
21	NA_G903A_syn	903.0	0.9997	1.0	1.0
31	PA_A904G_I302V	904.0		0.0134	0.0134
22	NA_G916A_A306T	916.0	0.9998	1.0	1.0
2	PB1_C946A_syn	946.0	0.0108		0.0108
17	HA_G972A_syn	972.0	0.011		0.011
9	PA_G1030A_E344K	1030.0	0.0141		0.0141
10	PA_A1209G_syn	1209.0	0.0117		0.0117
34	NA_T1212C_syn	1212.0		0.011200000000000002	0.011200000000000002
11	PA_C1236A_N412K	1236.0	0.013500000000000002		0.013500000000000002
18	HA_T1324C_syn	1324.0	0.9998	0.9997	1.0
27	PB1_T1388C_V463A	1388.0		0.02	0.02
19	HA_C1497T_syn	1497.0	0.9997	1.0	1.0
3	PB1_A1500G_syn	1500.0	0.0272	0.0248	0.026
32	PA_A1586G_D529G	1586.0		0.011200000000000002	0.011200000000000002
33	PA_G1971A_syn	1971.0		0.0145	0.0145
