	SNP	POS_x	rep1_percent	rep2_percent	%
23	PB1_G34A_V12M	34.0		0.0449	0.0449
0	PB2_G50A_R17H	50.0	0.0199		0.0199
14	HA_G79A_A27T	79.0	0.0108		0.0108
32	PA_T151C_F51L	151.0		0.0359	0.0359
24	PB1_C220G_P74A	220.0		0.0107	0.0107
33	PA_T227C_F76S	227.0		0.0365	0.0365
34	PA_T233C_I78T	233.0		0.0377	0.0377
35	PA_T276C_syn	276.0		0.0336	0.0336
36	PA_T283C_C95R	283.0		0.0358	0.0358
37	PA_T300C_syn	300.0		0.0359	0.0359
25	PB1_T385C_Y129H	385.0		0.0104	0.0104
15	HA_G410A_G137E	410.0	0.9998	0.998	1.0
12	PA_A422G_E141G	422.0	0.0503		0.0503
18	NP_C427T_syn	427.0	0.2036	0.2324	0.218
13	PA_A461G_E154G	461.0	0.0193		0.0193
4	PB1_A515G_D172G	515.0	0.775	0.7723	0.77365
38	PA_G611A_R204K	611.0		0.0574	0.0574
5	PB1_A618G_syn	618.0	0.0206		0.0206
6	PB1_T785C_I262T	785.0	0.0129		0.0129
7	PB1_T805A_S269T	805.0	0.011		0.011
45	NEP_T817A_syn	817.0		0.0128	0.0128
46	NEP_T834A_I121N	834.0		0.0236	0.0236
19	NA_A866G_K289R	866.0	0.9996	1.0	1.0
39	PA_T876A_syn	876.0		0.0122	0.0122
20	NA_G903A_syn	903.0	0.9997	0.9997	1.0
21	NA_G916A_A306T	916.0	0.9999	0.9998	1.0
26	PB1_A924G_syn	924.0		0.0107	0.0107
1	PB2_G1020A_syn	1020.0	0.011		0.011
40	PA_C1077A_N359K	1077.0		0.0689	0.0689
8	PB1_T1091G_L364R	1091.0	0.0147		0.0147
41	PA_T1227A_N409K	1227.0		0.028	0.028
27	PB1_A1300C_T434P	1300.0		0.0101	0.0101
9	PB1_C1301A_T434N	1301.0	0.0122		0.0122
16	HA_T1324C_syn	1324.0	0.9997	1.0	1.0
10	PB1_A1400G_Y467C	1400.0	0.011		0.011
17	HA_C1497T_syn	1497.0	1.0	0.9998	1.0
42	PA_A1543G_T515A	1543.0		0.07490000000000001	0.07490000000000001
43	PA_C1577T_S526F	1577.0		0.0192	0.0192
28	PB1_A1582G_T528A	1582.0		0.0122	0.0122
29	PB1_G1794A_syn	1794.0		0.0101	0.0101
30	PB1_A1907G_E636G	1907.0		0.0175	0.0175
44	PA_T1954A_S652T	1954.0		0.0499	0.0499
31	PB1_C2179A_syn	2179.0		0.0139	0.0139
2	PB2_C2182G_Q728E	2182.0	0.0126		0.0126
11	PB1_G2212A_E738K	2212.0	0.0145		0.0145
3	PB2_C2234A_T745N	2234.0	0.0181		0.0181
22	PB2_C2263T_R755W	2263.0		0.0102	0.0102
