	SNP	POS_x	rep1_percent	rep2_percent	%
0	PA_G58A_A20T	58.0	0.0138		0.0138
1	PA_T136C_F46L	136.0	0.0119	0.0184	0.01515
2	PA_C165A_D55E	165.0	0.012		0.012
3	PA_G197T_G66V	197.0	0.011		0.011
4	PA_G376A_E126K	376.0	0.0111		0.0111
13	HA_G410A_G137E	410.0	0.999	0.9991	1.0
5	PA_T801C_syn	801.0	0.0143		0.0143
16	NA_A866G_K289R	866.0	0.9998	0.9993	1.0
17	NA_G903A_syn	903.0	1.0	0.9999	1.0
18	NA_G916A_A306T	916.0	1.0	0.9998	1.0
6	PA_T1043C_I348T	1043.0	0.0156		0.0156
7	PA_C1077A_N359K	1077.0	0.0152		0.0152
8	PA_A1118G_N373S	1118.0	0.015700000000000002		0.015700000000000002
9	PA_A1256G_D419G	1256.0	0.016200000000000003		0.016200000000000003
14	HA_T1324C_syn	1324.0	0.9995	0.9998	1.0
10	PA_A1373G_Y458C	1373.0	0.0237		0.0237
15	HA_C1497T_syn	1497.0	1.0	1.0	1.0
11	PA_G1617A_syn	1617.0	0.015		0.015
12	PA_G1622T_C541F	1622.0	0.018000000000000002		0.018000000000000002
20	PA_C2143G_L715V	2143.0		0.0218	0.0218
19	PB1_C2259A_syn	2259.0		0.015	0.015
