segment	gene	position	AAchange	frequency
A_GUANGDONG_17SF003_2016_H7	HA	22	F8L	0.030424999999999997
A_GUANGDONG_17SF003_2016_H7	HA	32	I11T	0.0325
A_GUANGDONG_17SF003_2016_H7	HA	880	G294R	0.011075
A_GUANGDONG_17SF003_2016_NS	NEP	7	S3P	0.0653
A_GUANGDONG_17SF003_2016_NS	NS1	7	S3P	0.0653
A_GUANGDONG_17SF003_2016_PA	PA	117	C39W	0.0195
A_GUANGDONG_17SF003_2016_PA	PA	242	G81E	0.0116
A_GUANGDONG_17SF003_2016_PA	PA	345	N115K	0.0215
A_GUANGDONG_17SF003_2016_PA	PA	592	E198K	0.049699999999999994
A_GUANGDONG_17SF003_2016_PA	PA	674	S225I	0.04769999999999999
A_GUANGDONG_17SF003_2016_PA	PA	1069	T357A	0.023399999999999997
A_GUANGDONG_17SF003_2016_PA	PA	1095	Q365H	0.011200000000000002
A_GUANGDONG_17SF003_2016_PA	PA	1144	E382*	0.0207
A_GUANGDONG_17SF003_2016_PA	PA	1319	S440N	0.011000000000000001
A_GUANGDONG_17SF003_2016_PA	PA	1433	D478G	0.015600000000000001
A_GUANGDONG_17SF003_2016_PA	PA	1511	I504T	0.018000000000000002
A_GUANGDONG_17SF003_2016_PA	PA	1633	I545V	0.0159
A_GUANGDONG_17SF003_2016_PA	PA	1826	K609R	0.024
A_GUANGDONG_17SF003_2016_PA	PA	1942	S648G	0.016
A_GUANGDONG_17SF003_2016_PB1	PB1	2221	A741S	0.0146
A_GUANGDONG_17SF003_2016_PB2	PB2	877	R293G	0.0142
A_GUANGDONG_17SF003_2016_PB2	PB2	2101	D701N	0.015300000000000001
