segment	gene	position	AAchange	frequency
A_GUANGDONG_17SF003_2016_MP	M1	629	R210K	0.9751
A_GUANGDONG_17SF003_2016_NP	NP	571	M191V	0.016
A_GUANGDONG_17SF003_2016_NS	NEP	609	G46E	0.028175000000000002
A_GUANGDONG_17SF003_2016_NS	NS1	253	P85S	0.027625
A_GUANGDONG_17SF003_2016_NS	NS1	609	W203*	0.028175000000000002
A_GUANGDONG_17SF003_2016_PA	PA	1076	N359S	0.972225
