	SNP	POS_x	rep1_percent	rep2_percent	%
102	NEP_T6C_syn	6.0	0.014	0.0211	0.01755
101	NS1_T6C_syn	6.0	0.014	0.0211	0.01755
64	NA_C29T_T10I	29.0	0.5324	0.4244	0.4784
80	M1_G120A_syn	120.0	0.0541	0.0365	0.0453
103	NS1_G133A_G45R	133.0	0.0134	0.0507	0.03205
104	NS1_C154T_syn	154.0	0.1661	0.1301	0.1481
0	PB2_G216A_syn	216.0	0.0159	0.029300000000000007	0.022600000000000002
32	PB1_G226A_D76N	226.0	0.0296	0.0492	0.039400000000000004
1	PB2_C237T_syn	237.0	0.0644	0.23010000000000005	0.14725000000000002
81	M1_C250T_syn	250.0	0.0305	0.02	0.02525
2	PB2_T381C_syn	381.0	0.0364	0.0369	0.03665
83	M1_C381T_syn	381.0	0.0232	0.024	0.0236
3	PB2_G414A_syn	414.0	0.0662	0.2176	0.1419
4	PB2_A420G_syn	420.0	0.1088	0.08960000000000001	0.09920000000000001
37	PB1_C463T_syn	463.0	0.1214	0.1201	0.12075
106	NS1_C474T_syn	474.0	0.014	0.0159	0.014950000000000001
107	NS1_C480A_syn	480.0	0.0368	0.046	0.0414
108	NS1_G503A_G168E	503.0	0.0196	0.0365	0.02805
109	NEP_G503A_D11N	503.0	0.0196	0.0365	0.02805
6	PB2_A553G_I185V	553.0	0.1068	0.0297	0.06825
7	PB2_G595A_A199T	595.0	0.0659	0.0916	0.07875
90	M1_G624A_syn	624.0	0.0605	0.0349	0.0477
91	M1_G655A_V219I	655.0	0.0133	0.0103	0.0118
92	M1_C666T_syn	666.0	0.0333	0.0687	0.051000000000000004
69	NA_C825T_syn	825.0	0.04	0.08539999999999999	0.06269999999999999
97	M2_C838T_syn	838.0	0.0969	0.0655	0.0812
8	PB2_C888T_syn	888.0	0.0611	0.0929	0.077
9	PB2_C990T_syn	990.0	0.29510000000000003	0.3953	0.3452
57	NP_G1071A_syn	1071.0	0.1229	0.1524	0.13765
11	PB2_G1083A_syn	1083.0	0.0617	0.0577	0.0597
58	NP_G1117A_A373T	1117.0	0.1272	0.165	0.1461
12	PB2_C1120T_syn	1120.0	0.040199999999999986	0.0323	0.03624999999999999
14	PB2_G1164A_syn	1164.0	0.1129	0.0316	0.07225000000000001
73	NA_C1242T_syn	1242.0	0.0425	0.0297	0.0361
60	NP_C1251T_syn	1251.0	0.0416	0.0261	0.03385
15	PB2_G1278A_syn	1278.0	0.0215	0.0304	0.02595
16	PB2_C1290T_syn	1290.0	0.06280000000000001	0.0583	0.06055000000000001
20	PB2_G1329A_syn	1329.0	0.08800000000000001	0.0655	0.07675000000000001
75	NA_A1379G_K460R	1379.0	0.13019999999999998	0.204	0.16709999999999997
24	PB2_G1699A_D567N	1699.0	0.1424	0.0562	0.0993
25	PB2_C1747T_syn	1747.0	0.067	0.0931	0.08005000000000001
26	PB2_C1819T_syn	1819.0	0.3309	0.3951	0.363
48	PA_G1867A_E623K	1867.0	0.046500000000000014	0.5487	0.2976
43	PB1_C1956A_syn	1956.0	0.0284	0.042	0.0352
28	PB2_C1977T_syn	1977.0	0.0207	0.029300000000000007	0.025
29	PB2_C2021T_A674V	2021.0	0.0425	0.0334	0.03795
44	PB1_A2090G_E697G	2090.0	0.0497	0.0354	0.042550000000000004
