	SNP	POS_x	rep1_percent	rep2_percent	%
3	HA_G721A_E241K	721.0	0.2254	0.2997	0.26255
1	PA_T1972C_F658L	1972.0	0.0591	0.052000000000000005	0.05555
