	SNP	POS_x	rep1_percent	rep2_percent	%
25	NP_G149A_S50N	149.0	0.011200000000000002	0.014	0.0126
16	HA_C432A_D144E	432.0	0.2125	0.2295	0.221
17	HA_A436G_N146D	436.0	0.0131	0.0227	0.0179
18	HA_G515A_G172E	515.0	0.3815	0.378	0.37975000000000003
19	HA_T598C_S200P	598.0	0.1997	0.2237	0.2117
20	HA_C622A_L208I	622.0	0.4562	0.4616	0.4589
21	HA_A640G_T214A	640.0	0.0264	0.0238	0.0251
22	HA_G715A_D239N	715.0	0.017	0.0165	0.01675
23	HA_A716G_D239G	716.0	0.0259	0.0256	0.025750000000000002
27	M1_G756A_syn	756.0	0.0182	0.024	0.0211
28	M2_G756A_S23N	756.0	0.0182	0.024	0.0211
14	PA_T854A_M285K	854.0	0.0328	0.0284	0.030600000000000002
8	PB1_A871G_T291A	871.0	0.6557999999999999	0.5841	0.61995
26	NP_G885A_syn	885.0	0.0165	0.0201	0.0183
24	HA_A1402G_S468G	1402.0	0.0142	0.0189	0.016550000000000002
6	PB2_C1974T_syn	1974.0	0.0294	0.0319	0.030649999999999997
