	SNP	POS_x	rep1_percent	rep2_percent	%
18	NS1_T539G_V180G	539.0	0.0154	0.0169	0.016149999999999998
19	NEP_T539G_S23A	539.0	0.0154	0.0169	0.016149999999999998
13	NP_G568A_A190T	568.0	0.0421	0.0438	0.04295
16	M1_G741A_syn	741.0	0.08199999999999999	0.0821	0.08205
17	M2_G741A_R18K	741.0	0.08199999999999999	0.0821	0.08205
11	HA_G1188A_syn	1188.0	0.0633	0.0547	0.059
14	NP_T1217C_I406T	1217.0	0.0179	0.0156	0.01675
0	PB2_G1413A_syn	1413.0	0.32659999999999995	0.3185	0.32255
