	SNP	POS_x	rep1_percent	rep2_percent	%
4	NP_G568A_A190T	568	0.0167	0.0216	0.01915
2	HA_G1188A_syn	1188	0.08	0.0619	0.07095
0	PB2_G1413A_syn	1413	0.177	0.17989999999999998	0.17845
