	SNP	POS_x	rep1_percent	rep2_percent	%
1	PB1_G1209A_syn	1209.0	0.0163	0.0199	0.018099999999999998
0	PB2_G1413A_syn	1413.0	0.0667	0.0659	0.0663
9	HA_C1570T_P524S	1570.0	0.4509	0.4713000000000001	0.46110000000000007
