	SNP	POS_x	rep1_percent	rep2_percent	%
13	M1_G105A_syn	105.0	0.0527	0.0512	0.051949999999999996
10	NP_G568A_A190T	568.0	0.0304	0.0331	0.03175
5	HA_A722G_E241G	722.0	0.1307	0.0544	0.09255000000000001
8	HA_G1188A_syn	1188.0	0.17010000000000006	0.1029	0.13650000000000004
0	PB2_G1413A_syn	1413.0	0.1685	0.1958	0.18215
