	SNP	POS_x	rep1_percent	rep2_percent	%
19	PA_C39A_syn	39.0	0.1449	0.1693	0.15710000000000002
20	PA_T89C_I30T	89.0	0.16260000000000002	0.1834	0.17300000000000001
1	PB2_T272C_V91A	272.0	0.0708	0.0265	0.04865
32	NS1_A329G_K110R	329.0	0.014	0.0119	0.01295
28	HA_C432A_D144E	432.0	0.1561	0.1598	0.15794999999999998
29	HA_A436G_N146D	436.0	0.0383	0.0346	0.036449999999999996
30	HA_G442A_G148S	442.0	0.0273	0.0252	0.026250000000000002
34	NEP_T521C_S17P	521.0	0.06509999999999999	0.0618	0.06344999999999999
33	NS1_T521C_V174A	521.0	0.06509999999999999	0.0618	0.06344999999999999
31	HA_T598C_S200P	598.0	0.1597	0.15560000000000002	0.15765
35	NEP_G685A_syn	685.0	0.0562	0.05980000000000001	0.05800000000000001
21	PA_C720A_syn	720.0	0.032400000000000005	0.0812	0.0568
3	PB2_C1252A_L418M	1252.0	0.0287	0.0946	0.06165
15	PB1_G1587A_syn	1587.0	0.0374	0.0405	0.03895
4	PB2_C1974T_syn	1974.0	0.2355	0.1293	0.1824
25	PA_G2051A_G684E	2051.0	0.5	0.5571	0.5285500000000001
