	SNP	POS_x	rep1_percent	rep2_percent	%
78	NS1_C39T_syn	39.0	0.0102	0.0114	0.0108
80	NS1_C253T_P85S	253.0	0.0321	0.0107	0.0214
10	PB1_A270G_syn	270.0	0.7993000000000001	0.6591	0.7292000000000001
68	M1_A324C_syn	324.0	0.0663	0.0522	0.05925
44	NP_G381A_syn	381.0	0.0261	0.0171	0.0216
33	HA_G410A_G137E	410.0	1.0	1.0	1.0
82	NS1_C436T_syn	436.0	0.7920999999999999	0.7974	0.79475
70	M1_C468T_syn	468.0	0.0647	0.0489	0.056799999999999996
85	NEP_G537A_R22K	537.0	0.1539	0.1776	0.16575
84	NS1_G537A_syn	537.0	0.1539	0.1776	0.16575
47	NP_A571G_M191V	571.0	0.2992	0.2814	0.2903
73	M1_G629A_R210K	629.0	0.6272	0.7120000000000001	0.6696
74	M1_G655A_V219I	655.0	0.2541	0.2311	0.24259999999999998
35	HA_C762T_syn	762.0	0.6811	0.5353	0.6082000000000001
24	PA_C862T_syn	862.0	1.0	1.0	1.0
62	NA_A866G_K289R	866.0	1.0	1.0	1.0
63	NA_G903A_syn	903.0	0.9999	1.0	1.0
64	NA_G916A_A306T	916.0	0.9995	1.0	1.0
25	PA_A1076G_N359S	1076.0	0.9997	1.0	1.0
13	PB1_A1173C_K391N	1173.0	0.17579999999999998	0.0795	0.12764999999999999
38	HA_T1324C_syn	1324.0	0.9992	1.0	1.0
40	HA_C1497T_syn	1497.0	0.9986	0.9996	1.0
17	PB1_C1735T_syn	1735.0	0.8022	0.6694	0.7358
21	PB1_A2037G_syn	2037.0	0.8131	0.6766	0.74485
8	PB2_G2101A_D701N	2101.0	0.2335	0.3670000000000001	0.3002500000000001
