	SNP	POS_x	rep1_percent	rep2_percent	%
0	PB2_A22C_syn	22.0	0.0809	0.1382	0.10955
8	HA_G410A_G137E	410.0	0.9996	1.0	1.0
11	NP_C427T_syn	427.0	0.2741	0.2463	0.2602
2	PB1_A515G_D172G	515.0	0.6604000000000001	0.7151000000000001	0.6877500000000001
3	PB1_C810T_syn	810.0	0.0225	0.02	0.021249999999999998
13	NA_A866G_K289R	866.0	0.9996	0.9997	1.0
14	NA_G903A_syn	903.0	0.9997	1.0	1.0
15	NA_G916A_A306T	916.0	1.0	1.0	1.0
9	HA_T1324C_syn	1324.0	0.9996	0.9984	1.0
10	HA_C1497T_syn	1497.0	0.9996	1.0	1.0
