	SNP	POS_x	rep1_percent	rep2_percent	%
1	PB2_A190G_M64V	190.0	0.9983	0.9862	1.0
3	PB2_A206G_E69G	206.0	0.9987	0.9882	1.0
41	NS1_C253T_P85S	253.0	0.0159	0.0127	0.0143
25	HA_G410A_G137E	410.0	1.0	1.0	1.0
43	NS1_C436T_syn	436.0	0.0284	0.012	0.020200000000000003
44	NS1_G609A_W203*	609.0	0.0138	0.0124	0.0131
45	NEP_G609A_G46E	609.0	0.0138	0.0124	0.0131
46	NEP_A703G_syn	703.0	0.5239	0.5552	0.53955
19	PA_C796T_R266C	796.0	0.2601	0.4636	0.36185
39	NA_G903A_syn	903.0	1.0	1.0	1.0
40	NA_G916A_A306T	916.0	0.9999	0.9998	1.0
30	HA_T1324C_syn	1324.0	0.9992	1.0	1.0
31	HA_C1497T_syn	1497.0	0.9998	1.0	1.0
8	PB2_C1974T_syn	1974.0	0.0174	0.0191	0.01825
