	SNP	POS_x	rep1_percent	rep2_percent	%
0	PB2_G96A_syn	96.0	0.4966	0.4061	0.45135000000000003
71	NS1_G140A_S47N	140.0	0.0117	0.0114	0.011550000000000001
2	PB2_A190G_M64V	190.0	0.4878	0.5062	0.497
3	PB2_A206G_E69G	206.0	0.5029	0.5136	0.50825
72	NS1_G208A_E70K	208.0	0.019	0.0131	0.016050000000000002
4	PB2_T246G_N82K	246.0	0.4228	0.3751	0.39895
58	NA_C246T_syn	246.0	0.0995	0.066	0.08275
74	NS1_C253T_P85S	253.0	0.1021	0.1288	0.11545
47	NP_A272G_K91R	272.0	0.0692	0.0938	0.08149999999999999
77	NS1_G301A_D101N	301.0	0.0165	0.011	0.01375
79	NS1_G357A_M119I	357.0	0.0347	0.0485	0.0416
80	NS1_A380C_N127T	380.0	0.0172	0.0128	0.015
41	HA_G410A_G137E	410.0	0.8290000000000001	0.9207	0.87485
42	HA_G416T_R139I	416.0	0.0701	0.0327	0.0514
82	NS1_C436T_syn	436.0	0.2104	0.2286	0.2195
66	M1_C447T_syn	447.0	0.08689999999999999	0.0621	0.0745
87	NEP_G537A_R22K	537.0	0.0389	0.045700000000000005	0.042300000000000004
86	NS1_G537A_syn	537.0	0.0389	0.045700000000000005	0.042300000000000004
90	NS1_G609A_W203*	609.0	0.1038	0.1249	0.11435000000000001
91	NEP_G609A_G46E	609.0	0.1038	0.1249	0.11435000000000001
69	M1_G655A_V219I	655.0	0.1605	0.1855	0.173
99	NEP_A703G_syn	703.0	0.1603	0.1747	0.16749999999999998
31	PA_C796T_R266C	796.0	0.5141	0.1027	0.3084
32	PA_C862T_syn	862.0	0.2698	0.387	0.3284
59	NA_A866G_K289R	866.0	0.076	0.0962	0.0861
60	NA_G903A_syn	903.0	0.9688	1.0	0.9843999999999999
61	NA_G916A_A306T	916.0	0.9711	0.9997	0.9854
33	PA_C930T_syn	930.0	0.0149	0.041900000000000014	0.02840000000000001
50	NP_C936T_syn	936.0	0.07339999999999999	0.0876	0.08049999999999999
70	M2_A948G_D87G	948.0	0.063	0.0282	0.0456
34	PA_A1076G_N359S	1076.0	0.2764	0.3887	0.33255
52	NP_C1110T_syn	1110.0	0.0366	0.0712	0.0539
53	NP_C1185T_syn	1185.0	0.0263	0.0208	0.02355
44	HA_T1324C_syn	1324.0	0.8175	0.9233	0.8704000000000001
22	PB1_G1380A_syn	1380.0	0.0828	0.0652	0.074
54	NP_C1398T_syn	1398.0	0.0289	0.0173	0.0231
45	HA_C1497T_syn	1497.0	0.8129000000000001	0.9003	0.8566
37	PA_G1602A_syn	1602.0	0.0151	0.0341	0.0246
28	PB1_C1697T_T566I	1697.0	0.0882	0.0717	0.07995
38	PA_C1842T_syn	1842.0	0.0138	0.0272	0.020499999999999997
11	PB2_A1923G_syn	1923.0	0.0283	0.0114	0.01985
39	PA_C2014T_L672F	2014.0	0.0173	0.0359	0.0266
