	SNP	POS_x	rep1_percent	rep2_percent	%
23	HA_G410A_G137E	410.0	0.9998	0.9995	1.0
39	NEP_T832C_syn	832.0	0.0352	0.0381	0.03665
34	NA_A866G_K289R	866.0	0.9993	0.9993	1.0
35	NA_G903A_syn	903.0	0.9998	0.9998	1.0
36	NA_G916A_A306T	916.0	0.9996	1.0	1.0
37	NA_G1125A_syn	1125.0	0.0903	0.0538	0.07205
0	PB2_T1199C_V400A	1199.0	0.032	0.0681	0.05005
29	HA_T1324C_syn	1324.0	0.9997	1.0	1.0
11	PB1_C1494T_syn	1494.0	0.0119	0.0169	0.0144
31	HA_C1497T_syn	1497.0	0.9987	0.9998	1.0
1	PB2_G1918A_V640M	1918.0	0.0886	0.1253	0.10694999999999999
