	SNP	POS_x	rep1_percent	rep2_percent	%
42	NA_G234A_syn	234.0	0.0173	0.0181	0.0177
49	NS1_T240C_syn	240.0	0.0139	0.0212	0.01755
31	HA_G410A_G137E	410.0	0.9998	1.0	1.0
39	NP_G501A_M167I	501.0	0.9998	0.9996	1.0
50	NEP_C827T_Q119*	827.0	0.0284	0.016399999999999998	0.0224
43	NA_A866G_K289R	866.0	0.9999	1.0	1.0
44	NA_G903A_syn	903.0	0.9996	1.0	1.0
45	NA_G916A_A306T	916.0	0.9995	0.9998	1.0
27	PA_A936G_syn	936.0	0.9998	0.9998	1.0
35	HA_T1324C_syn	1324.0	0.9997	0.9999	1.0
36	HA_C1497T_syn	1497.0	0.9993	0.9996	1.0
