	SNP	POS_x	rep1_percent	rep2_percent	%
0	PB2_G185A_R62K	185.0	0.09539999999999997	0.052300000000000006	0.07384999999999999
12	HA_G410A_G137E	410.0	0.9998	0.9993	1.0
1	PB2_G524A_R175K	524.0	0.0892	0.038	0.0636
7	PA_A681G_syn	681.0	0.4191	0.3658	0.39244999999999997
25	NA_G903A_syn	903.0	0.9997	0.9999	1.0
26	NA_G916A_A306T	916.0	0.9998	0.9997	1.0
14	HA_T1324C_syn	1324.0	0.9994	1.0	1.0
15	HA_C1497T_syn	1497.0	0.9997	0.9995	1.0
4	PB2_G1963A_V655M	1963.0	0.0363	0.0487	0.042499999999999996
