	SNP	POS_x	rep1_percent	rep2_percent	%
0	PB2_G75A_syn	75.0	0.0202	0.0326	0.0264
16	HA_G410A_G137E	410.0	0.9996	1.0	1.0
26	NS1_A425G_E142G	425.0	0.0254	0.0276	0.0265
1	PB2_G621A_syn	621.0	0.0106	0.016399999999999998	0.013499999999999998
25	M1_A623G_Q208R	623.0	0.0205	0.0203	0.0204
22	NA_G903A_syn	903.0	0.9998	1.0	1.0
23	NA_G916A_A306T	916.0	0.9997	1.0	1.0
17	HA_T996C_syn	996.0	0.0423	0.0365	0.0394
19	HA_T1324C_syn	1324.0	0.9998	1.0	1.0
20	HA_C1497T_syn	1497.0	0.9993	1.0	1.0
21	HA_T1548C_syn	1548.0	0.0243	0.0325	0.0284
2	PB2_G2151A_syn	2151.0	0.0132	0.0305	0.02185
