	SNP	POS_x	rep1_percent	rep2_percent	%
26	HA_G410A_G137E	410.0	0.9998	0.9992	1.0
27	HA_G615A_syn	615.0	0.1454	0.1279	0.13665
15	PA_A681G_syn	681.0	0.1366	0.1634	0.15
28	HA_A739C_N247H	739.0	0.0223	0.0291	0.0257
33	NA_G903A_syn	903.0	1.0	1.0	1.0
34	NA_G916A_A306T	916.0	1.0	0.9998	1.0
31	NP_G987A_syn	987.0	0.08539999999999999	0.0864	0.0859
6	PB1_G1102A_V368I	1102.0	0.0613	0.0503	0.0558
29	HA_T1324C_syn	1324.0	0.9995	1.0	1.0
30	HA_C1497T_syn	1497.0	0.9993	0.9998	1.0
0	PB2_G1896A_syn	1896.0	0.0248	0.0261	0.02545
