	SNP	POS_x	rep1_percent	rep2_percent	%
13	NP_G111A_syn	111.0	0.0253	0.0217	0.0235
19	NS1_C276A_D92E	276.0	0.0117	0.0122	0.01195
3	PB1_G330A_syn	330.0	0.0124	0.0119	0.012150000000000001
10	HA_G410A_G137E	410.0	1.0	0.9998	1.0
14	NP_G436A_A146T	436.0	0.0672	0.0587	0.06295
1	PB2_G681A_syn	681.0	0.0348	0.028	0.0314
16	NA_A866G_K289R	866.0	0.0431	0.051100000000000007	0.0471
17	NA_G903A_syn	903.0	1.0	1.0	1.0
18	NA_G916A_A306T	916.0	0.9996	0.9999	1.0
15	NP_C922A_Q308K	922.0	0.0268	0.0147	0.02075
2	PB2_G1242A_syn	1242.0	0.0375	0.028	0.03275
11	HA_T1324C_syn	1324.0	0.9997	0.9997	1.0
12	HA_C1497T_syn	1497.0	0.9997	1.0	1.0
