segment	gene	position	AAchange	frequency
A_GUANGDONG_17SF003_2016_NP	NP	866	Y289C	0.014825
A_GUANGDONG_17SF003_2016_PA	PA	37	I13V	0.0154
A_GUANGDONG_17SF003_2016_PA	PA	56	K19R	0.0147
A_GUANGDONG_17SF003_2016_PA	PA	106	A36T	0.0139
A_GUANGDONG_17SF003_2016_PA	PA	229	E77K	0.0191
A_GUANGDONG_17SF003_2016_PA	PA	241	G81R	0.0111
A_GUANGDONG_17SF003_2016_PA	PA	586	R196G	0.0131
A_GUANGDONG_17SF003_2016_PA	PA	1070	T357K	0.0115
A_GUANGDONG_17SF003_2016_PA	PA	1151	C384F	0.0111
A_GUANGDONG_17SF003_2016_PA	PA	1315	A439S	0.013500000000000002
A_GUANGDONG_17SF003_2016_PB1	PB1	1772	V591A	0.0178
