segment	gene	position	AAchange	frequency
A_CALIFORNIA_04_2009_H1	HA	432	D144E	0.637975
A_CALIFORNIA_04_2009_H1	HA	436	N146D	0.048174999999999996
A_CALIFORNIA_04_2009_H1	HA	442	G148S	0.017
A_CALIFORNIA_04_2009_H1	HA	598	S200P	0.0945
A_CALIFORNIA_04_2009_NP	NP	1039	I347L	0.030125
A_CALIFORNIA_04_2009_NS	NEP	521	S17P	0.582975
A_CALIFORNIA_04_2009_NS	NS1	521	V174A	0.582975
A_CALIFORNIA_04_2009_PA	PA	89	I30T	0.044775
A_CALIFORNIA_04_2009_PA	PA	974	P325L	0.0109
A_CALIFORNIA_04_2009_PA	PA	1076	N359S	0.013225
A_CALIFORNIA_04_2009_PA	PA	1988	R663K	0.020775000000000002
A_CALIFORNIA_04_2009_PA	PA	2051	G684E	0.118425
A_CALIFORNIA_04_2009_PB1	PB1	43	Q15K	0.013500000000000002
A_CALIFORNIA_04_2009_PB1	PB1	1879	P627S	0.033424999999999996
A_CALIFORNIA_04_2009_PB1	PB1	2230	M744V	0.042975
A_CALIFORNIA_04_2009_PB2	PB2	272	V91A	0.047975000000000004
A_CALIFORNIA_04_2009_PB2	PB2	481	D161N	0.0172
A_CALIFORNIA_04_2009_PB2	PB2	1252	L418M	0.0386
