segment	gene	position	AAchange	frequency
A_GUANGDONG_17SF003_2016_H7	HA	688	P230S	0.0128
A_GUANGDONG_17SF003_2016_H7	HA	1373	M458K	0.013000000000000001
A_GUANGDONG_17SF003_2016_H7	HA	1573	Y525H	0.0101
A_GUANGDONG_17SF003_2016_MP	M1	11	L4P	0.012199999999999999
A_GUANGDONG_17SF003_2016_MP	M2	11	L4P	0.012199999999999999
A_GUANGDONG_17SF003_2016_N9	NA	79	A27P	0.0137
A_GUANGDONG_17SF003_2016_NS	NEP	7	S3P	0.027200000000000002
A_GUANGDONG_17SF003_2016_NS	NS1	7	S3P	0.027200000000000002
A_GUANGDONG_17SF003_2016_PA	PA	583	E195Q	0.0127
A_GUANGDONG_17SF003_2016_PA	PA	674	S225I	0.0278
A_GUANGDONG_17SF003_2016_PA	PA	1235	N412T	0.0203
A_GUANGDONG_17SF003_2016_PA	PA	1241	A414G	0.0692
A_GUANGDONG_17SF003_2016_PA	PA	1387	V463M	0.028999999999999998
A_GUANGDONG_17SF003_2016_PA	PA	1433	D478G	0.037000000000000005
A_GUANGDONG_17SF003_2016_PA	PA	1709	T570N	0.0408
A_GUANGDONG_17SF003_2016_PA	PA	1737	M579I	0.0157
A_GUANGDONG_17SF003_2016_PA	PA	1885	E629K	0.011399999999999999
A_GUANGDONG_17SF003_2016_PA	PA	1958	P653Q	0.0501
A_GUANGDONG_17SF003_2016_PA	PA	1960	Q654K	0.0115
A_GUANGDONG_17SF003_2016_PB1	PB1	62	T21K	0.0173
A_GUANGDONG_17SF003_2016_PB1	PB1	179	E60G	0.0101
A_GUANGDONG_17SF003_2016_PB1	PB1	317	S106*	0.0213
A_GUANGDONG_17SF003_2016_PB1	PB1	620	K207R	0.018799999999999997
A_GUANGDONG_17SF003_2016_PB1	PB1	632	R211K	0.0129
A_GUANGDONG_17SF003_2016_PB1	PB1	638	N213S	0.0131
A_GUANGDONG_17SF003_2016_PB1	PB1	724	A242T	0.0111
A_GUANGDONG_17SF003_2016_PB1	PB1	868	M290V	0.0131
A_GUANGDONG_17SF003_2016_PB1	PB1	984	N328K	0.013300000000000001
A_GUANGDONG_17SF003_2016_PB1	PB1	1133	L378P	0.015300000000000001
A_GUANGDONG_17SF003_2016_PB1	PB1	1291	Y431N	0.0123
A_GUANGDONG_17SF003_2016_PB1	PB1	1470	F490L	0.011899999999999999
A_GUANGDONG_17SF003_2016_PB1	PB1	1820	P607Q	0.0127
A_GUANGDONG_17SF003_2016_PB1	PB1	1888	P630S	0.0116
A_GUANGDONG_17SF003_2016_PB1	PB1	1894	V632F	0.013999999999999999
A_GUANGDONG_17SF003_2016_PB1	PB1	2074	C692R	0.0169
A_GUANGDONG_17SF003_2016_PB1	PB1	2132	I711T	0.0154
A_GUANGDONG_17SF003_2016_PB2	PB2	2101	D701N	0.0182
A_GUANGDONG_17SF003_2016_PB2	PB2	2242	Q748*	0.0123
