segment	gene	position	AAchange	frequency
A_GUANGDONG_17SF003_2016_H7	HA	5	N2T	0.265525
A_GUANGDONG_17SF003_2016_H7	HA	25	A9T	0.0126
A_GUANGDONG_17SF003_2016_H7	HA	686	R229K	0.012
A_GUANGDONG_17SF003_2016_H7	HA	695	V232G	0.016399999999999998
A_GUANGDONG_17SF003_2016_H7	HA	707	S236F	0.08817499999999999
A_GUANGDONG_17SF003_2016_H7	HA	1192	L398I	0.0235
A_GUANGDONG_17SF003_2016_H7	HA	1530	M510I	0.014199999999999999
A_GUANGDONG_17SF003_2016_MP	M1	560	K187R	0.0143
A_GUANGDONG_17SF003_2016_N9	NA	866	K289R	0.4348
A_GUANGDONG_17SF003_2016_NP	NP	573	M191I	0.016200000000000003
A_GUANGDONG_17SF003_2016_NP	NP	1052	R351K	0.010700000000000001
A_GUANGDONG_17SF003_2016_NP	NP	1256	P419L	0.0204
A_GUANGDONG_17SF003_2016_NS	NEP	527	M19L	0.0125
A_GUANGDONG_17SF003_2016_NS	NEP	827	Q119*	0.022099999999999998
A_GUANGDONG_17SF003_2016_NS	NS1	527	N176I	0.0125
A_GUANGDONG_17SF003_2016_PA	PA	56	K19R	0.0165
A_GUANGDONG_17SF003_2016_PA	PA	1679	P560L	0.0263
A_GUANGDONG_17SF003_2016_PB1	PB1	461	G154V	0.014625
A_GUANGDONG_17SF003_2016_PB1	PB1	650	Y217C	0.0128
A_GUANGDONG_17SF003_2016_PB1	PB1	867	M289I	0.0115
A_GUANGDONG_17SF003_2016_PB1	PB1	985	Q329*	0.010700000000000001
A_GUANGDONG_17SF003_2016_PB1	PB1	1138	Y380N	0.0103
A_GUANGDONG_17SF003_2016_PB1	PB1	1592	K531R	0.013300000000000001
A_GUANGDONG_17SF003_2016_PB1	PB1	1894	V632F	0.0118
A_GUANGDONG_17SF003_2016_PB1	PB1	1918	V640I	0.011000000000000001
A_GUANGDONG_17SF003_2016_PB1	PB1	2044	I682V	0.0116
A_GUANGDONG_17SF003_2016_PB1	PB1	2232	M744I	0.011399999999999999
A_GUANGDONG_17SF003_2016_PB1	PB1	2266	Q756K	0.0381
A_GUANGDONG_17SF003_2016_PB2	PB2	185	R62K	0.0121
A_GUANGDONG_17SF003_2016_PB2	PB2	209	R70K	0.0123
A_GUANGDONG_17SF003_2016_PB2	PB2	527	I176T	0.0167
A_GUANGDONG_17SF003_2016_PB2	PB2	1195	I399V	0.0186
A_GUANGDONG_17SF003_2016_PB2	PB2	2101	D701N	0.0369
A_GUANGDONG_17SF003_2016_PB2	PB2	2277	N759K	0.0348
