segment	gene	position	AAchange	frequency
A_GUANGDONG_17SF003_2016_H7	HA	79	A27T	0.0108
A_GUANGDONG_17SF003_2016_NS	NEP	834	I121N	0.0236
A_GUANGDONG_17SF003_2016_PA	PA	151	F51L	0.0359
A_GUANGDONG_17SF003_2016_PA	PA	227	F76S	0.0365
A_GUANGDONG_17SF003_2016_PA	PA	233	I78T	0.0377
A_GUANGDONG_17SF003_2016_PA	PA	283	C95R	0.0358
A_GUANGDONG_17SF003_2016_PA	PA	422	E141G	0.050300000000000004
A_GUANGDONG_17SF003_2016_PA	PA	461	E154G	0.019299999999999998
A_GUANGDONG_17SF003_2016_PA	PA	611	R204K	0.0574
A_GUANGDONG_17SF003_2016_PA	PA	1077	N359K	0.0689
A_GUANGDONG_17SF003_2016_PA	PA	1227	N409K	0.027999999999999997
A_GUANGDONG_17SF003_2016_PA	PA	1543	T515A	0.07490000000000001
A_GUANGDONG_17SF003_2016_PA	PA	1577	S526F	0.0192
A_GUANGDONG_17SF003_2016_PA	PA	1954	S652T	0.0499
A_GUANGDONG_17SF003_2016_PB1	PB1	34	V12M	0.0449
A_GUANGDONG_17SF003_2016_PB1	PB1	220	P74A	0.010700000000000001
A_GUANGDONG_17SF003_2016_PB1	PB1	385	Y129H	0.0104
A_GUANGDONG_17SF003_2016_PB1	PB1	515	D172G	0.773625
A_GUANGDONG_17SF003_2016_PB1	PB1	785	I262T	0.0129
A_GUANGDONG_17SF003_2016_PB1	PB1	805	S269T	0.011000000000000001
A_GUANGDONG_17SF003_2016_PB1	PB1	1091	L364R	0.0147
A_GUANGDONG_17SF003_2016_PB1	PB1	1300	T434P	0.0101
A_GUANGDONG_17SF003_2016_PB1	PB1	1301	T434N	0.012199999999999999
A_GUANGDONG_17SF003_2016_PB1	PB1	1400	Y467C	0.011000000000000001
A_GUANGDONG_17SF003_2016_PB1	PB1	1582	T528A	0.012199999999999999
A_GUANGDONG_17SF003_2016_PB1	PB1	1907	E636G	0.0175
A_GUANGDONG_17SF003_2016_PB1	PB1	2212	E738K	0.014499999999999999
A_GUANGDONG_17SF003_2016_PB2	PB2	50	R17H	0.0199
A_GUANGDONG_17SF003_2016_PB2	PB2	2182	Q728E	0.0126
A_GUANGDONG_17SF003_2016_PB2	PB2	2234	T745N	0.0181
A_GUANGDONG_17SF003_2016_PB2	PB2	2263	R755W	0.0102
