	SNP	day3	day5
0	NA_C29T_T10I	1.0	1.0
1	PB1_G34A_V12M	0.0295	0.0
2	HA_A421G_N141D	1.0	1.0
3	HA_A499G_N167D	1.0	1.0
4	NEP_A698G_I76V	1.0	1.0
5	HA_T704A_L235Q	1.0	1.0
6	M2_C838T_syn	1.0	1.0
7	PA_C1965A_syn	1.0	1.0
8	PB1_A99G_syn	0.0	0.0391
9	PB1_G1785A_syn	0.0	0.01575
10	PA_C1873A_P625T	0.0	0.03095
11	PB1_C2076T_syn	0.0	0.01505
12	PB1_T2188G_F730V	0.0	0.0135
