	SNP	day3	day5
0	PA_G372T_syn	0.1971	0.0
1	M1_G609A_M203I	0.0192	0.0
2	HA_G721A_E241K	0.0	0.26255
3	PA_T1972C_F658L	0.0	0.05555
