	SNP	day3	day5
0	PB2_G1413A_syn	0.20805	0.0
1	HA_A619C_S207R	0.0	0.0162
2	PA_G1326A_syn	0.0	0.10095
