	SNP	day1	day3	day5
0	NS1_C106A_L36I	0.22195	0.0878	0.04655
1	M1_T162G_syn	0.06945000000000001	0.0114	0.0
2	NP_G568A_A190T	0.1046	0.0207	0.01295
3	HA_G1188A_syn	0.0949	0.17750000000000002	0.0
4	NP_G367T_A123S	0.0	0.028500000000000008	0.0
5	PA_T678C_syn	0.0	0.2137	0.4209
6	M2_G896A_E70K	0.0	0.0195	0.015449999999999997
7	NP_G1351T_A451S	0.0	0.01995	0.03895
8	NP_A143G_K48R	0.0	0.0	0.01325
9	NP_G149A_S50N	0.0	0.0	0.0252
10	NP_A475C_M159L	0.0	0.0	0.01495
11	HA_T621G_S207R	0.0	0.0	0.5229
12	NP_C847A_L283I	0.0	0.0	0.0325
13	NP_C1290A_S430R	0.0	0.0	0.04045
14	NP_G1330A_V444I	0.0	0.0	0.0261
15	NP_C1358T_P453L	0.0	0.0	0.0117
16	NP_G1453A_G485R	0.0	0.0	0.0604
