	SNP	day1	day3	day5
0	NP_G568A_A190T	0.021	0.0	0.03175
1	HA_G1188A_syn	0.1197	0.0	0.13650000000000004
2	PB2_G1413A_syn	0.17589999999999995	0.0354	0.18215
3	PB2_T345C_syn	0.0	0.01435	0.0
4	NA_A390G_syn	0.0	0.102	0.0
5	M1_G105A_syn	0.0	0.0	0.05195
6	HA_A722G_E241G	0.0	0.0	0.09255
