	SNP	day3	day5
0	PA_C39A_syn	0.040650000000000006	0.15710000000000002
1	PA_T89C_I30T	0.04475	0.173
2	PB2_T272C_V91A	0.047950000000000007	0.04865
3	PB2_A312T_syn	0.01305	0.0
4	HA_C432A_D144E	0.63795	0.15794999999999998
5	HA_A436G_N146D	0.04815	0.03645
6	HA_G442A_G148S	0.017	0.02625
7	NEP_T521C_S17P	0.58295	0.06344999999999999
8	NS1_T521C_V174A	0.58295	0.06344999999999999
9	HA_T598C_S200P	0.0945	0.15765
10	NEP_G685A_syn	0.02745	0.05800000000000001
11	PA_C720A_syn	0.5552	0.0568
12	PA_C974T_P325L	0.0109	0.0
13	NP_A1039C_I347L	0.03015	0.0
14	PA_A1076G_N359S	0.01325	0.0
15	PB2_C1252A_L418M	0.03860000000000001	0.06165
16	PB1_G1587A_syn	0.0137	0.03895
17	PB1_C1879T_P627S	0.03345	0.0
18	PB2_C1974T_syn	0.0333	0.1824
19	PA_G1988A_R663K	0.02075	0.0
20	PA_G2051A_G684E	0.11845	0.5285500000000001
21	PB1_A2230G_M744V	0.04295	0.0
22	NS1_A329G_K110R	0.0	0.01295
