	SNP	day1_index	day3_index	day3_contact	day5_contact
0	PA_C169A_syn	0.0136	0.0	0.0	0.0
1	HA_G410A_G137E	1.0	1.0	1.0	1.0
2	NA_A866G_K289R	1.0	1.0	1.0	1.0
3	NA_G903A_syn	1.0	1.0	1.0	1.0
4	NA_G916A_A306T	1.0	1.0	1.0	1.0
5	HA_T1324C_syn	1.0	1.0	1.0	1.0
6	HA_C1497T_syn	1.0	1.0	1.0	1.0
7	NP_C427T_syn	0.0	0.0	0.218	0.2602
8	PB1_A515G_D172G	0.0	0.0	0.77365	0.6877500000000001
9	PB2_A22C_syn	0.0	0.0	0.0	0.10955
10	PB1_C810T_syn	0.0	0.0	0.0	0.02125
