	SNP	day1_index	day3_index	day5_index	day7_index	day3_contact	day5_contact	day7_contact	day9_contact
0	PA_C169A_syn	0.0118	0.0	0.0	0.0	0.0	0.0	0.0	0.0
1	HA_G410A_G137E	0.0	0.85025	1.0	1.0	1.0	1.0	1.0	1.0
2	HA_T1324C_syn	0.0	0.85405	1.0	1.0	1.0	1.0	1.0	1.0
3	HA_C1497T_syn	0.0	0.8525	1.0	1.0	1.0	1.0	1.0	1.0
4	NA_A866G_K289R	0.0	0.0	1.0	1.0	1.0	1.0	1.0	1.0
5	NA_G903A_syn	0.0	0.0	1.0	1.0	1.0	1.0	1.0	1.0
6	NA_G916A_A306T	0.0	0.0	1.0	1.0	1.0	1.0	1.0	1.0
7	NP_G1453A_G485R	0.0	0.0	0.0253	0.0	0.0	0.0	0.0	0.0
8	PB2_G1605A_M535I	0.0	0.0	0.0139	0.0	0.0	0.0	0.0	0.0
9	M1_G75A_syn	0.0	0.0	0.0	0.01045	0.0	0.0	0.0	0.0
10	M2_C764A_L26I	0.0	0.0	0.0	0.0146	0.0	0.0	0.0	0.0
11	M2_G962A_V92I	0.0	0.0	0.0	0.0138	0.0	0.0	0.0	0.0
12	NP_C1218A_syn	0.0	0.0	0.0	0.01365	0.0	0.0	0.0	0.0
13	NP_C1230T_syn	0.0	0.0	0.0	0.01275	0.0	0.0	0.0	0.0
14	HA_C272T_S91L	0.0	0.0	0.0	0.0	0.0109	0.0	0.0	0.0
15	NP_G501A_M167I	0.0	0.0	0.0	0.0	1.0	1.0	1.0	1.0
16	PA_A936G_syn	0.0	0.0	0.0	0.0	1.0	1.0	1.0	1.0
17	PB2_G1056A_syn	0.0	0.0	0.0	0.0	0.0	0.0	0.02155	0.0
18	NA_G234A_syn	0.0	0.0	0.0	0.0	0.0	0.0	0.0	0.0177
19	NS1_T240C_syn	0.0	0.0	0.0	0.0	0.0	0.0	0.0	0.01755
20	NEP_C827T_Q119*	0.0	0.0	0.0	0.0	0.0	0.0	0.0	0.0224
