	SNP	day1_index	day3_index	day5_index	day3_contact	day5_contact	day7_contact	day9_contact
0	HA_G410A_G137E	1.0	1.0	1.0	1.0	1.0	1.0	1.0
1	NA_G903A_syn	1.0	1.0	1.0	1.0	1.0	1.0	1.0
2	NA_G916A_A306T	1.0	1.0	1.0	1.0	1.0	1.0	1.0
3	HA_T1324C_syn	1.0	1.0	1.0	1.0	1.0	1.0	1.0
4	HA_C1497T_syn	1.0	1.0	1.0	1.0	1.0	1.0	1.0
5	NA_A866G_K289R	0.0	0.0216	0.0471	0.0	0.0	0.0	0.0
6	PB2_G1821A_syn	0.0	0.01095	0.0	0.0	0.0	0.0	0.0
7	NP_G111A_syn	0.0	0.0	0.0235	0.0	0.0	0.0	0.0
8	NS1_C276A_D92E	0.0	0.0	0.01195	0.0	0.0	0.0	0.0
9	PB1_G330A_syn	0.0	0.0	0.01215	0.0	0.0	0.0	0.0
10	NP_G436A_A146T	0.0	0.0	0.06295	0.0	0.0	0.0	0.0
11	PB2_G681A_syn	0.0	0.0	0.0314	0.0	0.0	0.0	0.0
12	NP_C922A_Q308K	0.0	0.0	0.02075	0.0	0.0	0.0	0.0
13	PB2_G1242A_syn	0.0	0.0	0.03275	0.0	0.0	0.0	0.0
14	PB2_G185A_R62K	0.0	0.0	0.0	0.07384999999999999	0.0	0.0	0.0
15	PB2_G524A_R175K	0.0	0.0	0.0	0.0636	0.0	0.0	0.0
16	PA_A681G_syn	0.0	0.0	0.0	0.39245	0.15	0.0	0.0
17	PB2_G1963A_V655M	0.0	0.0	0.0	0.0425	0.0	0.0	0.0
18	HA_G615A_syn	0.0	0.0	0.0	0.0	0.13665	0.1517	0.0
19	HA_A739C_N247H	0.0	0.0	0.0	0.0	0.0257	0.0172	0.0
20	NP_G987A_syn	0.0	0.0	0.0	0.0	0.0859	0.07554999999999999	0.018000000000000002
21	PB1_G1102A_V368I	0.0	0.0	0.0	0.0	0.0558	0.06685	0.25875
22	PB2_G1896A_syn	0.0	0.0	0.0	0.0	0.02545	0.0449	0.31835
23	NEP_T19C_S7P	0.0	0.0	0.0	0.0	0.0	0.01265	0.06345
24	NS1_T19C_S7P	0.0	0.0	0.0	0.0	0.0	0.01265	0.06345
25	PB1_A288G_syn	0.0	0.0	0.0	0.0	0.0	0.07375000000000001	0.0
26	PB2_G448A_G150S	0.0	0.0	0.0	0.0	0.0	0.01295	0.0
27	PB1_G699A_syn	0.0	0.0	0.0	0.0	0.0	0.08605	0.0
28	NA_C420T_syn	0.0	0.0	0.0	0.0	0.0	0.0	0.0488
29	PB2_A767G_D256G	0.0	0.0	0.0	0.0	0.0	0.0	0.032100000000000004
30	NP_G1006A_A336T	0.0	0.0	0.0	0.0	0.0	0.0	0.05495
31	PB1_A1112G_E371G	0.0	0.0	0.0	0.0	0.0	0.0	0.1507
