	SNP	day1	day3	day5	day7
0	PA_C169A_syn	0.0118	0.0	0.0	0.0
1	HA_G410A_G137E	0.0	0.85025	1.0	1.0
2	HA_T1324C_syn	0.0	0.85405	1.0	1.0
3	HA_C1497T_syn	0.0	0.8525	1.0	1.0
4	NA_A866G_K289R	0.0	0.0	1.0	1.0
5	NA_G903A_syn	0.0	0.0	1.0	1.0
6	NA_G916A_A306T	0.0	0.0	1.0	1.0
7	NP_G1453A_G485R	0.0	0.0	0.0253	0.0
8	PB2_G1605A_M535I	0.0	0.0	0.0139	0.0
9	M1_G75A_syn	0.0	0.0	0.0	0.01045
10	M2_C764A_L26I	0.0	0.0	0.0	0.0146
11	M2_G962A_V92I	0.0	0.0	0.0	0.0138
12	NP_C1218A_syn	0.0	0.0	0.0	0.01365
13	NP_C1230T_syn	0.0	0.0	0.0	0.01275
