	SNP	day1	day3	day5
0	HA_G410A_G137E	1.0	1.0	1.0
1	NA_G903A_syn	1.0	1.0	1.0
2	NA_G916A_A306T	1.0	1.0	1.0
3	HA_T1324C_syn	1.0	1.0	1.0
4	HA_C1497T_syn	1.0	1.0	1.0
5	NA_A866G_K289R	0.0	0.0216	0.0471
6	PB2_G1821A_syn	0.0	0.01095	0.0
7	NP_G111A_syn	0.0	0.0	0.0235
8	NS1_C276A_D92E	0.0	0.0	0.01195
9	PB1_G330A_syn	0.0	0.0	0.01215
10	NP_G436A_A146T	0.0	0.0	0.06295
11	PB2_G681A_syn	0.0	0.0	0.0314
12	NP_C922A_Q308K	0.0	0.0	0.02075
13	PB2_G1242A_syn	0.0	0.0	0.03275
