	SNP	day3	day5	day7	day9
0	PB2_G185A_R62K	0.07384999999999999	0.0	0.0	0.0
1	HA_G410A_G137E	1.0	1.0	1.0	1.0
2	PB2_G524A_R175K	0.0636	0.0	0.0	0.0
3	PA_A681G_syn	0.39245	0.15	0.0	0.0
4	NA_G903A_syn	1.0	1.0	1.0	1.0
5	NA_G916A_A306T	1.0	1.0	1.0	1.0
6	HA_T1324C_syn	1.0	1.0	1.0	1.0
7	HA_C1497T_syn	1.0	1.0	1.0	1.0
8	PB2_G1963A_V655M	0.0425	0.0	0.0	0.0
9	HA_G615A_syn	0.0	0.13665	0.1517	0.0
10	HA_A739C_N247H	0.0	0.0257	0.0172	0.0
11	NP_G987A_syn	0.0	0.0859	0.07554999999999999	0.018000000000000002
12	PB1_G1102A_V368I	0.0	0.0558	0.06685	0.25875
13	PB2_G1896A_syn	0.0	0.02545	0.0449	0.31835
14	NEP_T19C_S7P	0.0	0.0	0.01265	0.06345
15	NS1_T19C_S7P	0.0	0.0	0.01265	0.06345
16	PB1_A288G_syn	0.0	0.0	0.07375000000000001	0.0
17	PB2_G448A_G150S	0.0	0.0	0.01295	0.0
18	PB1_G699A_syn	0.0	0.0	0.08605	0.0
19	NA_C420T_syn	0.0	0.0	0.0	0.0488
20	PB2_A767G_D256G	0.0	0.0	0.0	0.032100000000000004
21	NP_G1006A_A336T	0.0	0.0	0.0	0.05495
22	PB1_A1112G_E371G	0.0	0.0	0.0	0.1507
