	SNP	day3	day5	day7	day9
0	HA_C272T_S91L	0.0109	0.0	0.0	0.0
1	HA_G410A_G137E	1.0	1.0	1.0	1.0
2	NP_G501A_M167I	1.0	1.0	1.0	1.0
3	NA_A866G_K289R	1.0	1.0	1.0	1.0
4	NA_G903A_syn	1.0	1.0	1.0	1.0
5	NA_G916A_A306T	1.0	1.0	1.0	1.0
6	PA_A936G_syn	1.0	1.0	1.0	1.0
7	HA_T1324C_syn	1.0	1.0	1.0	1.0
8	HA_C1497T_syn	1.0	1.0	1.0	1.0
9	PB2_G1056A_syn	0.0	0.0	0.02155	0.0
10	NA_G234A_syn	0.0	0.0	0.0	0.0177
11	NS1_T240C_syn	0.0	0.0	0.0	0.01755
12	NEP_C827T_Q119*	0.0	0.0	0.0	0.0224
