	SNP	day1	day3	day5
0	HA_G410A_G137E	1.0	1.0	1.0
1	NA_G903A_syn	1.0	1.0	1.0
2	NA_G916A_A306T	1.0	1.0	1.0
3	HA_T1324C_syn	1.0	1.0	1.0
4	HA_C1497T_syn	1.0	1.0	1.0
5	PB2_A1827C_syn	0.013999999999999999	0.0	0.0
6	PB2_G75A_syn	0.0	0.01165	0.0264
7	PB2_G621A_syn	0.0	0.01425	0.013499999999999998
8	NP_A866G_Y289C	0.0	0.01485	0.0
9	PB1_T1772C_V591A	0.0	0.017800000000000003	0.0
10	NS1_A425G_E142G	0.0	0.0	0.0265
11	M1_A623G_Q208R	0.0	0.0	0.0204
12	HA_T996C_syn	0.0	0.0	0.0394
13	HA_T1548C_syn	0.0	0.0	0.0284
14	PB2_G2151A_syn	0.0	0.0	0.02185
