	SNP	day3	day5	day7
0	HA_G410A_G137E	1.0	1.0	1.0
1	NEP_T832C_syn	0.03435	0.0511	0.03665
2	NA_A866G_K289R	1.0	1.0	1.0
3	NA_G903A_syn	1.0	1.0	1.0
4	NA_G916A_A306T	1.0	1.0	1.0
5	NA_G1125A_syn	0.0216	0.05335	0.07205
6	HA_T1324C_syn	1.0	1.0	1.0
7	HA_C1497T_syn	1.0	1.0	1.0
8	PB2_G1918A_V640M	0.5668500000000001	0.265	0.10695
9	M1_C249T_syn	0.0	0.0148	0.0
10	PB2_T1199C_V400A	0.0	0.0162	0.05005
11	PB1_C1494T_syn	0.0	0.01345	0.0144
12	PB2_T1972C_Y658H	0.0	0.0133	0.0
13	PB2_C1985T_T662I	0.0	0.02595	0.0
