	SNP	day3	day5
0	HA_G410A_G137E	1.0	1.0
1	NP_C427T_syn	0.218	0.2602
2	PB1_A515G_D172G	0.77365	0.6877500000000001
3	NA_A866G_K289R	1.0	1.0
4	NA_G903A_syn	1.0	1.0
5	NA_G916A_A306T	1.0	1.0
6	HA_T1324C_syn	1.0	1.0
7	HA_C1497T_syn	1.0	1.0
8	PB2_A22C_syn	0.0	0.10955
9	PB1_C810T_syn	0.0	0.02125
