	SNP	day1	day3	day5	day7
0	NEP_T7C_S3P	0.0272	0.031549999999999995	0.0653	0.0537
1	NS1_T7C_S3P	0.0272	0.031549999999999995	0.0653	0.0537
2	HA_G410A_G137E	1.0	1.0	1.0	1.0
3	NA_T852C_syn	0.0157	0.0	0.0	0.0
4	NA_G903A_syn	1.0	1.0	1.0	1.0
5	NA_G916A_A306T	1.0	1.0	1.0	1.0
6	HA_T1324C_syn	1.0	1.0	1.0	1.0
7	HA_C1497T_syn	1.0	1.0	1.0	1.0
8	PA_G1737A_M579I	0.0157	0.0	0.0	0.0
9	HA_T22C_F8L	0.0	0.01835	0.03045	0.0
10	HA_T32C_I11T	0.0	0.01715	0.0325	0.0
11	NS1_T411C_syn	0.0	0.0114	0.032	0.07139999999999999
12	HA_A528G_syn	0.0	0.017599999999999998	0.0397	0.09265
13	PB1_G537A_M179I	0.0	0.0302	0.0	0.0
14	HA_A605C_K202T	0.0	0.027350000000000003	0.0	0.0
15	PA_G674T_S225I	0.0	0.0143	0.0	0.0
16	PB1_A1500G_syn	0.0	0.026000000000000002	0.0	0.0
17	PB2_A877G_R293G	0.0	0.0	0.0142	0.0
18	HA_G880A_G294R	0.0	0.0	0.01105	0.0
19	NA_T1212C_syn	0.0	0.0	0.0148	0.0
20	PB2_G2101A_D701N	0.0	0.0	0.0153	0.1633
21	PB1_G2221T_A741S	0.0	0.0	0.0146	0.0
22	NP_G199A_V67I	0.0	0.0	0.0	0.0187
23	NS1_A309G_syn	0.0	0.0	0.0	0.01075
24	HA_C805T_syn	0.0	0.0	0.0	0.04485
25	PB2_G1164A_syn	0.0	0.0	0.0	0.06195000000000001
26	NP_G1450A_E484K	0.0	0.0	0.0	0.01345
