segment	gene	position	AAchange	frequency
A_GUANGDONG_17SF003_2016_H7	HA	1689	C563W	0.022099999999999998
A_GUANGDONG_17SF003_2016_PA	PA	307	P103T	0.0212
A_GUANGDONG_17SF003_2016_PA	PA	430	H144N	0.013300000000000001
A_GUANGDONG_17SF003_2016_PA	PA	628	T210A	0.015
A_GUANGDONG_17SF003_2016_PA	PA	1577	S526F	0.0123
