segment	gene	position	AAchange	frequency
A_GUANGDONG_17SF003_2016_H7	HA	62	I21T	0.0139
A_GUANGDONG_17SF003_2016_H7	HA	739	N247H	0.0257
A_GUANGDONG_17SF003_2016_N9	NA	44	I15T	0.019299999999999998
A_GUANGDONG_17SF003_2016_PA	PA	89	I30N	0.013500000000000002
A_GUANGDONG_17SF003_2016_PA	PA	172	G58S	0.0154
A_GUANGDONG_17SF003_2016_PA	PA	190	E64K	0.010700000000000001
A_GUANGDONG_17SF003_2016_PA	PA	550	S184R	0.015600000000000001
A_GUANGDONG_17SF003_2016_PA	PA	644	A215V	0.0217
A_GUANGDONG_17SF003_2016_PA	PA	653	S218N	0.0127
A_GUANGDONG_17SF003_2016_PA	PA	941	F314S	0.016399999999999998
A_GUANGDONG_17SF003_2016_PA	PA	1262	S421I	0.08130000000000001
A_GUANGDONG_17SF003_2016_PA	PA	1264	W422R	0.0155
A_GUANGDONG_17SF003_2016_PA	PA	1448	I483T	0.024399999999999998
A_GUANGDONG_17SF003_2016_PA	PA	1593	R531S	0.0151
A_GUANGDONG_17SF003_2016_PA	PA	1642	M548V	0.0181
A_GUANGDONG_17SF003_2016_PA	PA	1963	L655F	0.0818
A_GUANGDONG_17SF003_2016_PA	PA	2084	I695T	0.031200000000000002
A_GUANGDONG_17SF003_2016_PB1	PB1	53	I18T	0.010700000000000001
A_GUANGDONG_17SF003_2016_PB1	PB1	622	K208E	0.011399999999999999
A_GUANGDONG_17SF003_2016_PB1	PB1	1026	I342M	0.0128
A_GUANGDONG_17SF003_2016_PB1	PB1	1102	V368I	0.0558
A_GUANGDONG_17SF003_2016_PB1	PB1	1116	M372I	0.021400000000000002
A_GUANGDONG_17SF003_2016_PB1	PB1	1120	A374S	0.026600000000000002
A_GUANGDONG_17SF003_2016_PB1	PB1	2135	S712F	0.011699999999999999
