segment	gene	position	AAchange	frequency
A_GUANGDONG_17SF003_2016_H7	HA	17	L6P	0.0144
A_GUANGDONG_17SF003_2016_PA	PA	403	A135T	0.0138
A_GUANGDONG_17SF003_2016_PA	PA	501	S167R	0.015
A_GUANGDONG_17SF003_2016_PA	PA	502	R168G	0.0155
A_GUANGDONG_17SF003_2016_PA	PA	646	D216N	0.0654
A_GUANGDONG_17SF003_2016_PA	PA	697	V233M	0.011899999999999999
A_GUANGDONG_17SF003_2016_PA	PA	742	Q248K	0.023700000000000002
A_GUANGDONG_17SF003_2016_PB1	PB1	80	D27G	0.0125
A_GUANGDONG_17SF003_2016_PB1	PB1	499	L167F	0.0102
A_GUANGDONG_17SF003_2016_PB1	PB1	915	D305E	0.0123
A_GUANGDONG_17SF003_2016_PB1	PB1	976	T326S	0.013600000000000001
A_GUANGDONG_17SF003_2016_PB1	PB1	1060	G354R	0.0109
A_GUANGDONG_17SF003_2016_PB1	PB1	1224	M408I	0.0102
A_GUANGDONG_17SF003_2016_PB1	PB1	1400	Y467C	0.011000000000000001
A_GUANGDONG_17SF003_2016_PB1	PB1	1972	D658N	0.011399999999999999
A_GUANGDONG_17SF003_2016_PB1	PB1	2047	L683F	0.0115
A_GUANGDONG_17SF003_2016_PB1	PB1	2139	S713R	0.0144
