segment	gene	position	AAchange	frequency
A_GUANGDONG_17SF003_2016_H7	HA	1689	C563W	0.0495
A_GUANGDONG_17SF003_2016_MP	M2	965	N93D	0.0111
A_GUANGDONG_17SF003_2016_MP	M2	970	I94M	0.0154
A_GUANGDONG_17SF003_2016_PA	PA	44	E15A	0.1258
A_GUANGDONG_17SF003_2016_PA	PA	380	V127A	0.0152
A_GUANGDONG_17SF003_2016_PA	PA	1099	K367E	0.1241
A_GUANGDONG_17SF003_2016_PA	PA	1409	L470P	0.1158
A_GUANGDONG_17SF003_2016_PA	PA	2047	L683F	0.0118
A_GUANGDONG_17SF003_2016_PB1	PB1	1382	A461E	0.0108
A_GUANGDONG_17SF003_2016_PB1	PB1	2185	D729Y	0.0147
A_GUANGDONG_17SF003_2016_PB2	PB2	66	K22N	0.013600000000000001
A_GUANGDONG_17SF003_2016_PB2	PB2	1918	V640M	0.566875
