segment	gene	position	AAchange	frequency
A_GUANGDONG_17SF003_2016_MP	M1	607	M203L	0.042425
A_GUANGDONG_17SF003_2016_PA	PA	95	T32K	0.0233
A_GUANGDONG_17SF003_2016_PA	PA	374	R125K	0.031
A_GUANGDONG_17SF003_2016_PA	PA	703	G235R	0.016399999999999998
A_GUANGDONG_17SF003_2016_PA	PA	740	S247F	0.03
A_GUANGDONG_17SF003_2016_PA	PA	973	P325T	0.0105
A_GUANGDONG_17SF003_2016_PA	PA	1039	D347N	0.0398
A_GUANGDONG_17SF003_2016_PA	PA	1320	S440R	0.030600000000000002
A_GUANGDONG_17SF003_2016_PA	PA	1351	S451T	0.025099999999999997
A_GUANGDONG_17SF003_2016_PA	PA	1577	S526F	0.0478
A_GUANGDONG_17SF003_2016_PA	PA	1958	P653Q	0.0304
A_GUANGDONG_17SF003_2016_PB1	PB1	1198	T400A	0.0235
