segment	gene	position	AAchange	frequency
A_GUANGDONG_17SF003_2016_H7	HA	309	D103E	0.0125
A_GUANGDONG_17SF003_2016_H7	HA	492	N164K	0.014499999999999999
A_GUANGDONG_17SF003_2016_H7	HA	718	D240Y	0.0126
A_GUANGDONG_17SF003_2016_H7	HA	1389	E463D	0.025
A_GUANGDONG_17SF003_2016_H7	HA	1411	E471K	0.0151
A_GUANGDONG_17SF003_2016_H7	HA	1483	I495V	0.0213
A_GUANGDONG_17SF003_2016_H7	HA	1618	I540L	0.0176
A_GUANGDONG_17SF003_2016_H7	HA	1630	I544V	0.0167
A_GUANGDONG_17SF003_2016_MP	M1	11	L4P	0.024399999999999998
A_GUANGDONG_17SF003_2016_MP	M1	215	R72Q	0.0104
A_GUANGDONG_17SF003_2016_MP	M2	11	L4P	0.024399999999999998
A_GUANGDONG_17SF003_2016_N9	NA	182	Y61C	0.0111
A_GUANGDONG_17SF003_2016_N9	NA	215	M72K	0.0115
A_GUANGDONG_17SF003_2016_N9	NA	367	D123N	0.0101
A_GUANGDONG_17SF003_2016_NP	NP	340	E114K	0.015
A_GUANGDONG_17SF003_2016_NP	NP	1192	Q398K	0.019
A_GUANGDONG_17SF003_2016_NP	NP	1448	N483S	0.011000000000000001
A_GUANGDONG_17SF003_2016_NP	NP	1490	D497G	0.0147
A_GUANGDONG_17SF003_2016_NS	NEP	783	Q104P	0.0132
A_GUANGDONG_17SF003_2016_NS	NEP	791	L107I	0.0116
A_GUANGDONG_17SF003_2016_NS	NEP	803	Q111K	0.0111
A_GUANGDONG_17SF003_2016_PA	PA	59	A20G	0.028999999999999998
A_GUANGDONG_17SF003_2016_PA	PA	196	G66S	0.013000000000000001
A_GUANGDONG_17SF003_2016_PA	PA	347	R116Q	0.0252
A_GUANGDONG_17SF003_2016_PA	PA	464	M155K	0.0192
A_GUANGDONG_17SF003_2016_PA	PA	465	M155I	0.0197
A_GUANGDONG_17SF003_2016_PA	PA	1415	A472V	0.0337
A_GUANGDONG_17SF003_2016_PA	PA	1667	Q556R	0.0115
A_GUANGDONG_17SF003_2016_PA	PA	1900	G634R	0.031
A_GUANGDONG_17SF003_2016_PA	PA	1960	Q654K	0.0274
A_GUANGDONG_17SF003_2016_PA	PA	2044	D682N	0.0877
A_GUANGDONG_17SF003_2016_PB1	PB1	229	N77D	0.0276
A_GUANGDONG_17SF003_2016_PB1	PB1	389	D130G	0.015600000000000001
A_GUANGDONG_17SF003_2016_PB1	PB1	753	F251L	0.0245
A_GUANGDONG_17SF003_2016_PB1	PB1	761	F254S	0.0334
A_GUANGDONG_17SF003_2016_PB1	PB1	839	A280G	0.0101
A_GUANGDONG_17SF003_2016_PB1	PB1	1355	N452S	0.0338
A_GUANGDONG_17SF003_2016_PB1	PB1	1478	T493K	0.0366
A_GUANGDONG_17SF003_2016_PB1	PB1	1532	S511N	0.036000000000000004
A_GUANGDONG_17SF003_2016_PB1	PB1	1655	I552N	0.0102
A_GUANGDONG_17SF003_2016_PB1	PB1	2015	R672H	0.031
A_GUANGDONG_17SF003_2016_PB1	PB1	2101	P701T	0.043
A_GUANGDONG_17SF003_2016_PB2	PB2	903	N301K	0.0109
A_GUANGDONG_17SF003_2016_PB2	PB2	1694	S565Y	0.011899999999999999
