segment	gene	position	AAchange	frequency
A_GUANGDONG_17SF003_2016_H7	HA	29	L10Q	0.011000000000000001
A_GUANGDONG_17SF003_2016_H7	HA	739	N247H	0.0172
A_GUANGDONG_17SF003_2016_H7	HA	1690	I564V	0.0288
A_GUANGDONG_17SF003_2016_NS	NEP	19	S7P	0.012625
A_GUANGDONG_17SF003_2016_NS	NS1	19	S7P	0.012625
A_GUANGDONG_17SF003_2016_PA	PA	155	H52P	0.018799999999999997
A_GUANGDONG_17SF003_2016_PA	PA	218	K73R	0.0207
A_GUANGDONG_17SF003_2016_PA	PA	226	F76L	0.0398
A_GUANGDONG_17SF003_2016_PA	PA	394	L132I	0.0116
A_GUANGDONG_17SF003_2016_PA	PA	587	R196K	0.023799999999999998
A_GUANGDONG_17SF003_2016_PA	PA	1561	V521L	0.022099999999999998
A_GUANGDONG_17SF003_2016_PA	PA	1663	G555S	0.153
A_GUANGDONG_17SF003_2016_PA	PA	2084	I695T	0.031200000000000002
A_GUANGDONG_17SF003_2016_PB1	PB1	642	K214N	0.0159
A_GUANGDONG_17SF003_2016_PB1	PB1	1102	V368I	0.066825
A_GUANGDONG_17SF003_2016_PB1	PB1	1120	A374S	0.0159
A_GUANGDONG_17SF003_2016_PB2	PB2	349	T117P	0.0176
A_GUANGDONG_17SF003_2016_PB2	PB2	448	G150S	0.012974999999999999
