bins	day1	day3	day5
1-10%	0.8613861386138614	0.8666666666666667	0.8796296296296297
10-20%	0.07920792079207921	0.08888888888888889	0.05555555555555555
20-30%	0.04950495049504951	0.03333333333333333	0.027777777777777776
30-40%	0.009900990099009901	0.011111111111111112	0.027777777777777776
40-50%	0.0	0.0	0.0
50-60%	0.0	0.0	0.0
60-70%	0.0	0.0	0.009259259259259259
70-80%	0.0	0.0	0.0
80-90%	0.0	0.0	0.0
90-99%	0.0	0.0	0.0
