bins	day1	day3	day5
1-10%	0.8315789473684211	0.6935483870967742	0.8148148148148148
10-20%	0.09473684210526316	0.1935483870967742	0.1111111111111111
20-30%	0.042105263157894736	0.04838709677419355	0.04938271604938271
30-40%	0.021052631578947368	0.04838709677419355	0.0
40-50%	0.010526315789473684	0.016129032258064516	0.012345679012345678
50-60%	0.0	0.0	0.0
60-70%	0.0	0.0	0.0
70-80%	0.0	0.0	0.012345679012345678
80-90%	0.0	0.0	0.0
90-99%	0.0	0.0	0.0
