bins	day1	day3	day5	day7
1-10%	0.8636363636363636	0.8651685393258427	0.8505747126436781	0.746268656716418
10-20%	0.07272727272727272	0.056179775280898875	0.05747126436781609	0.1791044776119403
20-30%	0.02727272727272727	0.056179775280898875	0.06896551724137931	0.0
30-40%	0.03636363636363636	0.011235955056179775	0.0	0.04477611940298507
40-50%	0.0	0.0	0.011494252873563218	0.014925373134328358
50-60%	0.0	0.011235955056179775	0.0	0.0
60-70%	0.0	0.0	0.0	0.0
70-80%	0.0	0.0	0.0	0.0
80-90%	0.0	0.0	0.0	0.0
90-99%	0.0	0.0	0.011494252873563218	0.014925373134328358
