bins	day3	day5
1-10%	0.7727272727272727	0.625
10-20%	0.045454545454545456	0.3125
20-30%	0.0	0.0
30-40%	0.0	0.0
40-50%	0.0	0.0
50-60%	0.13636363636363635	0.0625
60-70%	0.045454545454545456	0.0
70-80%	0.0	0.0
80-90%	0.0	0.0
90-99%	0.0	0.0
