bins	day1	day3	day5	day7
1-10%	0.8235294117647058	0.8125	0.8333333333333334	0.6875
10-20%	0.0	0.0	0.05555555555555555	0.125
20-30%	0.17647058823529413	0.1875	0.0	0.0625
30-40%	0.0	0.0	0.05555555555555555	0.0
40-50%	0.0	0.0	0.05555555555555555	0.0
50-60%	0.0	0.0	0.0	0.0
60-70%	0.0	0.0	0.0	0.125
70-80%	0.0	0.0	0.0	0.0
80-90%	0.0	0.0	0.0	0.0
90-99%	0.0	0.0	0.0	0.0
