bins	day1	day3	day5
1-10%	0.5	0.75	0.8571428571428571
10-20%	0.25	0.125	0.0
20-30%	0.25	0.125	0.0
30-40%	0.0	0.0	0.0
40-50%	0.0	0.0	0.07142857142857142
50-60%	0.0	0.0	0.07142857142857142
60-70%	0.0	0.0	0.0
70-80%	0.0	0.0	0.0
80-90%	0.0	0.0	0.0
90-99%	0.0	0.0	0.0
