bins	day1	day3	day5
1-10%	0.8333333333333334	0.8636363636363636	0.6875
10-20%	0.0	0.045454545454545456	0.0
20-30%	0.16666666666666666	0.045454545454545456	0.125
30-40%	0.0	0.045454545454545456	0.0625
40-50%	0.0	0.0	0.0625
50-60%	0.0	0.0	0.0
60-70%	0.0	0.0	0.0625
70-80%	0.0	0.0	0.0
80-90%	0.0	0.0	0.0
90-99%	0.0	0.0	0.0
