bins	day1	day3	day5
1-10%	0.3333333333333333	0.6666666666666666	0.6
10-20%	0.6666666666666666	0.3333333333333333	0.4
20-30%	0.0	0.0	0.0
30-40%	0.0	0.0	0.0
40-50%	0.0	0.0	0.0
50-60%	0.0	0.0	0.0
60-70%	0.0	0.0	0.0
70-80%	0.0	0.0	0.0
80-90%	0.0	0.0	0.0
90-99%	0.0	0.0	0.0
