bins	day7	day9	day11
1-10%	0.42857142857142855	0.42105263157894735	0.29411764705882354
10-20%	0.0	0.05263157894736842	0.17647058823529413
20-30%	0.0	0.0	0.11764705882352941
30-40%	0.0	0.15789473684210525	0.058823529411764705
40-50%	0.0	0.05263157894736842	0.0
50-60%	0.0	0.3157894736842105	0.0
60-70%	0.0	0.0	0.11764705882352941
70-80%	0.0	0.0	0.23529411764705882
80-90%	0.0	0.0	0.0
90-99%	0.5714285714285714	0.0	0.0
