bins	day1	day3	day5	day7
1-10%		1.0	0.8571428571428571	0.5833333333333334
10-20%		0.0	0.0	0.08333333333333333
20-30%		0.0	0.07142857142857142	0.0
30-40%		0.0	0.0	0.25
40-50%		0.0	0.07142857142857142	0.0
50-60%		0.0	0.0	0.08333333333333333
60-70%		0.0	0.0	0.0
70-80%		0.0	0.0	0.0
80-90%		0.0	0.0	0.0
90-99%		0.0	0.0	0.0
