bins	day3	day5	day7	day9
1-10%	0.75	0.6666666666666666	0.9	0.6666666666666666
10-20%	0.0	0.3333333333333333	0.1	0.1111111111111111
20-30%	0.0	0.0	0.0	0.1111111111111111
30-40%	0.25	0.0	0.0	0.1111111111111111
40-50%	0.0	0.0	0.0	0.0
50-60%	0.0	0.0	0.0	0.0
60-70%	0.0	0.0	0.0	0.0
70-80%	0.0	0.0	0.0	0.0
80-90%	0.0	0.0	0.0	0.0
90-99%	0.0	0.0	0.0	0.0
