bins	day3	day5	day7
1-10%	0.6666666666666666	0.875	0.8
10-20%	0.0	0.0	0.2
20-30%	0.0	0.125	0.0
30-40%	0.0	0.0	0.0
40-50%	0.0	0.0	0.0
50-60%	0.3333333333333333	0.0	0.0
60-70%	0.0	0.0	0.0
70-80%	0.0	0.0	0.0
80-90%	0.0	0.0	0.0
90-99%	0.0	0.0	0.0
