bins	day11	day13	day15
1-10%	0.0	0.7142857142857143	0.5714285714285714
10-20%	0.0	0.0	0.11904761904761904
20-30%	1.0	0.0	0.023809523809523808
30-40%	0.0	0.14285714285714285	0.09523809523809523
40-50%	0.0	0.0	0.047619047619047616
50-60%	0.0	0.14285714285714285	0.023809523809523808
60-70%	0.0	0.0	0.0
70-80%	0.0	0.0	0.0
80-90%	0.0	0.0	0.07142857142857142
90-99%	0.0	0.0	0.047619047619047616
