segment	gene	position	AAchange	frequency
A_GUANGDONG_17SF003_2016_H7	HA	410	G137E	0.8871000000000001
A_GUANGDONG_17SF003_2016_H7	HA	416	R139I	0.033966666666666666
A_GUANGDONG_17SF003_2016_H7	HA	580	S194P	0.030233333333333334
A_GUANGDONG_17SF003_2016_H7	HA	859	E287K	0.0126
A_GUANGDONG_17SF003_2016_MP	M1	586	S196G	0.0104
A_GUANGDONG_17SF003_2016_MP	M1	655	V219I	0.23209999999999997
A_GUANGDONG_17SF003_2016_MP	M2	948	D87G	0.04416666666666667
A_GUANGDONG_17SF003_2016_N9	NA	50	I17T	0.012
A_GUANGDONG_17SF003_2016_NP	NP	272	K91R	0.1018
A_GUANGDONG_17SF003_2016_NS	NEP	537	R22K	0.03626666666666666
A_GUANGDONG_17SF003_2016_NS	NEP	609	G46E	0.17016666666666666
A_GUANGDONG_17SF003_2016_NS	NEP	617	A49S	0.013433333333333334
A_GUANGDONG_17SF003_2016_NS	NS1	253	P85S	0.18386666666666665
A_GUANGDONG_17SF003_2016_NS	NS1	274	D92N	0.021233333333333337
A_GUANGDONG_17SF003_2016_NS	NS1	357	M119I	0.07026666666666666
A_GUANGDONG_17SF003_2016_NS	NS1	380	N127T	0.011999999999999999
A_GUANGDONG_17SF003_2016_NS	NS1	609	W203*	0.17016666666666666
A_GUANGDONG_17SF003_2016_NS	NS1	617	S206I	0.013433333333333334
A_GUANGDONG_17SF003_2016_PA	PA	806	R269K	0.0127
A_GUANGDONG_17SF003_2016_PA	PA	811	P271S	0.045000000000000005
A_GUANGDONG_17SF003_2016_PA	PA	1070	T357I	0.04223333333333334
A_GUANGDONG_17SF003_2016_PA	PA	1076	N359S	0.4978
A_GUANGDONG_17SF003_2016_PA	PA	1552	V518I	0.020833333333333332
A_GUANGDONG_17SF003_2016_PA	PA	2014	L672F	0.2049
A_GUANGDONG_17SF003_2016_PB1	PB1	560	R187K	0.025999999999999995
A_GUANGDONG_17SF003_2016_PB1	PB1	598	V200L	0.03476666666666667
A_GUANGDONG_17SF003_2016_PB1	PB1	860	R287K	0.0301
A_GUANGDONG_17SF003_2016_PB1	PB1	967	T323A	0.032
A_GUANGDONG_17SF003_2016_PB1	PB1	1190	I397T	0.04053333333333333
A_GUANGDONG_17SF003_2016_PB1	PB1	1688	R563K	0.1609
A_GUANGDONG_17SF003_2016_PB1	PB1	1697	T566I	0.031
A_GUANGDONG_17SF003_2016_PB1	PB1	1826	V609A	0.022099999999999998
A_GUANGDONG_17SF003_2016_PB2	PB2	246	N82K	0.6002
A_GUANGDONG_17SF003_2016_PB2	PB2	1552	V518I	0.012
