segment	gene	position	AAchange	frequency
A_CALIFORNIA_04_2009_H1	HA	432	D144E	0.261975
A_CALIFORNIA_04_2009_H1	HA	436	N146D	0.020425
A_CALIFORNIA_04_2009_H1	HA	442	G148S	0.0105
A_CALIFORNIA_04_2009_H1	HA	475	K159E	0.029975
A_CALIFORNIA_04_2009_H1	HA	515	G172E	0.0567
A_CALIFORNIA_04_2009_H1	HA	598	S200P	0.25839999999999996
A_CALIFORNIA_04_2009_H1	HA	622	L208I	0.27337500000000003
A_CALIFORNIA_04_2009_H1	HA	635	A212E	0.024375
A_CALIFORNIA_04_2009_H1	HA	640	T214A	0.0436
A_CALIFORNIA_04_2009_H1	HA	677	K226T	0.0247
A_CALIFORNIA_04_2009_H1	HA	695	A232V	0.020375
A_CALIFORNIA_04_2009_H1	HA	839	S280F	0.015375
A_CALIFORNIA_04_2009_PA	PA	1364	A455G	0.016
A_CALIFORNIA_04_2009_PA	PA	1390	Y464H	0.0131
A_CALIFORNIA_04_2009_PB1	PB1	4	D2N	0.0229
A_CALIFORNIA_04_2009_PB1	PB1	627	K209N	0.0218
A_CALIFORNIA_04_2009_PB1	PB1	871	T291A	0.0269
A_CALIFORNIA_04_2009_PB1	PB1	1039	K347E	0.0219
A_CALIFORNIA_04_2009_PB1	PB1	1226	M409T	0.0124
A_CALIFORNIA_04_2009_PB1	PB1	1691	G564E	0.0105
A_CALIFORNIA_04_2009_PB1	PB1	1960	S654G	0.023700000000000002
A_CALIFORNIA_04_2009_PB1	PB1	2123	P708Q	0.0161
A_CALIFORNIA_04_2009_PB1	PB1	2147	E716G	0.0116
A_CALIFORNIA_04_2009_PB2	PB2	178	D60N	0.0139
A_CALIFORNIA_04_2009_PB2	PB2	299	N100S	0.0356
A_CALIFORNIA_04_2009_PB2	PB2	481	D161N	0.0262
A_CALIFORNIA_04_2009_PB2	PB2	541	S181P	0.0159
A_CALIFORNIA_04_2009_PB2	PB2	757	D253N	0.0274
A_CALIFORNIA_04_2009_PB2	PB2	1103	R368I	0.034
A_CALIFORNIA_04_2009_PB2	PB2	1699	D567N	0.0373
