segment	gene	position	AAchange	frequency
A_ANHUI_1_2013_H7	HA	262	L88I	0.0104
A_ANHUI_1_2013_H7	HA	567	W189*	0.013999999999999999
A_ANHUI_1_2013_H7	HA	1678	I560V	0.0144
A_ANHUI_1_2013_PA	PA	34	M12V	0.013500000000000002
A_ANHUI_1_2013_PA	PA	495	E165D	0.013300000000000001
A_ANHUI_1_2013_PA	PA	616	E206*	0.0174
A_ANHUI_1_2013_PA	PA	823	P275S	0.0154
A_ANHUI_1_2013_PA	PA	998	N333S	0.0178
A_ANHUI_1_2013_PA	PA	1633	I545V	0.0104
A_ANHUI_1_2013_PA	PA	1873	P625T	0.030975
A_ANHUI_1_2013_PA	PA	1931	S644C	0.014199999999999999
A_ANHUI_1_2013_PA	PA	2062	E688K	0.0105
A_ANHUI_1_2013_PB1	PB1	34	V12M	0.0209
A_ANHUI_1_2013_PB1	PB1	2188	F730V	0.0135
