segment	gene	position	AAchange	frequency
A_CALIFORNIA_04_2009_H1	HA	432	D144E	0.2971
A_CALIFORNIA_04_2009_H1	HA	436	N146D	0.0141
A_CALIFORNIA_04_2009_H1	HA	515	G172E	0.031424999999999995
A_CALIFORNIA_04_2009_H1	HA	598	S200P	0.290225
A_CALIFORNIA_04_2009_H1	HA	622	L208I	0.2355
A_CALIFORNIA_04_2009_H1	HA	635	A212E	0.017025
A_CALIFORNIA_04_2009_H1	HA	640	T214A	0.034
A_CALIFORNIA_04_2009_H1	HA	677	K226T	0.0189
A_CALIFORNIA_04_2009_H1	HA	839	S280F	0.011574999999999998
A_CALIFORNIA_04_2009_PA	PA	1490	K497R	0.0108
A_CALIFORNIA_04_2009_PB1	PB1	43	Q15K	0.0482
A_CALIFORNIA_04_2009_PB1	PB1	167	T56M	0.0104
A_CALIFORNIA_04_2009_PB1	PB1	331	M111V	0.0155
A_CALIFORNIA_04_2009_PB1	PB1	431	A144V	0.0108
A_CALIFORNIA_04_2009_PB1	PB1	529	E177K	0.0104
A_CALIFORNIA_04_2009_PB1	PB1	560	R187K	0.0146
A_CALIFORNIA_04_2009_PB1	PB1	703	K235Q	0.0132
A_CALIFORNIA_04_2009_PB1	PB1	871	T291A	0.022699999999999998
A_CALIFORNIA_04_2009_PB1	PB1	982	N328D	0.0148
A_CALIFORNIA_04_2009_PB1	PB1	1038	N346K	0.016
A_CALIFORNIA_04_2009_PB1	PB1	1060	G354R	0.018000000000000002
A_CALIFORNIA_04_2009_PB1	PB1	1082	R361K	0.0152
A_CALIFORNIA_04_2009_PB1	PB1	1108	A370T	0.0105
A_CALIFORNIA_04_2009_PB1	PB1	1166	I389N	0.0189
A_CALIFORNIA_04_2009_PB1	PB1	1196	G399D	0.012
A_CALIFORNIA_04_2009_PB1	PB1	1342	A448S	0.0126
A_CALIFORNIA_04_2009_PB1	PB1	1732	K578E	0.0159
A_CALIFORNIA_04_2009_PB1	PB1	1751	Q584R	0.0139
A_CALIFORNIA_04_2009_PB1	PB1	1808	N603S	0.0176
A_CALIFORNIA_04_2009_PB1	PB1	1830	C610*	0.0152
A_CALIFORNIA_04_2009_PB1	PB1	1838	W613*	0.015300000000000001
A_CALIFORNIA_04_2009_PB1	PB1	1909	I637V	0.018600000000000002
A_CALIFORNIA_04_2009_PB1	PB1	1910	I637T	0.024
A_CALIFORNIA_04_2009_PB1	PB1	1978	V660I	0.018275
A_CALIFORNIA_04_2009_PB1	PB1	2063	M688T	0.016
A_CALIFORNIA_04_2009_PB1	PB1	2142	M714I	0.014199999999999999
A_CALIFORNIA_04_2009_PB2	PB2	202	P68S	0.011200000000000002
A_CALIFORNIA_04_2009_PB2	PB2	442	N148D	0.0103
A_CALIFORNIA_04_2009_PB2	PB2	481	D161N	0.0331
A_CALIFORNIA_04_2009_PB2	PB2	484	V162M	0.014199999999999999
A_CALIFORNIA_04_2009_PB2	PB2	637	R213G	0.011000000000000001
A_CALIFORNIA_04_2009_PB2	PB2	662	A221G	0.011200000000000002
A_CALIFORNIA_04_2009_PB2	PB2	679	V227F	0.0101
A_CALIFORNIA_04_2009_PB2	PB2	1081	E361*	0.0116
A_CALIFORNIA_04_2009_PB2	PB2	1153	I385V	0.0126
A_CALIFORNIA_04_2009_PB2	PB2	2254	K752E	0.011000000000000001
