segment	gene	position	AAchange	frequency
A_GUANGDONG_17SF003_2016_H7	HA	22	F8L	0.018375000000000002
A_GUANGDONG_17SF003_2016_H7	HA	32	I11T	0.017175000000000003
A_GUANGDONG_17SF003_2016_H7	HA	605	K202T	0.027375000000000003
A_GUANGDONG_17SF003_2016_NS	NEP	7	S3P	0.031575000000000006
A_GUANGDONG_17SF003_2016_NS	NS1	7	S3P	0.031575000000000006
A_GUANGDONG_17SF003_2016_PA	PA	382	H128D	0.0154
A_GUANGDONG_17SF003_2016_PA	PA	455	G152E	0.0183
A_GUANGDONG_17SF003_2016_PA	PA	634	R212S	0.013600000000000001
A_GUANGDONG_17SF003_2016_PA	PA	674	S225I	0.0143
A_GUANGDONG_17SF003_2016_PA	PA	749	S250*	0.0102
A_GUANGDONG_17SF003_2016_PA	PA	810	L270F	0.0128
A_GUANGDONG_17SF003_2016_PA	PA	904	I302V	0.0134
A_GUANGDONG_17SF003_2016_PA	PA	1030	E344K	0.0141
A_GUANGDONG_17SF003_2016_PA	PA	1236	N412K	0.013500000000000002
A_GUANGDONG_17SF003_2016_PA	PA	1586	D529G	0.011200000000000002
A_GUANGDONG_17SF003_2016_PB1	PB1	34	V12M	0.0154
A_GUANGDONG_17SF003_2016_PB1	PB1	537	M179I	0.0302
A_GUANGDONG_17SF003_2016_PB1	PB1	1388	V463A	0.02
