segment	gene	position	AAchange	frequency
A_GUANGDONG_17SF003_2016_N9	NA	866	K289R	0.0216
A_GUANGDONG_17SF003_2016_PA	PA	10	F4V	0.037200000000000004
A_GUANGDONG_17SF003_2016_PA	PA	187	I63L	0.0493
A_GUANGDONG_17SF003_2016_PA	PA	308	P103H	0.0123
A_GUANGDONG_17SF003_2016_PA	PA	316	L106F	0.021400000000000002
A_GUANGDONG_17SF003_2016_PA	PA	499	S167C	0.028300000000000002
A_GUANGDONG_17SF003_2016_PA	PA	1063	P355S	0.0298
A_GUANGDONG_17SF003_2016_PA	PA	1097	L366S	0.0106
A_GUANGDONG_17SF003_2016_PA	PA	1099	K367Q	0.017
A_GUANGDONG_17SF003_2016_PA	PA	1130	E377G	0.0407
A_GUANGDONG_17SF003_2016_PA	PA	1157	D386G	0.0689
A_GUANGDONG_17SF003_2016_PA	PA	1174	Q392K	0.0672
A_GUANGDONG_17SF003_2016_PA	PA	1392	Y464*	0.0144
A_GUANGDONG_17SF003_2016_PA	PA	1441	Q481*	0.0105
A_GUANGDONG_17SF003_2016_PA	PA	1644	M548I	0.0192
A_GUANGDONG_17SF003_2016_PA	PA	1850	E617G	0.0739
A_GUANGDONG_17SF003_2016_PA	PA	1967	E656G	0.015300000000000001
A_GUANGDONG_17SF003_2016_PB2	PB2	209	R70K	0.011899999999999999
