segment	gene	position	AAchange	frequency
A_CALIFORNIA_04_2009_H1	HA	432	D144E	0.33627500000000005
A_CALIFORNIA_04_2009_H1	HA	436	N146D	0.058975
A_CALIFORNIA_04_2009_H1	HA	442	G148S	0.035625
A_CALIFORNIA_04_2009_H1	HA	515	G172E	0.0175
A_CALIFORNIA_04_2009_H1	HA	598	S200P	0.2882
A_CALIFORNIA_04_2009_H1	HA	622	L208I	0.119175
A_CALIFORNIA_04_2009_H1	HA	635	A212E	0.011324999999999998
A_CALIFORNIA_04_2009_H1	HA	640	T214A	0.034425
A_CALIFORNIA_04_2009_H1	HA	677	K226T	0.0143
A_CALIFORNIA_04_2009_PA	PA	820	P274A	0.014199999999999999
A_CALIFORNIA_04_2009_PA	PA	1882	V628M	0.011000000000000001
A_CALIFORNIA_04_2009_PB1	PB1	43	Q15K	0.019625
A_CALIFORNIA_04_2009_PB1	PB1	590	K197R	0.0181
A_CALIFORNIA_04_2009_PB1	PB1	871	T291A	0.0197
A_CALIFORNIA_04_2009_PB1	PB1	1147	E383K	0.015600000000000001
A_CALIFORNIA_04_2009_PB1	PB1	1233	M411I	0.0276
A_CALIFORNIA_04_2009_PB1	PB1	1868	R623K	0.013600000000000001
A_CALIFORNIA_04_2009_PB1	PB1	1888	P630T	0.013500000000000002
A_CALIFORNIA_04_2009_PB1	PB1	1916	S639F	0.0236
A_CALIFORNIA_04_2009_PB1	PB1	2064	M688I	0.013375000000000001
A_CALIFORNIA_04_2009_PB1	PB1	2065	Y689H	0.0144
A_CALIFORNIA_04_2009_PB1	PB1	2193	E731D	0.013600000000000001
A_CALIFORNIA_04_2009_PB1	PB1	2207	K736R	0.0189
A_CALIFORNIA_04_2009_PB1	PB1	2234	K745R	0.0398
A_CALIFORNIA_04_2009_PB2	PB2	161	R54K	0.016399999999999998
A_CALIFORNIA_04_2009_PB2	PB2	178	D60N	0.030575
A_CALIFORNIA_04_2009_PB2	PB2	184	R62G	0.0239
A_CALIFORNIA_04_2009_PB2	PB2	423	I141M	0.0275
A_CALIFORNIA_04_2009_PB2	PB2	481	D161N	0.045700000000000005
A_CALIFORNIA_04_2009_PB2	PB2	487	I163V	0.013999999999999999
A_CALIFORNIA_04_2009_PB2	PB2	626	R209K	0.0152
A_CALIFORNIA_04_2009_PB2	PB2	757	D253N	0.0111
A_CALIFORNIA_04_2009_PB2	PB2	760	D254N	0.0139
A_CALIFORNIA_04_2009_PB2	PB2	833	A278E	0.0204
A_CALIFORNIA_04_2009_PB2	PB2	925	D309N	0.016
A_CALIFORNIA_04_2009_PB2	PB2	983	F328S	0.013000000000000001
A_CALIFORNIA_04_2009_PB2	PB2	1002	S334R	0.0121
A_CALIFORNIA_04_2009_PB2	PB2	1401	M467I	0.0109
A_CALIFORNIA_04_2009_PB2	PB2	1835	T612N	0.0141
A_CALIFORNIA_04_2009_PB2	PB2	1891	M631L	0.0225
A_CALIFORNIA_04_2009_PB2	PB2	1900	S634P	0.014499999999999999
A_CALIFORNIA_04_2009_PB2	PB2	2218	D740H	0.0127
