segment	gene	position	AAchange	frequency
A_CALIFORNIA_04_2009_H1	HA	432	D144E	0.157925
A_CALIFORNIA_04_2009_H1	HA	436	N146D	0.036425
A_CALIFORNIA_04_2009_H1	HA	442	G148S	0.026225000000000002
A_CALIFORNIA_04_2009_H1	HA	598	S200P	0.157675
A_CALIFORNIA_04_2009_NS	NEP	521	S17P	0.063425
A_CALIFORNIA_04_2009_NS	NS1	329	K110R	0.012974999999999999
A_CALIFORNIA_04_2009_NS	NS1	521	V174A	0.063425
A_CALIFORNIA_04_2009_PA	PA	89	I30T	0.173
A_CALIFORNIA_04_2009_PA	PA	974	P325L	0.0318
A_CALIFORNIA_04_2009_PA	PA	1282	I428L	0.0172
A_CALIFORNIA_04_2009_PA	PA	1330	N444D	0.0129
A_CALIFORNIA_04_2009_PA	PA	1376	I459T	0.0229
A_CALIFORNIA_04_2009_PA	PA	2051	G684E	0.528575
A_CALIFORNIA_04_2009_PB1	PB1	43	Q15K	0.0495
A_CALIFORNIA_04_2009_PB1	PB1	50	A17D	0.0115
A_CALIFORNIA_04_2009_PB1	PB1	424	A142T	0.0102
A_CALIFORNIA_04_2009_PB1	PB1	451	R151*	0.050499999999999996
A_CALIFORNIA_04_2009_PB1	PB1	566	R189K	0.0588
A_CALIFORNIA_04_2009_PB1	PB1	625	K209E	0.0483
A_CALIFORNIA_04_2009_PB1	PB1	854	V285A	0.0146
A_CALIFORNIA_04_2009_PB1	PB1	1120	A374T	0.033
A_CALIFORNIA_04_2009_PB1	PB1	1469	F490S	0.0196
A_CALIFORNIA_04_2009_PB1	PB1	1573	I525V	0.0174
A_CALIFORNIA_04_2009_PB1	PB1	1842	E614D	0.020099999999999996
A_CALIFORNIA_04_2009_PB1	PB1	1874	C625F	0.0108
A_CALIFORNIA_04_2009_PB1	PB1	1879	P627S	0.08349999999999999
A_CALIFORNIA_04_2009_PB1	PB1	2230	M744V	0.08869999999999999
A_CALIFORNIA_04_2009_PB2	PB2	202	P68S	0.0125
A_CALIFORNIA_04_2009_PB2	PB2	205	E69K	0.0137
A_CALIFORNIA_04_2009_PB2	PB2	272	V91A	0.048625
A_CALIFORNIA_04_2009_PB2	PB2	412	Q138E	0.0395
A_CALIFORNIA_04_2009_PB2	PB2	1252	L418M	0.061625
