segment	gene	position	AAchange	frequency
A_GUANGDONG_17SF003_2016_PA	PA	58	A20T	0.0138
A_GUANGDONG_17SF003_2016_PA	PA	136	F46L	0.015175
A_GUANGDONG_17SF003_2016_PA	PA	165	D55E	0.012
A_GUANGDONG_17SF003_2016_PA	PA	197	G66V	0.011000000000000001
A_GUANGDONG_17SF003_2016_PA	PA	376	E126K	0.0111
A_GUANGDONG_17SF003_2016_PA	PA	1043	I348T	0.015600000000000001
A_GUANGDONG_17SF003_2016_PA	PA	1077	N359K	0.0152
A_GUANGDONG_17SF003_2016_PA	PA	1118	N373S	0.015700000000000002
A_GUANGDONG_17SF003_2016_PA	PA	1256	D419G	0.016200000000000003
A_GUANGDONG_17SF003_2016_PA	PA	1373	Y458C	0.023700000000000002
A_GUANGDONG_17SF003_2016_PA	PA	1622	C541F	0.018000000000000002
A_GUANGDONG_17SF003_2016_PA	PA	2143	L715V	0.0218
