segment	gene	position	AAchange	frequency
A_GUANGDONG_17SF003_2016_H7	HA	70	G24R	0.0132
A_GUANGDONG_17SF003_2016_H7	HA	502	A168T	0.0102
A_GUANGDONG_17SF003_2016_H7	HA	556	I186V	0.023700000000000002
A_GUANGDONG_17SF003_2016_H7	HA	1082	I361N	0.0101
A_GUANGDONG_17SF003_2016_H7	HA	1271	I424K	0.0101
A_GUANGDONG_17SF003_2016_H7	HA	1453	H485Y	0.0102
A_GUANGDONG_17SF003_2016_H7	HA	1642	L548I	0.0103
A_GUANGDONG_17SF003_2016_H7	HA	1689	C563W	0.04019999999999999
A_GUANGDONG_17SF003_2016_NP	NP	1464	F488L	0.011899999999999999
A_GUANGDONG_17SF003_2016_NS	NEP	537	R22I	0.0149
A_GUANGDONG_17SF003_2016_NS	NS1	537	E179D	0.0149
A_GUANGDONG_17SF003_2016_PA	PA	98	N33T	0.0248
A_GUANGDONG_17SF003_2016_PA	PA	484	T162A	0.0166
A_GUANGDONG_17SF003_2016_PA	PA	1130	E377V	0.0166
A_GUANGDONG_17SF003_2016_PA	PA	2062	E688K	0.0149
A_GUANGDONG_17SF003_2016_PB1	PB1	593	K198R	0.0163
A_GUANGDONG_17SF003_2016_PB1	PB1	617	G206E	0.011899999999999999
A_GUANGDONG_17SF003_2016_PB1	PB1	632	R211K	0.0178
A_GUANGDONG_17SF003_2016_PB1	PB1	754	V252M	0.0134
A_GUANGDONG_17SF003_2016_PB1	PB1	1100	Q367P	0.013000000000000001
A_GUANGDONG_17SF003_2016_PB1	PB1	1198	T400A	0.0104
A_GUANGDONG_17SF003_2016_PB1	PB1	1227	M409I	0.011899999999999999
A_GUANGDONG_17SF003_2016_PB1	PB1	1366	H456Y	0.0132
A_GUANGDONG_17SF003_2016_PB1	PB1	1475	F492S	0.011200000000000002
A_GUANGDONG_17SF003_2016_PB1	PB1	1790	N597T	0.0139
A_GUANGDONG_17SF003_2016_PB1	PB1	1855	D619N	0.018799999999999997
A_GUANGDONG_17SF003_2016_PB1	PB1	1901	H634R	0.0118
A_GUANGDONG_17SF003_2016_PB1	PB1	2044	I682V	0.0147
A_GUANGDONG_17SF003_2016_PB1	PB1	2126	V709A	0.011699999999999999
A_GUANGDONG_17SF003_2016_PB1	PB1	2231	M744T	0.0124
A_GUANGDONG_17SF003_2016_PB2	PB2	209	R70K	0.011000000000000001
A_GUANGDONG_17SF003_2016_PB2	PB2	1085	E362G	0.0101
A_GUANGDONG_17SF003_2016_PB2	PB2	1199	V400A	0.050025
A_GUANGDONG_17SF003_2016_PB2	PB2	1918	V640M	0.10697499999999999
