	POS	REF	ALT	gene	annotation	FREQ	read_depth	SNP
0	34	G	A	PB1	V12M	0.0393	458	PB1_G34A_V12M
1	846	C	T	PA	syn	0.0113	4439	PA_C846T_syn
2	1965	C	A	PA	syn	0.9995	4317	PA_C1965A_syn
3	421	A	G	HA	N141D	1.0	5806	HA_A421G_N141D
4	499	A	G	HA	N167D	1.0	5114	HA_A499G_N167D
5	704	T	A	HA	L235Q	0.9998999999999999	9417	HA_T704A_L235Q
6	29	C	T	NA	T10I	1.0	332	NA_C29T_T10I
8	838	C	T	M2	syn	0.9995	5791	M2_C838T_syn
10	698	A	G	NEP	I76V	0.9984000000000001	6307	NEP_A698G_I76V
