	POS	REF	ALT	gene	annotation	FREQ	read_depth	SNP
0	2277	T	A	PB2	N759K	0.0131	535	PB2_T2277A_N759K
1	34	G	A	PB1	V12M	0.0197	355	PB1_G34A_V12M
2	282	C	T	PB1	syn	0.0127	7187	PB1_C282T_syn
3	498	C	T	PB1	syn	0.010700000000000001	5999	PB1_C498T_syn
4	670	T	A	PB1	L224M	0.0103	5726	PB1_T670A_L224M
5	1575	T	A	PB1	syn	0.011000000000000001	4286	PB1_T1575A_syn
6	2076	C	T	PB1	syn	0.0242	4800	PB1_C2076T_syn
7	569	C	T	PA	S190F	0.0159	3203	PA_C569T_S190F
8	1693	G	A	PA	V565M	0.0359	3038	PA_G1693A_V565M
9	1862	T	A	PA	I621N	0.0179	3234	PA_T1862A_I621N
10	1958	C	A	PA	P653Q	0.0345	3766	PA_C1958A_P653Q
11	1965	C	A	PA	syn	1.0	3748	PA_C1965A_syn
12	421	A	G	HA	N141D	0.9997	6326	HA_A421G_N141D
13	499	A	G	HA	N167D	1.0	5784	HA_A499G_N167D
14	704	T	A	HA	L235Q	0.9998	9911	HA_T704A_L235Q
15	776	C	G	HA	A259G	0.010700000000000001	10017	HA_C776G_A259G
16	1006	C	T	HA	P336S	0.026600000000000002	8009	HA_C1006T_P336S
17	1046	T	A	HA	I349N	0.0241	7676	HA_T1046A_I349N
18	1670	C	T	HA	T557I	0.0825	1334	HA_C1670T_T557I
19	29	C	T	NA	T10I	0.9975	403	NA_C29T_T10I
21	838	C	T	M2	syn	0.9993000000000001	5773	M2_C838T_syn
23	698	A	G	NEP	I76V	0.9994	6537	NEP_A698G_I76V
