	POS	REF	ALT	gene	annotation	FREQ	read_depth	SNP
0	34	G	A	PB1	V12M	0.0209	335	PB1_G34A_V12M
1	99	A	G	PB1	syn	0.041299999999999996	2010	PB1_A99G_syn
2	1785	G	A	PB1	syn	0.0172	6569	PB1_G1785A_syn
3	2076	C	T	PB1	syn	0.015600000000000001	4564	PB1_C2076T_syn
4	2188	T	G	PB1	F730V	0.0134	2016	PB1_T2188G_F730V
5	34	A	G	PA	M12V	0.013500000000000002	814	PA_A34G_M12V
6	153	C	T	PA	syn	0.0169	2481	PA_C153T_syn
7	252	A	G	PA	syn	0.0127	3157	PA_A252G_syn
8	495	A	T	PA	E165D	0.013300000000000001	4366	PA_A495T_E165D
9	616	G	T	PA	E206*	0.0174	5462	PA_G616T_E206*
10	823	C	T	PA	P275S	0.0154	5668	PA_C823T_P275S
11	998	A	G	PA	N333S	0.0178	6701	PA_A998G_N333S
12	1242	G	A	PA	syn	0.014199999999999999	7165	PA_G1242A_syn
13	1873	C	A	PA	P625T	0.0255	5441	PA_C1873A_P625T
14	1931	C	G	PA	S644C	0.014199999999999999	5491	PA_C1931G_S644C
15	1965	C	A	PA	syn	0.9994	5400	PA_C1965A_syn
16	2062	G	A	PA	E688K	0.0105	4207	PA_G2062A_E688K
17	262	C	A	HA	L88I	0.0104	7003	HA_C262A_L88I
18	421	A	G	HA	N141D	0.9997	6821	HA_A421G_N141D
19	499	A	G	HA	N167D	0.9998	6347	HA_A499G_N167D
20	567	G	A	HA	W189*	0.013999999999999999	7153	HA_G567A_W189*
21	704	T	A	HA	L235Q	0.9998	9908	HA_T704A_L235Q
22	1269	C	G	HA	syn	0.0108	8227	HA_C1269G_syn
23	29	C	T	NA	T10I	1.0	297	NA_C29T_T10I
25	838	C	T	M2	syn	0.9995999999999999	5533	M2_C838T_syn
27	698	A	G	NEP	I76V	0.9994	6735	NEP_A698G_I76V
