	POS	REF	ALT	gene	annotation	FREQ	read_depth	SNP
0	99	A	G	PB1	syn	0.0369	2248	PB1_A99G_syn
1	1785	G	A	PB1	syn	0.0143	6720	PB1_G1785A_syn
2	2076	C	T	PB1	syn	0.014499999999999999	5241	PB1_C2076T_syn
3	2188	T	G	PB1	F730V	0.013600000000000001	2287	PB1_T2188G_F730V
4	1332	C	T	PA	syn	0.0287	4636	PA_C1332T_syn
5	1633	A	G	PA	I545V	0.0104	3744	PA_A1633G_I545V
6	1873	C	A	PA	P625T	0.0364	3924	PA_C1873A_P625T
7	1965	C	A	PA	syn	0.9998	4146	PA_C1965A_syn
8	421	A	G	HA	N141D	0.9994	4732	HA_A421G_N141D
9	499	A	G	HA	N167D	1.0	4165	HA_A499G_N167D
10	704	T	A	HA	L235Q	1.0	6774	HA_T704A_L235Q
11	1491	T	C	HA	syn	0.0134	4774	HA_T1491C_syn
12	1678	A	G	HA	I560V	0.0144	554	HA_A1678G_I560V
13	29	C	T	NA	T10I	1.0	485	NA_C29T_T10I
15	838	C	T	M2	syn	1.0	4540	M2_C838T_syn
17	698	A	G	NEP	I76V	0.9998	8357	NEP_A698G_I76V
