	POS	REF	ALT	gene	annotation	FREQ	read_depth	SNP
0	178	G	A	PB2	D60N	0.0149	3835	PB2_G178A_D60N
1	180	C	G	PB2	D60E	0.0149	3816	PB2_C180G_D60E
2	690	G	A	PB2	syn	0.015700000000000002	5215	PB2_G690A_syn
3	693	G	T	PB2	syn	0.0194	5263	PB2_G693T_syn
4	1413	G	A	PB2	syn	0.07780000000000001	5485	PB2_G1413A_syn
5	1463	A	G	PB2	Y488C	0.0101	5243	PB2_A1463G_Y488C
6	2061	G	A	PB2	syn	0.0171	5547	PB2_G2061A_syn
7	839	C	G	PB1	A280G	0.010700000000000001	4684	PB1_C839G_A280G
8	871	A	G	PB1	T291A	0.011200000000000002	4644	PB1_A871G_T291A
9	955	C	T	PB1	syn	0.029500000000000002	4579	PB1_C955T_syn
10	980	G	A	PB1	R327K	0.0147	4621	PB1_G980A_R327K
11	1464	G	A	PB1	syn	0.0215	6008	PB1_G1464A_syn
12	2009	G	A	PB1	R670K	0.025699999999999997	5536	PB1_G2009A_R670K
13	120	A	C	PA	syn	0.0101	3693	PA_A120C_syn
14	678	T	C	PA	syn	0.3194	6031	PA_T678C_syn
15	1077	C	T	PA	syn	0.010700000000000001	8447	PA_C1077T_syn
16	1603	C	T	PA	H535Y	0.013000000000000001	8063	PA_C1603T_H535Y
17	1786	A	G	PA	I596V	0.011200000000000002	8747	PA_A1786G_I596V
18	2080	T	C	PA	syn	0.0345	5510	PA_T2080C_syn
19	509	A	G	HA	K170R	0.0131	7379	HA_A509G_K170R
20	561	G	A	HA	syn	0.041100000000000005	6878	HA_G561A_syn
21	574	G	A	HA	V192M	0.0971	7025	HA_G574A_V192M
22	621	T	G	HA	S207R	0.857	7104	HA_T621G_S207R
23	1024	C	T	HA	Q342*	0.0784	7881	HA_C1024T_Q342*
24	143	A	G	NP	K48R	0.0139	7140	NP_A143G_K48R
25	149	G	A	NP	S50N	0.0213	7150	NP_G149A_S50N
26	475	A	C	NP	M159L	0.018000000000000002	10736	NP_A475C_M159L
27	568	G	A	NP	A190T	0.0131	10750	NP_G568A_A190T
28	847	C	A	NP	L283I	0.0321	10856	NP_C847A_L283I
29	1290	C	A	NP	S430R	0.045700000000000005	9126	NP_C1290A_S430R
30	1330	G	A	NP	V444I	0.0269	8668	NP_G1330A_V444I
31	1351	G	T	NP	A451S	0.0443	7678	NP_G1351T_A451S
32	1358	C	T	NP	P453L	0.0109	7580	NP_C1358T_P453L
33	1453	G	A	NP	G485R	0.0579	4143	NP_G1453A_G485R
35	896	G	A	M2	E70K	0.0163	9849	M2_G896A_E70K
36	106	C	A	NS1	L36I	0.0416	8659	NS1_C106A_L36I
