	POS	REF	ALT	gene	annotation	FREQ	read_depth	SNP
0	1413	G	A	PB2	syn	0.19579999999999997	5057	PB2_G1413A_syn
1	306	G	A	PA	syn	0.011899999999999999	4107	PA_G306A_syn
2	536	A	C	HA	N179T	0.0273	5539	HA_A536C_N179T
3	722	A	G	HA	E241G	0.054400000000000004	5997	HA_A722G_E241G
4	1125	G	A	HA	syn	0.20350000000000001	3701	HA_G1125A_syn
5	1188	G	A	HA	syn	0.10289999999999999	2681	HA_G1188A_syn
6	1223	C	T	HA	T408I	0.3533	2873	HA_C1223T_T408I
7	568	G	A	NP	A190T	0.0331	11019	NP_G568A_A190T
8	45	G	A	NA	M15I	0.0128	1645	NA_G45A_M15I
9	56	T	C	NA	M19T	0.0513	1909	NA_T56C_M19T
10	254	T	C	NA	L85S	0.011899999999999999	7736	NA_T254C_L85S
11	327	T	G	NA	syn	0.024900000000000002	10083	NA_T327G_syn
12	461	C	T	NA	P154L	0.010700000000000001	12859	NA_C461T_P154L
13	918	C	T	NA	syn	0.012199999999999999	11146	NA_C918T_syn
14	1033	G	A	NA	G345R	0.0255	12804	NA_G1033A_G345R
15	1270	G	A	NA	V424I	0.0109	8772	NA_G1270A_V424I
16	105	G	A	M1	syn	0.0512	4218	M1_G105A_syn
18	539	T	G	NS1	V180G	0.16519999999999999	14177	NS1_T539G_V180G
19	539	T	G	NEP	S23A	0.16519999999999999	14177	NEP_T539G_S23A
