	POS	REF	ALT	gene	annotation	FREQ	read_depth	SNP
0	53	A	G	PB2	E18G	0.0121	993	PB2_A53G_E18G
1	1413	G	A	PB2	syn	0.34869999999999995	4534	PB2_G1413A_syn
2	2261	T	G	PB2	I754S	0.010700000000000001	748	PB2_T2261G_I754S
3	582	C	A	PB1	N194K	0.0144	2288	PB1_C582A_N194K
4	76	G	A	HA	A26T	0.0189	1058	HA_G76A_A26T
5	183	A	T	HA	syn	0.0111	2615	HA_A183T_syn
6	536	A	G	HA	N179S	0.014199999999999999	2679	HA_A536G_N179S
7	537	C	A	HA	N179K	0.0252	2654	HA_C537A_N179K
8	542	C	T	HA	T181I	0.037200000000000004	2636	HA_C542T_T181I
9	619	A	C	HA	S207R	0.0191	2515	HA_A619C_S207R
10	621	T	A	HA	S207R	0.011399999999999999	2533	HA_T621A_S207R
11	622	C	A	HA	L208I	0.0212	2597	HA_C622A_L208I
12	708	A	G	HA	syn	0.0108	2780	HA_A708G_syn
13	721	G	A	HA	E241K	0.0147	2986	HA_G721A_E241K
14	722	A	G	HA	E241G	0.226	2951	HA_A722G_E241G
15	997	A	T	HA	T333S	0.011200000000000002	2669	HA_A997T_T333S
16	1020	T	C	HA	syn	0.0103	2425	HA_T1020C_syn
17	1146	G	A	HA	syn	0.0401	1198	HA_G1146A_syn
18	1181	A	G	HA	N394S	0.0147	883	HA_A1181G_N394S
19	1188	G	A	HA	syn	0.1875	816	HA_G1188A_syn
20	1255	A	C	HA	K419Q	0.016399999999999998	669	HA_A1255C_K419Q
21	1349	G	A	HA	R450K	0.0139	863	HA_G1349A_R450K
22	1503	T	G	HA	Y501*	0.011399999999999999	1138	HA_T1503G_Y501*
23	1523	A	G	HA	E508G	0.0124	1050	HA_A1523G_E508G
24	1678	C	A	HA	L560I	0.0151	464	HA_C1678A_L560I
25	568	G	A	NP	A190T	0.0189	5877	NP_G568A_A190T
26	649	G	A	NP	V217I	0.0125	5758	NP_G649A_V217I
27	1217	T	C	NP	I406T	0.165	4933	NP_T1217C_I406T
28	741	G	A	M1	syn	0.013000000000000001	11189	M1_G741A_syn
29	741	G	A	M2	R18K	0.013000000000000001	11189	M2_G741A_R18K
30	539	T	G	NS1	V180G	0.1655	9792	NS1_T539G_V180G
31	539	T	G	NEP	S23A	0.1655	9792	NEP_T539G_S23A
