	POS	REF	ALT	gene	annotation	FREQ	read_depth	SNP
0	1413	G	A	PB2	syn	0.0667	5696	PB2_G1413A_syn
1	1209	G	A	PB1	syn	0.0163	2757	PB1_G1209A_syn
2	317	C	A	HA	T106K	0.013300000000000001	2181	HA_C317A_T106K
3	430	G	A	HA	D144N	0.022099999999999998	2037	HA_G430A_D144N
4	530	A	G	HA	K177R	0.0192	1825	HA_A530G_K177R
5	846	T	C	HA	syn	0.0148	2298	HA_T846C_syn
6	976	A	G	HA	S326G	0.019299999999999998	1970	HA_A976G_S326G
7	1188	G	A	HA	syn	0.0495	485	HA_G1188A_syn
8	1261	A	G	HA	I421V	0.0177	452	HA_A1261G_I421V
9	1570	C	T	HA	P524S	0.4509	703	HA_C1570T_P524S
10	375	T	A	NA	syn	0.015300000000000001	6786	NA_T375A_syn
11	1085	C	T	NA	T362I	0.012199999999999999	6415	NA_C1085T_T362I
