	POS	REF	ALT	gene	annotation	FREQ	read_depth	SNP
0	438	T	C	PB2	syn	0.0113	4255	PB2_T438C_syn
1	612	G	A	PB2	syn	0.075	5640	PB2_G612A_syn
2	842	T	C	PB2	L281S	0.0584	6355	PB2_T842C_L281S
3	1413	G	A	PB2	syn	0.2432	5904	PB2_G1413A_syn
4	1843	A	G	PB2	I615V	0.020099999999999996	5430	PB2_A1843G_I615V
5	2028	T	A	PB2	syn	0.0123	5360	PB2_T2028A_syn
6	468	A	T	PB1	syn	0.0298	4603	PB1_A468T_syn
7	240	A	T	PA	E80D	0.0433	4276	PA_A240T_E80D
8	258	G	T	PA	M86I	0.013500000000000002	4226	PA_G258T_M86I
9	1326	G	A	PA	syn	0.0254	8266	PA_G1326A_syn
10	1351	T	G	PA	S451A	0.0101	8210	PA_T1351G_S451A
11	1902	A	G	PA	syn	0.0103	7280	PA_A1902G_syn
12	191	T	C	HA	V64A	0.139	13482	HA_T191C_V64A
13	619	A	C	HA	S207R	0.0113	8641	HA_A619C_S207R
14	645	T	A	HA	Y215*	0.1324	9363	HA_T645A_Y215*
15	662	C	T	HA	S221L	0.1525	10262	HA_C662T_S221L
16	931	A	G	HA	N311D	0.155	12654	HA_A931G_N311D
17	965	A	G	HA	K322R	0.129	12191	HA_A965G_K322R
