	POS	REF	ALT	gene	annotation	FREQ	read_depth	SNP
0	678	T	C	PA	syn	0.5224	134	PA_T678C_syn
1	214	T	A	HA	C72S	0.0473	5541	HA_T214A_C72S
2	619	A	C	HA	S207R	0.032799999999999996	4782	HA_A619C_S207R
3	621	T	G	HA	S207R	0.1888	4789	HA_T621G_S207R
4	721	G	A	HA	E241K	0.12029999999999999	5554	HA_G721A_E241K
5	766	A	G	HA	K256E	0.027000000000000003	5819	HA_A766G_K256E
6	870	C	A	HA	H290Q	0.023	5821	HA_C870A_H290Q
7	1629	G	A	HA	syn	0.0102	1464	HA_G1629A_syn
8	1647	A	G	HA	syn	0.0416	1273	HA_A1647G_syn
9	1678	C	A	HA	L560I	0.013000000000000001	921	HA_C1678A_L560I
10	143	A	G	NP	K48R	0.0126	4762	NP_A143G_K48R
11	149	G	A	NP	S50N	0.0291	4921	NP_G149A_S50N
12	475	A	C	NP	M159L	0.011899999999999999	8582	NP_A475C_M159L
13	568	G	A	NP	A190T	0.0128	8812	NP_G568A_A190T
14	847	C	A	NP	L283I	0.0329	7976	NP_C847A_L283I
15	1005	T	C	NP	syn	0.0102	7520	NP_T1005C_syn
16	1290	C	A	NP	S430R	0.0352	6881	NP_C1290A_S430R
17	1330	G	A	NP	V444I	0.0253	6373	NP_G1330A_V444I
18	1351	G	T	NP	A451S	0.0336	5452	NP_G1351T_A451S
19	1358	C	T	NP	P453L	0.0125	5295	NP_C1358T_P453L
20	1453	G	A	NP	G485R	0.0629	2972	NP_G1453A_G485R
21	87	A	C	NA	syn	0.1223	1850	NA_A87C_syn
23	896	G	A	M2	E70K	0.0146	7787	M2_G896A_E70K
24	106	C	A	NS1	L36I	0.051500000000000004	9338	NS1_C106A_L36I
