	POS	REF	ALT	gene	annotation	FREQ	read_depth	SNP
0	178	G	A	PB2	D60N	0.0139	5239	PB2_G178A_D60N
1	481	G	A	PB2	D161N	0.0262	6676	PB2_G481A_D161N
2	1974	C	T	PB2	syn	0.0118	7933	PB2_C1974T_syn
3	735	G	A	PB1	syn	0.022000000000000002	5900	PB1_G735A_syn
4	871	A	G	PB1	T291A	0.0269	6174	PB1_A871G_T291A
5	1824	A	G	PB1	syn	0.0116	5714	PB1_A1824G_syn
6	621	T	C	PA	syn	0.0124	5409	PA_T621C_syn
7	624	A	G	PA	syn	0.07200000000000001	5500	PA_A624G_syn
8	432	C	A	HA	D144E	0.26780000000000004	7569	HA_C432A_D144E
9	436	A	G	HA	N146D	0.0202	7366	HA_A436G_N146D
10	442	G	A	HA	G148S	0.0104	7112	HA_G442A_G148S
11	475	A	G	HA	K159E	0.0342	6367	HA_A475G_K159E
12	513	A	G	HA	syn	0.019	5989	HA_A513G_syn
13	515	G	A	HA	G172E	0.055	5943	HA_G515A_G172E
14	598	T	C	HA	S200P	0.2663	7202	HA_T598C_S200P
15	622	C	A	HA	L208I	0.26780000000000004	7565	HA_C622A_L208I
16	635	C	A	HA	A212E	0.023700000000000002	7904	HA_C635A_A212E
17	640	A	G	HA	T214A	0.0436	8225	HA_A640G_T214A
18	677	A	C	HA	K226T	0.0256	9089	HA_A677C_K226T
19	695	C	T	HA	A232V	0.0248	9358	HA_C695T_A232V
20	839	C	T	HA	S280F	0.0159	11106	HA_C839T_S280F
21	765	C	T	NP	syn	0.0138	11017	NP_C765T_syn
22	885	G	A	NP	syn	0.0212	10039	NP_G885A_syn
23	459	G	A	NS1	syn	0.0174	10744	NS1_G459A_syn
26	685	G	A	NEP	syn	0.0128	7010	NEP_G685A_syn
