	POS	REF	ALT	gene	annotation	FREQ	read_depth	SNP
0	1413	G	A	PB2	syn	0.0659	8873	PB2_G1413A_syn
1	1209	G	A	PB1	syn	0.0199	7979	PB1_G1209A_syn
2	169	C	A	PA	syn	0.0101	2570	PA_C169A_syn
3	30	T	C	HA	syn	0.0308	844	HA_T30C_syn
4	583	G	A	HA	G195S	0.41869999999999996	6745	HA_G583A_G195S
5	1570	C	T	HA	P524S	0.47130000000000005	1937	HA_C1570T_P524S
6	568	G	A	NP	A190T	0.010700000000000001	5967	NP_G568A_A190T
