	POS	REF	ALT	gene	annotation	FREQ	read_depth	SNP
0	1413	G	A	PB2	syn	0.1008	2719	PB2_G1413A_syn
1	1469	G	T	PB2	S490I	0.0495	2604	PB2_G1469T_S490I
2	2058	G	A	PB2	syn	0.0285	2178	PB2_G2058A_syn
3	2139	G	A	PB2	syn	0.0187	1656	PB2_G2139A_syn
4	110	G	A	PB1	G37E	0.0206	970	PB1_G110A_G37E
5	504	G	A	PB1	syn	0.018000000000000002	1723	PB1_G504A_syn
6	871	A	G	PB1	T291A	0.0102	1773	PB1_A871G_T291A
7	36	G	A	PA	M12I	0.018500000000000003	593	PA_G36A_M12I
8	156	T	A	PA	H52Q	0.0151	995	PA_T156A_H52Q
9	383	T	C	HA	F128S	0.0111	2984	HA_T383C_F128S
10	722	A	G	HA	E241G	0.0163	3322	HA_A722G_E241G
11	1188	G	A	HA	syn	0.042699999999999995	1195	HA_G1188A_syn
12	1570	T	C	HA	S524P	0.8972	1060	HA_T1570C_S524P
13	142	A	C	NP	K48Q	0.0196	6494	NP_A142C_K48Q
14	1489	G	A	NP	D497N	0.0195	1746	NP_G1489A_D497N
15	102	T	C	NA	syn	0.0282	7728	NA_T102C_syn
16	876	C	T	NA	syn	0.020099999999999996	31977	NA_C876T_syn
17	1085	C	T	NA	T362I	0.0115	34460	NA_C1085T_T362I
