	POS	REF	ALT	gene	annotation	FREQ	read_depth	SNP
0	438	T	C	PB2	syn	0.0144	4243	PB2_T438C_syn
1	612	G	A	PB2	syn	0.0635	5825	PB2_G612A_syn
2	1413	G	A	PB2	syn	0.2594	6377	PB2_G1413A_syn
3	1326	G	A	PA	syn	0.0292	6345	PA_G1326A_syn
4	24	G	A	HA	syn	0.0254	1024	HA_G24A_syn
5	316	A	T	HA	T106S	0.0177	8095	HA_A316T_T106S
6	425	A	G	HA	N142S	0.08689999999999999	7080	HA_A425G_N142S
7	619	A	G	HA	S207G	0.022799999999999997	6221	HA_A619G_S207G
8	335	T	C	NS1	I112T	0.013500000000000002	14310	NS1_T335C_I112T
