	POS	REF	ALT	gene	annotation	FREQ	read_depth	SNP
0	1413	G	A	PB2	syn	0.3185	5896	PB2_G1413A_syn
1	287	T	A	HA	I96N	0.12380000000000001	9112	HA_T287A_I96N
2	1188	G	A	HA	syn	0.0547	3435	HA_G1188A_syn
3	1217	A	G	HA	Q406R	0.17559999999999998	3281	HA_A1217G_Q406R
4	1593	G	A	HA	syn	0.0689	2713	HA_G1593A_syn
5	264	C	T	NP	syn	0.0116	4302	NP_C264T_syn
6	568	G	A	NP	A190T	0.0438	5978	NP_G568A_A190T
7	1217	T	C	NP	I406T	0.015600000000000001	3772	NP_T1217C_I406T
8	741	G	A	M1	syn	0.0821	12835	M1_G741A_syn
9	741	G	A	M2	R18K	0.0821	12835	M2_G741A_R18K
10	539	T	G	NS1	V180G	0.0169	12615	NS1_T539G_V180G
11	539	T	G	NEP	S23A	0.0169	12615	NEP_T539G_S23A
