	POS	REF	ALT	gene	annotation	FREQ	read_depth	SNP
0	678	T	C	PA	syn	0.19879999999999998	508	PA_T678C_syn
1	991	A	G	PA	N331D	0.0279	538	PA_A991G_N331D
2	125	C	T	HA	T42I	0.0127	3848	HA_C125T_T42I
3	373	G	A	HA	V125M	0.019299999999999998	5073	HA_G373A_V125M
4	659	C	A	HA	T220K	0.012	4566	HA_C659A_T220K
5	701	G	A	HA	R234K	0.024399999999999998	4791	HA_G701A_R234K
6	721	G	A	HA	E241K	0.0129	5101	HA_G721A_E241K
7	722	A	G	HA	E241G	0.0318	5030	HA_A722G_E241G
8	1064	A	G	HA	E355G	0.0252	3656	HA_A1064G_E355G
9	1188	G	A	HA	syn	0.0513	1248	HA_G1188A_syn
10	1379	A	T	HA	K460M	0.0241	1704	HA_A1379T_K460M
11	1452	T	C	HA	syn	0.0147	2108	HA_T1452C_syn
12	1678	C	A	HA	L560I	0.010700000000000001	933	HA_C1678A_L560I
13	367	G	T	NP	A123S	0.0277	7587	NP_G367T_A123S
14	568	G	A	NP	A190T	0.015600000000000001	7804	NP_G568A_A190T
15	1351	G	T	NP	A451S	0.019299999999999998	5911	NP_G1351T_A451S
16	87	A	C	NA	syn	0.0213	2155	NA_A87C_syn
17	162	T	G	M1	syn	0.0109	11882	M1_T162G_syn
20	896	G	A	M2	E70K	0.0197	9424	M2_G896A_E70K
21	106	C	A	NS1	L36I	0.0883	13178	NS1_C106A_L36I
