	POS	REF	ALT	gene	annotation	FREQ	read_depth	SNP
0	1413	G	A	PB2	syn	0.34700000000000003	8288	PB2_G1413A_syn
1	582	C	A	PB1	N194K	0.011899999999999999	6039	PB1_C582A_N194K
2	76	G	A	HA	A26T	0.0672	2099	HA_G76A_A26T
3	185	G	A	HA	R62K	0.0175	6049	HA_G185A_R62K
4	477	A	G	HA	syn	0.064	7817	HA_A477G_syn
5	542	C	T	HA	T181I	0.0741	7751	HA_C542T_T181I
6	711	G	A	HA	syn	0.07780000000000001	8376	HA_G711A_syn
7	722	A	G	HA	E241G	0.3282	8639	HA_A722G_E241G
8	1143	T	C	HA	syn	0.0702	3688	HA_T1143C_syn
9	1188	G	A	HA	syn	0.2632	2907	HA_G1188A_syn
10	1218	G	A	HA	syn	0.0794	2772	HA_G1218A_syn
11	1407	G	A	HA	syn	0.0662	2763	HA_G1407A_syn
12	568	G	A	NP	A190T	0.0202	9029	NP_G568A_A190T
13	649	G	A	NP	V217I	0.0105	9318	NP_G649A_V217I
14	1217	T	C	NP	I406T	0.16690000000000002	6185	NP_T1217C_I406T
15	284	G	T	NA	S95I	0.01	6981	NA_G284T_S95I
16	741	G	A	M1	syn	0.0151	8291	M1_G741A_syn
17	741	G	A	M2	R18K	0.0151	8291	M2_G741A_R18K
