	POS	REF	ALT	gene	annotation	FREQ	read_depth	SNP
0	8	G	A	PB2	R3K	0.0124	564	PB2_G8A_R3K
1	68	C	A	PB2	T23N	0.011899999999999999	2014	PB2_C68A_T23N
2	506	C	A	PB2	P169Q	0.027000000000000003	5623	PB2_C506A_P169Q
3	766	G	A	PB2	D256N	0.0212	7403	PB2_G766A_D256N
4	890	T	C	PB2	I297T	0.0196	8119	PB2_T890C_I297T
5	1098	T	C	PB2	syn	0.0347	7860	PB2_T1098C_syn
6	1974	C	T	PB2	syn	0.0294	6910	PB2_C1974T_syn
7	66	C	T	PB1	syn	0.0592	844	PB1_C66T_syn
8	871	A	G	PB1	T291A	0.6557999999999999	5337	PB1_A871G_T291A
9	13	G	A	PA	V5M	0.011000000000000001	1278	PA_G13A_V5M
10	403	G	A	PA	A135T	0.0124	4122	PA_G403A_A135T
11	624	A	G	PA	syn	0.0152	6050	PA_A624G_syn
12	740	C	T	PA	S247F	0.013000000000000001	6679	PA_C740T_S247F
13	816	T	A	PA	D272E	0.0134	6630	PA_T816A_D272E
14	854	T	A	PA	M285K	0.032799999999999996	6488	PA_T854A_M285K
15	1818	C	T	PA	syn	0.0141	6368	PA_C1818T_syn
16	432	C	A	HA	D144E	0.2125	5355	HA_C432A_D144E
17	436	A	G	HA	N146D	0.0131	5131	HA_A436G_N146D
18	515	G	A	HA	G172E	0.3815	4066	HA_G515A_G172E
19	598	T	C	HA	S200P	0.1997	5223	HA_T598C_S200P
20	622	C	A	HA	L208I	0.4562	5728	HA_C622A_L208I
21	640	A	G	HA	T214A	0.0264	6185	HA_A640G_T214A
22	715	G	A	HA	D239N	0.017	7606	HA_G715A_D239N
23	716	A	G	HA	D239G	0.0259	7672	HA_A716G_D239G
24	1402	A	G	HA	S468G	0.014199999999999999	3443	HA_A1402G_S468G
25	149	G	A	NP	S50N	0.011200000000000002	4997	NP_G149A_S50N
26	885	G	A	NP	syn	0.0165	8776	NP_G885A_syn
27	756	G	A	M1	syn	0.0182	13213	M1_G756A_syn
28	756	G	A	M2	S23N	0.0182	13213	M2_G756A_S23N
