	POS	REF	ALT	gene	annotation	FREQ	read_depth	SNP
0	1413	G	A	PB2	syn	0.1685	2053	PB2_G1413A_syn
1	390	G	A	HA	syn	0.0353	1786	HA_G390A_syn
2	542	C	T	HA	T181I	0.060599999999999994	1519	HA_C542T_T181I
3	611	A	T	HA	D204V	0.0527	1536	HA_A611T_D204V
4	721	G	A	HA	E241K	0.061900000000000004	1940	HA_G721A_E241K
5	722	A	G	HA	E241G	0.1307	1920	HA_A722G_E241G
6	836	G	A	HA	G279E	0.0487	2033	HA_G836A_G279E
7	1175	T	C	HA	I392T	0.0673	609	HA_T1175C_I392T
8	1188	G	A	HA	syn	0.17010000000000003	535	HA_G1188A_syn
9	1407	G	A	HA	syn	0.049	796	HA_G1407A_syn
10	568	G	A	NP	A190T	0.0304	5235	NP_G568A_A190T
11	179	C	T	NA	T60I	0.0123	2772	NA_C179T_T60I
12	780	G	A	NA	syn	0.0127	4956	NA_G780A_syn
13	105	G	A	M1	syn	0.0527	4251	M1_G105A_syn
