	POS	REF	ALT	gene	annotation	FREQ	read_depth	SNP
0	204	A	T	PB2	syn	0.0137	4082	PB2_A204T_syn
1	442	A	G	PB2	N148D	0.0103	3680	PB2_A442G_N148D
2	484	G	A	PB2	V162M	0.014199999999999999	4446	PB2_G484A_V162M
3	637	C	G	PB2	R213G	0.011000000000000001	5712	PB2_C637G_R213G
4	662	C	G	PB2	A221G	0.011200000000000002	5894	PB2_C662G_A221G
5	1153	A	G	PB2	I385V	0.0126	5852	PB2_A1153G_I385V
6	156	G	A	PB1	syn	0.0184	3373	PB1_G156A_syn
7	180	G	A	PB1	syn	0.0176	3698	PB1_G180A_syn
8	431	C	T	PB1	A144V	0.0108	4530	PB1_C431T_A144V
9	489	A	G	PB1	syn	0.024399999999999998	4220	PB1_A489G_syn
10	529	G	A	PB1	E177K	0.0104	4329	PB1_G529A_E177K
11	735	G	A	PB1	syn	0.0576	5663	PB1_G735A_syn
12	871	A	G	PB1	T291A	0.0101	5832	PB1_A871G_T291A
13	1038	C	A	PB1	N346K	0.016	5672	PB1_C1038A_N346K
14	1060	G	A	PB1	G354R	0.018000000000000002	5720	PB1_G1060A_G354R
15	1082	G	A	PB1	R361K	0.0152	5538	PB1_G1082A_R361K
16	1108	G	A	PB1	A370T	0.0105	5520	PB1_G1108A_A370T
17	1166	T	A	PB1	I389N	0.0189	5088	PB1_T1166A_I389N
18	1342	G	T	PB1	A448S	0.0126	4042	PB1_G1342T_A448S
19	1751	A	G	PB1	Q584R	0.0139	4016	PB1_A1751G_Q584R
20	1767	A	C	PB1	syn	0.019	4271	PB1_A1767C_syn
21	1861	C	A	PB1	syn	0.0103	4769	PB1_C1861A_syn
22	1909	A	G	PB1	I637V	0.018600000000000002	4777	PB1_A1909G_I637V
23	1910	T	C	PB1	I637T	0.024	4786	PB1_T1910C_I637T
24	1978	G	A	PB1	V660I	0.0206	4857	PB1_G1978A_V660I
25	2142	G	A	PB1	M714I	0.014199999999999999	3107	PB1_G2142A_M714I
26	2268	A	G	PB1	syn	0.0446	628	PB1_A2268G_syn
27	624	A	G	PA	syn	0.0889	5458	PA_A624G_syn
28	432	C	A	HA	D144E	0.2933	5196	HA_C432A_D144E
29	436	A	G	HA	N146D	0.0137	5107	HA_A436G_N146D
30	515	G	A	HA	G172E	0.0291	4057	HA_G515A_G172E
31	598	T	C	HA	S200P	0.2956	5212	HA_T598C_S200P
32	622	C	A	HA	L208I	0.2401	5360	HA_C622A_L208I
33	635	C	A	HA	A212E	0.0147	5662	HA_C635A_A212E
34	640	A	G	HA	T214A	0.0318	5908	HA_A640G_T214A
35	677	A	C	HA	K226T	0.0175	6738	HA_A677C_K226T
36	839	C	T	HA	S280F	0.0111	8684	HA_C839T_S280F
37	765	C	T	NP	syn	0.0262	9476	NP_C765T_syn
38	885	G	A	NP	syn	0.0292	8103	NP_G885A_syn
39	459	G	A	NS1	syn	0.0151	13581	NS1_G459A_syn
