	POS	REF	ALT	gene	annotation	FREQ	read_depth	SNP
0	299	A	G	PB2	N100S	0.0356	3734	PB2_A299G_N100S
1	541	T	C	PB2	S181P	0.0159	5419	PB2_T541C_S181P
2	696	G	A	PB2	syn	0.0187	5937	PB2_G696A_syn
3	757	G	A	PB2	D253N	0.0274	6176	PB2_G757A_D253N
4	1103	G	T	PB2	R368I	0.034	6179	PB2_G1103T_R368I
5	1338	C	T	PB2	syn	0.0287	7189	PB2_C1338T_syn
6	1699	G	A	PB2	D567N	0.0373	5495	PB2_G1699A_D567N
7	1884	G	A	PB2	syn	0.0323	5610	PB2_G1884A_syn
8	4	G	A	PB1	D2N	0.0229	306	PB1_G4A_D2N
9	627	A	T	PB1	K209N	0.0218	4492	PB1_A627T_K209N
10	735	G	A	PB1	syn	0.0292	5275	PB1_G735A_syn
11	912	G	A	PB1	syn	0.041100000000000005	5617	PB1_G912A_syn
12	1039	A	G	PB1	K347E	0.0219	5389	PB1_A1039G_K347E
13	1132	C	T	PB1	syn	0.0175	5030	PB1_C1132T_syn
14	1226	T	C	PB1	M409T	0.0124	4267	PB1_T1226C_M409T
15	1691	G	A	PB1	G564E	0.0105	4180	PB1_G1691A_G564E
16	1960	A	G	PB1	S654G	0.023700000000000002	5447	PB1_A1960G_S654G
17	1992	T	C	PB1	syn	0.02	5495	PB1_T1992C_syn
18	2123	C	A	PB1	P708Q	0.0161	3547	PB1_C2123A_P708Q
19	2147	A	G	PB1	E716G	0.0116	3282	PB1_A2147G_E716G
20	2167	C	A	PB1	syn	0.010700000000000001	2529	PB1_C2167A_syn
21	309	T	C	PA	syn	0.0148	3112	PA_T309C_syn
22	624	A	G	PA	syn	0.0441	5628	PA_A624G_syn
23	1364	C	G	PA	A455G	0.016	6123	PA_C1364G_A455G
24	1390	T	C	PA	Y464H	0.0131	6037	PA_T1390C_Y464H
25	1671	G	A	PA	syn	0.015	6400	PA_G1671A_syn
26	2034	T	C	PA	syn	0.0116	4835	PA_T2034C_syn
27	246	A	G	HA	syn	0.0101	9651	HA_A246G_syn
28	432	C	A	HA	D144E	0.2561	6696	HA_C432A_D144E
29	436	A	G	HA	N146D	0.0207	6522	HA_A436G_N146D
30	442	G	A	HA	G148S	0.0106	6385	HA_G442A_G148S
31	475	A	G	HA	K159E	0.025699999999999997	5574	HA_A475G_K159E
32	513	A	G	HA	syn	0.0177	5260	HA_A513G_syn
33	515	G	A	HA	G172E	0.0584	5210	HA_G515A_G172E
34	598	T	C	HA	S200P	0.2505	5986	HA_T598C_S200P
35	622	C	A	HA	L208I	0.2789	6318	HA_C622A_L208I
36	635	C	A	HA	A212E	0.025	6646	HA_C635A_A212E
37	640	A	G	HA	T214A	0.0436	6900	HA_A640G_T214A
38	677	A	C	HA	K226T	0.023799999999999998	7842	HA_A677C_K226T
39	695	C	T	HA	A232V	0.0159	8176	HA_C695T_A232V
40	839	C	T	HA	S280F	0.0148	9957	HA_C839T_S280F
41	885	G	A	NP	syn	0.021	7149	NP_G885A_syn
42	459	G	A	NS1	syn	0.0167	15781	NS1_G459A_syn
