	POS	REF	ALT	gene	annotation	FREQ	read_depth	SNP
0	403	G	A	PA	A135T	0.23809999999999998	105	PA_G403A_A135T
1	1326	G	A	PA	syn	0.1765	153	PA_G1326A_syn
2	1818	C	T	PA	syn	0.0582	189	PA_C1818T_syn
3	454	G	T	HA	A152S	0.0176	2045	HA_G454T_A152S
4	525	C	T	HA	syn	0.013600000000000001	1907	HA_C525T_syn
5	537	C	A	HA	N179K	0.0603	1840	HA_C537A_N179K
6	611	A	T	HA	D204V	0.0466	1780	HA_A611T_D204V
7	619	A	C	HA	S207R	0.021099999999999997	1802	HA_A619C_S207R
8	721	G	A	HA	E241K	0.0336	2173	HA_G721A_E241K
9	722	A	G	HA	E241G	0.1211	2156	HA_A722G_E241G
10	795	A	G	HA	syn	0.0483	2424	HA_A795G_syn
11	943	A	G	HA	I315V	0.0552	2303	HA_A943G_I315V
12	1243	A	G	HA	N415D	0.015	467	HA_A1243G_N415D
13	1462	T	C	HA	C488R	0.029900000000000003	1171	HA_T1462C_C488R
14	1665	C	T	HA	syn	0.0369	623	HA_C1665T_syn
