	POS	REF	ALT	gene	annotation	FREQ	read_depth	SNP
0	36	G	A	PB2	syn	0.0115	1046	PB2_G36A_syn
1	178	G	A	PB2	D60N	0.0252	4167	PB2_G178A_D60N
2	184	A	G	PB2	R62G	0.0239	4189	PB2_A184G_R62G
3	423	A	G	PB2	I141M	0.0275	4038	PB2_A423G_I141M
4	626	G	A	PB2	R209K	0.0152	6720	PB2_G626A_R209K
5	760	G	A	PB2	D254N	0.0139	6682	PB2_G760A_D254N
6	833	C	A	PB2	A278E	0.0204	6902	PB2_C833A_A278E
7	870	A	G	PB2	syn	0.0151	6936	PB2_A870G_syn
8	925	G	A	PB2	D309N	0.016	7745	PB2_G925A_D309N
9	983	T	C	PB2	F328S	0.013000000000000001	7311	PB2_T983C_F328S
10	1002	C	G	PB2	S334R	0.0121	7358	PB2_C1002G_S334R
11	1068	A	G	PB2	syn	0.0321	7101	PB2_A1068G_syn
12	1314	C	T	PB2	syn	0.013000000000000001	7005	PB2_C1314T_syn
13	1401	G	A	PB2	M467I	0.0109	7036	PB2_G1401A_M467I
14	1872	C	T	PB2	syn	0.014199999999999999	5968	PB2_C1872T_syn
15	43	C	A	PB1	Q15K	0.0277	541	PB1_C43A_Q15K
16	342	T	C	PB1	syn	0.0144	6305	PB1_T342C_syn
17	590	A	G	PB1	K197R	0.0181	5071	PB1_A590G_K197R
18	675	T	C	PB1	syn	0.0124	5645	PB1_T675C_syn
19	871	A	G	PB1	T291A	0.0213	6517	PB1_A871G_T291A
20	933	A	G	PB1	syn	0.0762	6487	PB1_A933G_syn
21	1525	C	T	PB1	syn	0.0199	4626	PB1_C1525T_syn
22	1868	G	A	PB1	R623K	0.013600000000000001	6188	PB1_G1868A_R623K
23	1888	C	A	PB1	P630T	0.013500000000000002	6393	PB1_C1888A_P630T
24	2064	G	A	PB1	M688I	0.0147	5785	PB1_G2064A_M688I
25	2193	G	T	PB1	E731D	0.013600000000000001	2424	PB1_G2193T_E731D
26	624	A	G	PA	syn	0.0404	5575	PA_A624G_syn
27	820	C	G	PA	P274A	0.014199999999999999	5979	PA_C820G_P274A
28	1971	G	A	PA	syn	0.0105	5735	PA_G1971A_syn
29	432	C	A	HA	D144E	0.33140000000000003	5382	HA_C432A_D144E
30	436	A	G	HA	N146D	0.057699999999999994	5285	HA_A436G_N146D
31	442	G	A	HA	G148S	0.0316	5039	HA_G442A_G148S
32	515	G	A	HA	G172E	0.020499999999999997	4044	HA_G515A_G172E
33	598	T	C	HA	S200P	0.2811	5109	HA_T598C_S200P
34	622	C	A	HA	L208I	0.1162	5408	HA_C622A_L208I
35	635	C	A	HA	A212E	0.011399999999999999	5705	HA_C635A_A212E
36	640	A	G	HA	T214A	0.0366	5905	HA_A640G_T214A
37	677	A	C	HA	K226T	0.0132	6642	HA_A677C_K226T
38	765	C	T	NP	syn	0.0176	10203	NP_C765T_syn
39	885	G	A	NP	syn	0.029900000000000003	9274	NP_G885A_syn
40	75	G	A	M1	syn	0.029300000000000003	5457	M1_G75A_syn
42	459	G	A	NS1	syn	0.0215	11511	NS1_G459A_syn
