	POS	REF	ALT	gene	annotation	FREQ	read_depth	SNP
0	1170	C	T	PB2	syn	0.0101	13724	PB2_C1170T_syn
1	2263	C	T	PB2	R755W	0.8081999999999999	2867	PB2_C2263T_R755W
2	171	A	G	PB1	syn	0.0192	2130	PB1_A171G_syn
3	90	C	T	PA	syn	0.0575	3600	PA_C90T_syn
4	431	A	G	PA	H144R	0.0641	6519	PA_A431G_H144R
5	624	A	G	PA	syn	0.1563	8222	PA_A624G_syn
6	726	T	C	PA	syn	0.0326	8939	PA_T726C_syn
7	730	G	T	PA	G244C	0.1437	8780	PA_G730T_G244C
8	1020	G	A	PA	syn	0.016399999999999998	10681	PA_G1020A_syn
9	1490	A	G	PA	K497R	0.013999999999999999	9566	PA_A1490G_K497R
10	1709	C	A	PA	T570N	0.0236	9570	PA_C1709A_T570N
11	2128	T	C	PA	F710L	0.0176	4481	PA_T2128C_F710L
12	432	C	A	HA	D144E	0.6823999999999999	9230	HA_C432A_D144E
13	435	G	T	HA	syn	0.0105	9232	HA_G435T_syn
14	598	T	C	HA	S200P	0.6707	10433	HA_T598C_S200P
15	622	C	A	HA	L208I	0.0471	10392	HA_C622A_L208I
16	640	A	G	HA	T214A	0.0132	10899	HA_A640G_T214A
17	715	G	A	HA	D239N	0.11900000000000001	12320	HA_G715A_D239N
18	716	A	G	HA	D239G	0.22149999999999997	12465	HA_A716G_D239G
19	839	C	T	HA	S280F	0.013600000000000001	13566	HA_C839T_S280F
20	1071	G	T	HA	syn	0.0127	8195	HA_G1071T_syn
21	84	T	A	NP	syn	0.0168	9354	NP_T84A_syn
22	149	G	A	NP	S50N	0.0713	11917	NP_G149A_S50N
23	309	G	A	NP	syn	0.0281	18791	NP_G309A_syn
24	885	G	A	NP	syn	0.0659	20482	NP_G885A_syn
25	17	A	G	NA	K6R	0.023799999999999998	588	NA_A17G_K6R
26	419	T	C	NA	L140P	0.013300000000000001	28560	NA_T419C_L140P
27	912	G	A	NA	syn	0.015600000000000001	26717	NA_G912A_syn
28	1131	G	A	NA	syn	0.0101	25961	NA_G1131A_syn
29	1359	G	A	NA	syn	0.019	7772	NA_G1359A_syn
30	459	G	A	NS1	syn	0.0824	27708	NS1_G459A_syn
32	531	A	G	NS1	syn	0.061900000000000004	24400	NS1_A531G_syn
33	531	A	G	NEP	Q20R	0.061900000000000004	24400	NEP_A531G_Q20R
