	POS	REF	ALT	gene	annotation	FREQ	read_depth	SNP
0	345	T	C	PB2	syn	0.0147	1842	PB2_T345C_syn
1	1413	G	A	PB2	syn	0.0339	4042	PB2_G1413A_syn
2	270	A	G	HA	syn	0.010700000000000001	1769	HA_A270G_syn
3	478	A	G	HA	S160G	0.013300000000000001	1429	HA_A478G_S160G
4	577	C	T	HA	syn	0.0139	1293	HA_C577T_syn
5	902	G	T	HA	G301V	0.0131	1678	HA_G902T_G301V
6	1163	C	T	HA	A388V	0.0191	523	HA_C1163T_A388V
7	1188	G	A	HA	syn	0.0407	393	HA_G1188A_syn
8	1478	C	A	NP	A493E	0.0108	1387	NP_C1478A_A493E
9	390	A	G	NA	syn	0.0901	5207	NA_A390G_syn
