	POS	REF	ALT	gene	annotation	FREQ	read_depth	SNP
0	1188	G	A	HA	syn	0.11869999999999999	868	HA_G1188A_syn
1	1468	A	G	HA	N490D	0.0139	1514	HA_A1468G_N490D
2	568	G	A	NP	A190T	0.09960000000000001	4850	NP_G568A_A190T
3	162	T	G	M1	syn	0.0729	4538	M1_T162G_syn
5	106	C	A	NS1	L36I	0.23379999999999998	6385	NS1_C106A_L36I
