	POS	REF	ALT	gene	annotation	FREQ	read_depth	SNP
0	1413	G	A	PB2	syn	0.10439999999999999	4044	PB2_G1413A_syn
1	1469	G	T	PB2	S490I	0.0409	3786	PB2_G1469T_S490I
2	2058	G	A	PB2	syn	0.0317	3631	PB2_G2058A_syn
3	2139	G	A	PB2	syn	0.0197	2844	PB2_G2139A_syn
4	110	G	A	PB1	G37E	0.0222	1308	PB1_G110A_G37E
5	504	G	A	PB1	syn	0.0178	2245	PB1_G504A_syn
6	36	G	A	PA	M12I	0.0132	531	PA_G36A_M12I
7	156	T	A	PA	H52Q	0.011399999999999999	1141	PA_T156A_H52Q
8	472	G	T	HA	A158S	0.014499999999999999	2698	HA_G472T_A158S
9	542	C	T	HA	T181I	0.0365	2493	HA_C542T_T181I
10	611	A	T	HA	D204V	0.0195	2365	HA_A611T_D204V
11	721	G	A	HA	E241K	0.0241	2906	HA_G721A_E241K
12	722	A	G	HA	E241G	0.11470000000000001	2862	HA_A722G_E241G
13	1188	G	A	HA	syn	0.1496	849	HA_G1188A_syn
14	1422	C	T	HA	syn	0.0815	1117	HA_C1422T_syn
15	1570	T	C	HA	S524P	0.185	962	HA_T1570C_S524P
16	1678	C	A	HA	L560I	0.0151	464	HA_C1678A_L560I
17	142	A	C	NP	K48Q	0.0217	3220	NP_A142C_K48Q
18	163	C	A	NP	syn	0.0109	3304	NP_C163A_syn
19	1489	G	A	NP	D497N	0.0181	1159	NP_G1489A_D497N
20	375	T	A	NA	syn	0.0103	5643	NA_T375A_syn
21	876	C	T	NA	syn	0.021400000000000002	5552	NA_C876T_syn
