	POS	REF	ALT	gene	annotation	FREQ	read_depth	SNP
0	250	G	A	PB2	A84T	0.011399999999999999	4225	PB2_G250A_A84T
1	281	T	G	PB2	L94R	0.0106	3777	PB2_T281G_L94R
2	1190	C	G	PB2	A397G	0.0154	6174	PB2_C1190G_A397G
3	1338	C	T	PB2	syn	0.0242	6948	PB2_C1338T_syn
4	1362	C	A	PB2	syn	0.013999999999999999	6833	PB2_C1362A_syn
5	17	C	T	PB1	T6I	0.0204	538	PB1_C17T_T6I
6	43	C	A	PB1	Q15K	0.0292	617	PB1_C43A_Q15K
7	156	G	A	PB1	syn	0.018799999999999997	3784	PB1_G156A_syn
8	415	G	A	PB1	A139T	0.018799999999999997	4945	PB1_G415A_A139T
9	871	A	G	PB1	T291A	0.0342	5782	PB1_A871G_T291A
10	961	A	G	PB1	M321V	0.0155	5603	PB1_A961G_M321V
11	1317	T	C	PB1	syn	0.0102	4038	PB1_T1317C_syn
12	1348	A	C	PB1	I450L	0.031	4157	PB1_A1348C_I450L
13	1474	T	C	PB1	F492L	0.0335	3551	PB1_T1474C_F492L
14	1495	T	C	PB1	Y499H	0.0342	3622	PB1_T1495C_Y499H
15	1525	C	T	PB1	syn	0.0363	3689	PB1_C1525T_syn
16	1549	G	T	PB1	V517L	0.0181	3857	PB1_G1549T_V517L
17	1824	A	G	PB1	syn	0.0374	5078	PB1_A1824G_syn
18	1939	C	A	PB1	P647T	0.0206	5784	PB1_C1939A_P647T
19	624	A	G	PA	syn	0.0665	5863	PA_A624G_syn
20	1149	C	T	PA	syn	0.0103	8486	PA_C1149T_syn
21	432	C	A	HA	D144E	0.2175	7607	HA_C432A_D144E
22	436	A	G	HA	N146D	0.0591	7348	HA_A436G_N146D
23	475	A	G	HA	K159E	0.0344	5937	HA_A475G_K159E
24	513	A	G	HA	syn	0.022400000000000003	5544	HA_A513G_syn
25	515	G	A	HA	G172E	0.0354	5483	HA_G515A_G172E
26	598	T	C	HA	S200P	0.2949	7065	HA_T598C_S200P
27	602	C	A	HA	T201N	0.011000000000000001	7618	HA_C602A_T201N
28	622	C	A	HA	L208I	0.2389	7546	HA_C622A_L208I
29	635	C	A	HA	A212E	0.0158	8095	HA_C635A_A212E
30	640	A	G	HA	T214A	0.0447	8477	HA_A640G_T214A
31	677	A	C	HA	K226T	0.0113	9701	HA_A677C_K226T
32	695	C	T	HA	A232V	0.0223	10166	HA_C695T_A232V
33	839	C	T	HA	S280F	0.013999999999999999	12253	HA_C839T_S280F
34	765	C	T	NP	syn	0.0196	8475	NP_C765T_syn
35	885	G	A	NP	syn	0.031200000000000002	7523	NP_G885A_syn
36	459	G	A	NS1	syn	0.017	13415	NS1_G459A_syn
