	POS	REF	ALT	gene	annotation	FREQ	read_depth	SNP
0	202	C	T	PB2	P68S	0.0125	5021	PB2_C202T_P68S
1	272	T	C	PB2	V91A	0.0265	4565	PB2_T272C_V91A
2	412	C	G	PB2	Q138E	0.0395	3700	PB2_C412G_Q138E
3	1252	C	A	PB2	L418M	0.0946	6627	PB2_C1252A_L418M
4	1296	C	T	PB2	syn	0.0151	7006	PB2_C1296T_syn
5	1974	C	T	PB2	syn	0.1293	6784	PB2_C1974T_syn
6	43	C	A	PB1	Q15K	0.0495	606	PB1_C43A_Q15K
7	50	C	A	PB1	A17D	0.0115	693	PB1_C50A_A17D
8	566	G	A	PB1	R189K	0.0588	3691	PB1_G566A_R189K
9	854	T	C	PB1	V285A	0.0146	5131	PB1_T854C_V285A
10	1059	A	G	PB1	syn	0.033	5180	PB1_A1059G_syn
11	1587	G	A	PB1	syn	0.0405	4024	PB1_G1587A_syn
12	1617	T	C	PB1	syn	0.016200000000000003	4131	PB1_T1617C_syn
13	1879	C	T	PB1	P627S	0.08349999999999999	4778	PB1_C1879T_P627S
14	2230	A	G	PB1	M744V	0.08869999999999999	1285	PB1_A2230G_M744V
15	39	C	A	PA	syn	0.1693	2126	PA_C39A_syn
16	89	T	C	PA	I30T	0.1834	2775	PA_T89C_I30T
17	201	C	T	PA	syn	0.011899999999999999	3453	PA_C201T_syn
18	720	C	A	PA	syn	0.0812	5593	PA_C720A_syn
19	1212	A	G	PA	syn	0.0236	6386	PA_A1212G_syn
20	1376	T	C	PA	I459T	0.0229	5547	PA_T1376C_I459T
21	2010	G	A	PA	syn	0.0222	5443	PA_G2010A_syn
22	2051	G	A	PA	G684E	0.5571	4899	PA_G2051A_G684E
23	432	C	A	HA	D144E	0.1598	5394	HA_C432A_D144E
24	436	A	G	HA	N146D	0.0346	5235	HA_A436G_N146D
25	442	G	A	HA	G148S	0.0252	5124	HA_G442A_G148S
26	598	T	C	HA	S200P	0.15560000000000002	5162	HA_T598C_S200P
27	108	C	T	NP	syn	0.011399999999999999	5159	NP_C108T_syn
28	329	A	G	NS1	K110R	0.011899999999999999	13995	NS1_A329G_K110R
30	521	T	C	NS1	V174A	0.061799999999999994	11784	NS1_T521C_V174A
31	521	T	C	NEP	S17P	0.061799999999999994	11784	NEP_T521C_S17P
33	685	G	A	NEP	syn	0.059800000000000006	8826	NEP_G685A_syn
