	POS	REF	ALT	gene	annotation	FREQ	read_depth	SNP
0	21	G	A	PB2	syn	0.0123	568	PB2_G21A_syn
1	202	C	T	PB2	P68S	0.011200000000000002	3663	PB2_C202T_P68S
2	481	G	A	PB2	D161N	0.0331	5070	PB2_G481A_D161N
3	679	G	T	PB2	V227F	0.0101	6657	PB2_G679T_V227F
4	1081	G	T	PB2	E361*	0.0116	7154	PB2_G1081T_E361*
5	1338	C	T	PB2	syn	0.0111	7212	PB2_C1338T_syn
6	1974	C	T	PB2	syn	0.0182	5770	PB2_C1974T_syn
7	2254	A	G	PB2	K752E	0.011000000000000001	1185	PB2_A2254G_K752E
8	43	C	A	PB1	Q15K	0.0482	394	PB1_C43A_Q15K
9	167	C	T	PB1	T56M	0.0104	3160	PB1_C167T_T56M
10	282	C	T	PB1	syn	0.0255	4987	PB1_C282T_syn
11	331	A	G	PB1	M111V	0.0155	5227	PB1_A331G_M111V
12	560	G	A	PB1	R187K	0.0146	4650	PB1_G560A_R187K
13	703	A	C	PB1	K235Q	0.0132	5389	PB1_A703C_K235Q
14	735	G	A	PB1	syn	0.0678	5635	PB1_G735A_syn
15	871	A	G	PB1	T291A	0.0353	5980	PB1_A871G_T291A
16	982	A	G	PB1	N328D	0.0148	5884	PB1_A982G_N328D
17	1196	G	A	PB1	G399D	0.012	4996	PB1_G1196A_G399D
18	1732	A	G	PB1	K578E	0.0159	4642	PB1_A1732G_K578E
19	1808	A	G	PB1	N603S	0.0176	4831	PB1_A1808G_N603S
20	1830	C	A	PB1	C610*	0.0152	5014	PB1_C1830A_C610*
21	1838	G	A	PB1	W613*	0.015300000000000001	4974	PB1_G1838A_W613*
22	1978	G	A	PB1	V660I	0.0159	4772	PB1_G1978A_V660I
23	2063	T	C	PB1	M688T	0.016	4264	PB1_T2063C_M688T
24	51	G	A	PA	syn	0.012199999999999999	1726	PA_G51A_syn
25	621	T	C	PA	syn	0.0181	5860	PA_T621C_syn
26	624	A	G	PA	syn	0.0463	5986	PA_A624G_syn
27	1407	G	A	PA	syn	0.0105	7060	PA_G1407A_syn
28	1490	A	G	PA	K497R	0.0108	7113	PA_A1490G_K497R
29	432	C	A	HA	D144E	0.3009	6903	HA_C432A_D144E
30	436	A	G	HA	N146D	0.014499999999999999	6765	HA_A436G_N146D
31	515	G	A	HA	G172E	0.0338	5773	HA_G515A_G172E
32	598	T	C	HA	S200P	0.2849	6988	HA_T598C_S200P
33	622	C	A	HA	L208I	0.2309	7063	HA_C622A_L208I
34	635	C	A	HA	A212E	0.0194	7338	HA_C635A_A212E
35	640	A	G	HA	T214A	0.0362	7542	HA_A640G_T214A
36	677	A	C	HA	K226T	0.0203	8093	HA_A677C_K226T
37	839	C	T	HA	S280F	0.012	9408	HA_C839T_S280F
38	765	C	T	NP	syn	0.0254	10860	NP_C765T_syn
39	885	G	A	NP	syn	0.0256	9895	NP_G885A_syn
40	459	G	A	NS1	syn	0.018500000000000003	13591	NS1_G459A_syn
