	POS	REF	ALT	gene	annotation	FREQ	read_depth	SNP
0	272	T	C	PB2	V91A	0.039	4719	PB2_T272C_V91A
1	312	A	T	PB2	syn	0.010700000000000001	3914	PB2_A312T_syn
2	1252	C	A	PB2	L418M	0.0353	7137	PB2_C1252A_L418M
3	1974	C	T	PB2	syn	0.031	7128	PB2_C1974T_syn
4	43	C	A	PB1	Q15K	0.013500000000000002	673	PB1_C43A_Q15K
5	1587	G	A	PB1	syn	0.011000000000000001	4446	PB1_G1587A_syn
6	1879	C	T	PB1	P627S	0.0342	5619	PB1_C1879T_P627S
7	2230	A	G	PB1	M744V	0.0493	1299	PB1_A2230G_M744V
8	39	C	A	PA	syn	0.0379	1928	PA_C39A_syn
9	89	T	C	PA	I30T	0.0388	2652	PA_T89C_I30T
10	720	C	A	PA	syn	0.5561	6436	PA_C720A_syn
11	974	C	T	PA	P325L	0.0113	7002	PA_C974T_P325L
12	1076	A	G	PA	N359S	0.0161	8155	PA_A1076G_N359S
13	1988	G	A	PA	R663K	0.0216	5640	PA_G1988A_R663K
14	2051	G	A	PA	G684E	0.1105	4833	PA_G2051A_G684E
15	432	C	A	HA	D144E	0.6343	5307	HA_C432A_D144E
16	436	A	G	HA	N146D	0.046799999999999994	5189	HA_A436G_N146D
17	442	G	A	HA	G148S	0.0151	5022	HA_G442A_G148S
18	598	T	C	HA	S200P	0.0861	5015	HA_T598C_S200P
19	108	C	T	NP	syn	0.01	5285	NP_C108T_syn
20	1039	A	C	NP	I347L	0.0277	7895	NP_A1039C_I347L
21	521	T	C	NS1	V174A	0.5893999999999999	11895	NS1_T521C_V174A
22	521	T	C	NEP	S17P	0.5893999999999999	11895	NEP_T521C_S17P
24	685	G	A	NEP	syn	0.0263	8895	NEP_G685A_syn
