	POS	REF	ALT	gene	annotation	FREQ	read_depth	SNP
0	205	G	A	PB2	E69K	0.0137	4834	PB2_G205A_E69K
1	272	T	C	PB2	V91A	0.0708	4436	PB2_T272C_V91A
2	312	A	T	PB2	syn	0.011899999999999999	3614	PB2_A312T_syn
3	1252	C	A	PB2	L418M	0.0287	7180	PB2_C1252A_L418M
4	1974	C	T	PB2	syn	0.23550000000000001	6295	PB2_C1974T_syn
5	138	A	C	PB1	syn	0.011000000000000001	3104	PB1_A138C_syn
6	213	A	G	PB1	syn	0.0552	4456	PB1_A213G_syn
7	424	G	A	PB1	A142T	0.0102	4410	PB1_G424A_A142T
8	451	A	T	PB1	R151*	0.050499999999999996	4097	PB1_A451T_R151*
9	531	G	A	PB1	syn	0.0268	3773	PB1_G531A_syn
10	625	A	G	PB1	K209E	0.0483	4164	PB1_A625G_K209E
11	747	A	G	PB1	syn	0.0302	4830	PB1_A747G_syn
12	1120	G	A	PB1	A374T	0.033	4664	PB1_G1120A_A374T
13	1469	T	C	PB1	F490S	0.0196	3217	PB1_T1469C_F490S
14	1573	A	G	PB1	I525V	0.0174	3328	PB1_A1573G_I525V
15	1587	G	A	PB1	syn	0.0374	3291	PB1_G1587A_syn
16	1842	G	T	PB1	E614D	0.020099999999999996	4422	PB1_G1842T_E614D
17	1874	G	T	PB1	C625F	0.0108	4713	PB1_G1874T_C625F
18	2127	T	C	PB1	syn	0.015300000000000001	3209	PB1_T2127C_syn
19	39	C	A	PA	syn	0.1449	1767	PA_C39A_syn
20	89	T	C	PA	I30T	0.16260000000000002	2380	PA_T89C_I30T
21	720	C	A	PA	syn	0.032400000000000005	5873	PA_C720A_syn
22	974	C	T	PA	P325L	0.0318	5792	PA_C974T_P325L
23	1282	A	C	PA	I428L	0.0172	5937	PA_A1282C_I428L
24	1330	A	G	PA	N444D	0.0129	5340	PA_A1330G_N444D
25	2051	G	A	PA	G684E	0.5	4071	PA_G2051A_G684E
26	2070	C	A	PA	syn	0.0109	3489	PA_C2070A_syn
27	234	C	T	HA	syn	0.0104	7499	HA_C234T_syn
28	432	C	A	HA	D144E	0.1561	4466	HA_C432A_D144E
29	436	A	G	HA	N146D	0.0383	4357	HA_A436G_N146D
30	442	G	A	HA	G148S	0.0273	4255	HA_G442A_G148S
31	598	T	C	HA	S200P	0.1597	4372	HA_T598C_S200P
32	329	A	G	NS1	K110R	0.013999999999999999	18758	NS1_A329G_K110R
34	521	T	C	NS1	V174A	0.06509999999999999	15542	NS1_T521C_V174A
35	521	T	C	NEP	S17P	0.06509999999999999	15542	NEP_T521C_S17P
37	685	G	A	NEP	syn	0.0562	11695	NEP_G685A_syn
