	POS	REF	ALT	gene	annotation	FREQ	read_depth	SNP
0	25	G	A	PB2	D9N	0.0134	1417	PB2_G25A_D9N
1	729	G	A	PB2	M243I	0.010700000000000001	5775	PB2_G729A_M243I
2	1413	G	A	PB2	syn	0.1586	5733	PB2_G1413A_syn
3	1570	A	G	PB2	T524A	0.042300000000000004	6141	PB2_A1570G_T524A
4	1977	C	T	PB2	syn	0.0106	6642	PB2_C1977T_syn
5	4	G	A	PA	E2K	0.0159	1321	PA_G4A_E2K
6	185	T	C	PA	I62T	0.0183	4693	PA_T185C_I62T
7	372	G	T	PA	syn	0.09029999999999999	6046	PA_G372T_syn
8	565	G	A	PA	D189N	0.0129	5717	PA_G565A_D189N
9	1002	C	T	PA	syn	0.016200000000000003	8049	PA_C1002T_syn
10	1972	T	C	PA	F658L	0.052000000000000005	7232	PA_T1972C_F658L
11	256	T	A	HA	S86T	0.1229	7678	HA_T256A_S86T
12	257	C	T	HA	S86L	0.1215	7761	HA_C257T_S86L
13	259	C	T	HA	L87F	0.1208	7718	HA_C259T_L87F
14	547	A	C	HA	I183L	0.024300000000000002	6675	HA_A547C_I183L
15	721	G	A	HA	E241K	0.29969999999999997	7447	HA_G721A_E241K
16	1188	G	A	HA	syn	0.13449999999999998	3746	HA_G1188A_syn
17	149	G	A	NP	S50N	0.013600000000000001	6470	NP_G149A_S50N
