	POS	REF	ALT	gene	annotation	FREQ	read_depth	SNP
0	481	G	A	PB2	D161N	0.4104	3616	PB2_G481A_D161N
1	562	G	A	PB2	E188K	0.1059	3994	PB2_G562A_E188K
2	563	A	G	PB2	E188G	0.1079	3927	PB2_A563G_E188G
3	332	T	C	PB1	M111T	0.026600000000000002	10623	PB1_T332C_M111T
4	871	A	G	PB1	T291A	0.0967	10346	PB1_A871G_T291A
5	624	A	G	PA	syn	0.19870000000000002	5612	PA_A624G_syn
6	698	T	C	PA	V233A	0.037599999999999995	6376	PA_T698C_V233A
7	1584	T	A	PA	syn	0.09359999999999999	6274	PA_T1584A_syn
8	1910	G	A	PA	C637Y	0.0897	5930	PA_G1910A_C637Y
9	432	C	A	HA	D144E	0.7020000000000001	10768	HA_C432A_D144E
10	598	T	C	HA	S200P	0.6581999999999999	12101	HA_T598C_S200P
11	622	C	A	HA	L208I	0.0552	12491	HA_C622A_L208I
12	640	A	G	HA	T214A	0.0127	13078	HA_A640G_T214A
13	715	G	A	HA	D239N	0.09820000000000001	14695	HA_G715A_D239N
14	716	A	G	HA	D239G	0.2455	14809	HA_A716G_D239G
15	839	C	T	HA	S280F	0.0111	15958	HA_C839T_S280F
16	1071	G	T	HA	syn	0.0113	9479	HA_G1071T_syn
17	84	T	A	NP	syn	0.0165	8505	NP_T84A_syn
18	149	G	A	NP	S50N	0.0859	10978	NP_G149A_S50N
19	309	G	A	NP	syn	0.024900000000000002	18501	NP_G309A_syn
20	885	G	A	NP	syn	0.0593	20261	NP_G885A_syn
21	1092	C	T	NA	syn	0.0121	21702	NA_C1092T_syn
22	459	G	A	NS1	syn	0.060700000000000004	25791	NS1_G459A_syn
24	531	A	G	NS1	syn	0.0524	22891	NS1_A531G_syn
25	531	A	G	NEP	Q20R	0.0524	22891	NEP_A531G_Q20R
27	685	G	A	NEP	syn	0.0113	15171	NEP_G685A_syn
