	POS	REF	ALT	gene	annotation	FREQ	read_depth	SNP
0	272	T	C	PB2	V91A	0.056900000000000006	6151	PB2_T272C_V91A
1	312	A	T	PB2	syn	0.0154	4793	PB2_A312T_syn
2	481	G	A	PB2	D161N	0.0172	6051	PB2_G481A_D161N
3	1252	C	A	PB2	L418M	0.04190000000000001	7225	PB2_C1252A_L418M
4	1974	C	T	PB2	syn	0.0356	8002	PB2_C1974T_syn
5	1587	G	A	PB1	syn	0.016399999999999998	3909	PB1_G1587A_syn
6	1879	C	T	PB1	P627S	0.0327	4802	PB1_C1879T_P627S
7	2230	A	G	PB1	M744V	0.0366	1311	PB1_A2230G_M744V
8	39	C	A	PA	syn	0.0434	1728	PA_C39A_syn
9	89	T	C	PA	I30T	0.0507	2349	PA_T89C_I30T
10	720	C	A	PA	syn	0.5543	5327	PA_C720A_syn
11	974	C	T	PA	P325L	0.0105	5604	PA_C974T_P325L
12	1076	A	G	PA	N359S	0.0104	6135	PA_A1076G_N359S
13	1988	G	A	PA	R663K	0.0199	4932	PA_G1988A_R663K
14	2051	G	A	PA	G684E	0.1264	4564	PA_G2051A_G684E
15	432	C	A	HA	D144E	0.6416	5748	HA_C432A_D144E
16	436	A	G	HA	N146D	0.0495	5635	HA_A436G_N146D
17	442	G	A	HA	G148S	0.0189	5552	HA_G442A_G148S
18	598	T	C	HA	S200P	0.10289999999999999	5519	HA_T598C_S200P
19	1039	A	C	NP	I347L	0.0326	4916	NP_A1039C_I347L
20	521	T	C	NS1	V174A	0.5765	13228	NS1_T521C_V174A
21	521	T	C	NEP	S17P	0.5765	13228	NEP_T521C_S17P
23	685	G	A	NEP	syn	0.0286	9812	NEP_G685A_syn
