	POS	REF	ALT	gene	annotation	FREQ	read_depth	SNP
0	349	A	C	PB2	T117P	0.0322	6306	PB2_A349C_T117P
1	1142	T	A	PB2	L381*	0.026000000000000002	10533	PB2_T1142A_L381*
2	1338	C	T	PB2	syn	0.0315	10809	PB2_C1338T_syn
3	1731	T	C	PB2	syn	0.0643	9787	PB2_T1731C_syn
4	1763	C	T	PB2	T588I	0.032	10043	PB2_C1763T_T588I
5	214	C	T	PB1	P72S	0.0872	4563	PB1_C214T_P72S
6	261	T	C	PB1	syn	0.0339	5133	PB1_T261C_syn
7	483	A	G	PB1	syn	0.1159	5144	PB1_A483G_syn
8	871	A	G	PB1	T291A	0.06559999999999999	6039	PB1_A871G_T291A
9	1392	C	T	PB1	syn	0.1119	4318	PB1_C1392T_syn
10	2211	A	G	PB1	syn	0.0209	2057	PB1_A2211G_syn
11	67	G	A	PA	E23K	0.0256	3280	PA_G67A_E23K
12	261	C	A	PA	syn	0.0106	4900	PA_C261A_syn
13	547	G	A	PA	A183T	0.020499999999999997	8253	PA_G547A_A183T
14	554	G	T	PA	R185M	0.0336	8708	PA_G554T_R185M
15	621	T	C	PA	syn	0.0152	9381	PA_T621C_syn
16	624	A	G	PA	syn	0.0548	9525	PA_A624G_syn
17	625	G	A	PA	G209R	0.031400000000000004	9582	PA_G625A_G209R
18	887	G	A	PA	S296N	0.024900000000000002	10056	PA_G887A_S296N
19	987	C	T	PA	syn	0.027999999999999997	11122	PA_C987T_syn
20	1085	G	A	PA	R362K	0.0163	12083	PA_G1085A_R362K
21	1161	T	C	PA	syn	0.025099999999999997	12180	PA_T1161C_syn
22	1170	T	C	PA	syn	0.0271	12509	PA_T1170C_syn
23	1325	G	A	PA	R442K	0.0282	11006	PA_G1325A_R442K
24	1407	G	A	PA	syn	0.0222	10633	PA_G1407A_syn
25	1572	G	A	PA	syn	0.022400000000000003	10865	PA_G1572A_syn
26	1698	A	G	PA	syn	0.013999999999999999	10797	PA_A1698G_syn
27	1862	T	C	PA	I621T	0.013600000000000001	10219	PA_T1862C_I621T
28	1991	A	G	PA	K664R	0.0335	7874	PA_A1991G_K664R
29	432	C	A	HA	D144E	0.4777	10639	HA_C432A_D144E
30	436	A	G	HA	N146D	0.021099999999999997	10402	HA_A436G_N146D
31	469	G	A	HA	G157R	0.0148	9163	HA_G469A_G157R
32	515	G	A	HA	G172E	0.021	8702	HA_G515A_G172E
33	598	T	C	HA	S200P	0.3602	11466	HA_T598C_S200P
34	622	C	A	HA	L208I	0.1508	11027	HA_C622A_L208I
35	635	C	A	HA	A212E	0.011899999999999999	11243	HA_C635A_A212E
36	640	A	G	HA	T214A	0.0409	11505	HA_A640G_T214A
37	1071	G	T	HA	syn	0.0195	8544	HA_G1071T_syn
38	1584	C	T	HA	syn	0.0163	4778	HA_C1584T_syn
39	47	G	A	NP	G16D	0.0102	5476	NP_G47A_G16D
40	301	G	A	NP	D101N	0.011000000000000001	13380	NP_G301A_D101N
41	765	C	T	NP	syn	0.0197	16525	NP_C765T_syn
42	885	G	A	NP	syn	0.027000000000000003	15275	NP_G885A_syn
43	828	T	C	NA	syn	0.0113	17771	NA_T828C_syn
44	459	G	A	NS1	syn	0.0355	61377	NS1_G459A_syn
