	POS	REF	ALT	gene	annotation	FREQ	read_depth	SNP
0	33	G	T	PB2	M11I	0.054400000000000004	1452	PB2_G33T_M11I
1	178	G	A	PB2	D60N	0.0421	5768	PB2_G178A_D60N
2	323	C	T	PB2	T108I	0.0296	4805	PB2_C323T_T108I
3	481	G	A	PB2	D161N	0.0163	6140	PB2_G481A_D161N
4	504	C	T	PB2	syn	0.04769999999999999	5958	PB2_C504T_syn
5	582	G	T	PB2	Q194H	0.0168	6855	PB2_G582T_Q194H
6	1128	G	A	PB2	syn	0.0383	7054	PB2_G1128A_syn
7	1398	C	G	PB2	D466E	0.0236	7386	PB2_C1398G_D466E
8	1705	A	G	PB2	T569A	0.054299999999999994	7224	PB2_A1705G_T569A
9	1710	G	A	PB2	M570I	0.0103	7498	PB2_G1710A_M570I
10	1908	G	T	PB2	L636F	0.015600000000000001	7049	PB2_G1908T_L636F
11	1935	G	T	PB2	L645F	0.0103	7400	PB2_G1935T_L645F
12	1974	C	T	PB2	syn	0.0319	7722	PB2_C1974T_syn
13	209	A	G	PB1	D70G	0.0636	4088	PB1_A209G_D70G
14	354	G	A	PB1	syn	0.0437	4529	PB1_G354A_syn
15	365	T	C	PB1	L122P	0.057300000000000004	4434	PB1_T365C_L122P
16	871	A	G	PB1	T291A	0.5841	5045	PB1_A871G_T291A
17	1056	G	A	PB1	syn	0.012	5673	PB1_G1056A_syn
18	1172	A	G	PB1	K391R	0.0646	5090	PB1_A1172G_K391R
19	351	C	T	PA	syn	0.0177	4288	PA_C351T_syn
20	531	T	C	PA	syn	0.0138	5432	PA_T531C_syn
21	854	T	A	PA	M285K	0.028399999999999998	6683	PA_T854A_M285K
22	900	G	A	PA	syn	0.011899999999999999	6837	PA_G900A_syn
23	1108	C	A	PA	L370I	0.0252	9004	PA_C1108A_L370I
24	1181	A	G	PA	D394G	0.0106	9429	PA_A1181G_D394G
25	1294	G	A	PA	V432I	0.0218	8177	PA_G1294A_V432I
26	1639	G	A	PA	D547N	0.016200000000000003	7849	PA_G1639A_D547N
27	432	C	A	HA	D144E	0.22949999999999998	7157	HA_C432A_D144E
28	436	A	G	HA	N146D	0.0227	6903	HA_A436G_N146D
29	515	G	A	HA	G172E	0.37799999999999995	5375	HA_G515A_G172E
30	598	T	C	HA	S200P	0.2237	7017	HA_T598C_S200P
31	622	C	A	HA	L208I	0.46159999999999995	7820	HA_C622A_L208I
32	640	A	G	HA	T214A	0.023799999999999998	8502	HA_A640G_T214A
33	715	G	A	HA	D239N	0.0165	10383	HA_G715A_D239N
34	716	A	G	HA	D239G	0.0256	10529	HA_A716G_D239G
35	1402	A	G	HA	S468G	0.0189	4649	HA_A1402G_S468G
36	1502	A	C	HA	Y501S	0.013600000000000001	6113	HA_A1502C_Y501S
37	149	G	A	NP	S50N	0.013999999999999999	6274	NP_G149A_S50N
38	885	G	A	NP	syn	0.020099999999999996	8508	NP_G885A_syn
39	756	G	A	M1	syn	0.024	15421	M1_G756A_syn
40	756	G	A	M2	S23N	0.024	15421	M2_G756A_S23N
