	POS	REF	ALT	gene	annotation	FREQ	read_depth	SNP
0	1413	G	A	PB2	syn	0.17989999999999998	7252	PB2_G1413A_syn
1	1188	G	A	HA	syn	0.061900000000000004	4718	HA_G1188A_syn
2	568	G	A	NP	A190T	0.0216	14090	NP_G568A_A190T
