	POS	REF	ALT	gene	annotation	FREQ	read_depth	SNP
0	1413	G	A	PB2	syn	0.32659999999999995	4556	PB2_G1413A_syn
1	159	G	A	HA	syn	0.0121	2478	HA_G159A_syn
2	204	T	C	HA	syn	0.0128	2810	HA_T204C_syn
3	269	C	A	HA	A90E	0.0146	2948	HA_C269A_A90E
4	278	G	A	HA	W93*	0.015	2861	HA_G278A_W93*
5	442	G	A	HA	G148S	0.013999999999999999	2292	HA_G442A_G148S
6	622	C	A	HA	L208I	0.018500000000000003	2054	HA_C622A_L208I
7	695	C	T	HA	A232V	0.016399999999999998	2311	HA_C695T_A232V
8	697	A	G	HA	T233A	0.012	2340	HA_A697G_T233A
9	722	A	G	HA	E241G	0.0195	2415	HA_A722G_E241G
10	1146	G	A	HA	syn	0.0215	1072	HA_G1146A_syn
11	1188	G	A	HA	syn	0.0633	774	HA_G1188A_syn
12	1225	G	A	HA	A409T	0.0102	784	HA_G1225A_A409T
13	568	G	A	NP	A190T	0.0421	6582	NP_G568A_A190T
14	1217	T	C	NP	I406T	0.0179	5760	NP_T1217C_I406T
15	18	G	T	NA	K6N	0.030899999999999997	259	NA_G18T_K6N
16	741	G	A	M1	syn	0.08199999999999999	18271	M1_G741A_syn
17	741	G	A	M2	R18K	0.08199999999999999	18271	M2_G741A_R18K
18	539	T	G	NS1	V180G	0.0154	12256	NS1_T539G_V180G
19	539	T	G	NEP	S23A	0.0154	12256	NEP_T539G_S23A
