	POS	REF	ALT	gene	annotation	FREQ	read_depth	SNP
0	98	A	G	PB2	K33R	0.0103	2534	PB2_A98G_K33R
1	143	A	G	PB2	K48R	0.013999999999999999	3365	PB2_A143G_K48R
2	217	C	A	PB2	Q73K	0.0167	4007	PB2_C217A_Q73K
3	709	G	A	PB2	G237R	0.0127	6472	PB2_G709A_G237R
4	1068	A	G	PB2	syn	0.0165	6551	PB2_A1068G_syn
5	1321	G	A	PB2	D441N	0.014199999999999999	7172	PB2_G1321A_D441N
6	1383	C	A	PB2	syn	0.0118	7296	PB2_C1383A_syn
7	1406	C	A	PB2	P469Q	0.0106	7079	PB2_C1406A_P469Q
8	1676	T	A	PB2	I559N	0.0113	5294	PB2_T1676A_I559N
9	1974	C	T	PB2	syn	0.0174	5936	PB2_C1974T_syn
10	2165	C	G	PB2	A722G	0.0141	3908	PB2_C2165G_A722G
11	43	C	G	PB1	Q15E	0.018799999999999997	532	PB1_C43G_Q15E
12	162	G	A	PB1	syn	0.0241	3569	PB1_G162A_syn
13	548	C	T	PB1	T183I	0.0159	4141	PB1_C548T_T183I
14	575	G	C	PB1	R192T	0.0218	4353	PB1_G575C_R192T
15	632	G	A	PB1	R211K	0.0146	4386	PB1_G632A_R211K
16	735	G	A	PB1	syn	0.0113	5498	PB1_G735A_syn
17	838	G	A	PB1	A280T	0.0222	5937	PB1_G838A_A280T
18	871	A	G	PB1	T291A	0.0191	6015	PB1_A871G_T291A
19	922	A	G	PB1	K308E	0.013300000000000001	6300	PB1_A922G_K308E
20	1457	A	G	PB1	K486R	0.0191	3554	PB1_A1457G_K486R
21	1800	T	C	PB1	syn	0.0202	4399	PB1_T1800C_syn
22	1910	T	C	PB1	I637T	0.032400000000000005	5124	PB1_T1910C_I637T
23	2036	A	G	PB1	Q679R	0.0218	5144	PB1_A2036G_Q679R
24	2155	G	A	PB1	V719M	0.0147	3059	PB1_G2155A_V719M
25	624	A	G	PA	syn	0.077	6729	PA_A624G_syn
26	1149	C	T	PA	syn	0.0129	9129	PA_C1149T_syn
27	432	C	A	HA	D144E	0.2158	5788	HA_C432A_D144E
28	436	A	G	HA	N146D	0.056600000000000004	5616	HA_A436G_N146D
29	475	A	G	HA	K159E	0.028900000000000002	4705	HA_A475G_K159E
30	513	A	G	HA	syn	0.020499999999999997	4441	HA_A513G_syn
31	515	G	A	HA	G172E	0.039	4408	HA_G515A_G172E
32	598	T	C	HA	S200P	0.3005	5485	HA_T598C_S200P
33	622	C	A	HA	L208I	0.2488	5988	HA_C622A_L208I
34	635	C	A	HA	A212E	0.0159	6413	HA_C635A_A212E
35	640	A	G	HA	T214A	0.0443	6702	HA_A640G_T214A
36	677	A	C	HA	K226T	0.015300000000000001	7653	HA_A677C_K226T
37	695	C	T	HA	A232V	0.022400000000000003	8027	HA_C695T_A232V
38	839	C	T	HA	S280F	0.0113	9823	HA_C839T_S280F
39	765	C	T	NP	syn	0.0194	9776	NP_C765T_syn
40	885	G	A	NP	syn	0.0271	8757	NP_G885A_syn
41	459	G	A	NS1	syn	0.0141	15207	NS1_G459A_syn
