	POS	REF	ALT	gene	annotation	FREQ	read_depth	SNP
0	178	G	A	PB2	D60N	0.011200000000000002	5067	PB2_G178A_D60N
1	180	C	G	PB2	D60E	0.011000000000000001	5104	PB2_C180G_D60E
2	690	G	A	PB2	syn	0.0483	7240	PB2_G690A_syn
3	693	G	T	PB2	syn	0.0184	7300	PB2_G693T_syn
4	958	A	G	PB2	S320G	0.0264	7319	PB2_A958G_S320G
5	1413	G	A	PB2	syn	0.09609999999999999	7699	PB2_G1413A_syn
6	120	A	C	PA	syn	0.011000000000000001	3279	PA_A120C_syn
7	678	T	C	PA	syn	0.2286	6733	PA_T678C_syn
8	751	G	A	HA	V251I	0.1142	13321	HA_G751A_V251I
9	1147	A	G	HA	K383E	0.016200000000000003	5050	HA_A1147G_K383E
10	1188	G	A	HA	syn	0.3037	3839	HA_G1188A_syn
11	367	G	T	NP	A123S	0.029300000000000003	8419	NP_G367T_A123S
12	568	G	A	NP	A190T	0.0258	9161	NP_G568A_A190T
13	1290	C	A	NP	S430R	0.012	6441	NP_C1290A_S430R
14	1351	G	T	NP	A451S	0.0206	5672	NP_G1351T_A451S
15	868	T	G	NA	C290G	0.0101	693	NA_T868G_C290G
16	162	T	G	M1	syn	0.011899999999999999	8717	M1_T162G_syn
19	896	G	A	M2	E70K	0.019299999999999998	8136	M2_G896A_E70K
20	106	C	A	NS1	L36I	0.0873	6492	NS1_C106A_L36I
