	POS	REF	ALT	gene	annotation	FREQ	read_depth	SNP
0	1413	G	A	PB2	syn	0.213	9292	PB2_G1413A_syn
1	1570	A	G	PB2	T524A	0.0983	8483	PB2_A1570G_T524A
2	372	G	T	PA	syn	0.21030000000000001	5383	PA_G372T_syn
3	1002	C	T	PA	syn	0.036699999999999997	10732	PA_C1002T_syn
4	1972	T	C	PA	F658L	0.0305	7203	PA_T1972C_F658L
5	870	C	A	HA	H290Q	0.054299999999999994	10398	HA_C870A_H290Q
6	1188	G	A	HA	syn	0.021	2808	HA_G1188A_syn
7	447	T	A	NA	syn	0.0226	885	NA_T447A_syn
8	1131	G	A	NA	syn	0.0102	1077	NA_G1131A_syn
9	1266	C	T	NA	syn	0.0143	841	NA_C1266T_syn
10	609	G	A	M1	M203I	0.0163	19374	M1_G609A_M203I
