	POS	REF	ALT	gene	annotation	FREQ	read_depth	SNP
0	270	A	G	PB1	syn	0.9797	5616	PB1_A270G_syn
1	648	C	T	PB1	syn	0.0176	6692	PB1_C648T_syn
2	1735	C	T	PB1	syn	0.9790000000000001	4722	PB1_C1735T_syn
3	2037	A	G	PB1	syn	0.9789	4699	PB1_A2037G_syn
4	862	C	T	PA	syn	0.9645	4480	PA_C862T_syn
5	1076	A	G	PA	N359S	0.9714	6263	PA_A1076G_N359S
6	410	G	A	HA	G137E	0.9995	3708	HA_G410A_G137E
7	762	C	T	HA	syn	0.9769	6355	HA_C762T_syn
8	1324	T	C	HA	syn	0.9998	6117	HA_T1324C_syn
9	1497	C	T	HA	syn	0.9993000000000001	4366	HA_C1497T_syn
10	381	G	A	NP	syn	0.022000000000000002	10626	NP_G381A_syn
11	571	A	G	NP	M191V	0.0173	8705	NP_A571G_M191V
12	866	A	G	NA	K289R	0.9984999999999999	6695	NA_A866G_K289R
13	903	G	A	NA	syn	1.0	6557	NA_G903A_syn
14	916	G	A	NA	A306T	0.9994	6686	NA_G916A_A306T
15	629	G	A	M1	R210K	0.9808	12736	M1_G629A_R210K
17	253	C	T	NS1	P85S	0.028300000000000002	12243	NS1_C253T_P85S
19	436	C	T	NS1	syn	0.9566	14193	NS1_C436T_syn
21	609	G	A	NS1	W203*	0.0287	11402	NS1_G609A_W203*
22	609	G	A	NEP	G46E	0.0287	11402	NEP_G609A_G46E
24	820	C	T	NEP	syn	0.011399999999999999	700	NEP_C820T_syn
