	POS	REF	ALT	gene	annotation	FREQ	read_depth	SNP
0	96	G	A	PB2	syn	0.0166	2769	PB2_G96A_syn
1	2101	G	A	PB2	D701N	0.4219	6907	PB2_G2101A_D701N
2	270	A	G	PB1	syn	0.5252	7036	PB1_A270G_syn
3	648	C	T	PB1	syn	0.0508	6786	PB1_C648T_syn
4	1735	C	T	PB1	syn	0.5307	6482	PB1_C1735T_syn
5	2037	A	G	PB1	syn	0.5537	6917	PB1_A2037G_syn
6	95	C	T	PA	T32I	0.0611	916	PA_C95T_T32I
7	465	G	A	PA	M155I	0.0273	2487	PA_G465A_M155I
8	824	C	T	PA	P275L	0.0103	3876	PA_C824T_P275L
9	862	C	T	PA	syn	1.0	3664	PA_C862T_syn
10	1076	A	G	PA	N359S	1.0	4470	PA_A1076G_N359S
11	1407	G	A	PA	syn	0.0105	3035	PA_G1407A_syn
12	237	T	C	HA	syn	0.011699999999999999	5487	HA_T237C_syn
13	410	G	A	HA	G137E	0.9998	4612	HA_G410A_G137E
14	762	C	T	HA	syn	0.5189	8686	HA_C762T_syn
15	1273	A	G	HA	N425D	0.0155	6500	HA_A1273G_N425D
16	1324	T	C	HA	syn	1.0	6740	HA_T1324C_syn
17	1497	C	T	HA	syn	1.0	4680	HA_C1497T_syn
18	1689	T	G	HA	C563W	0.0341	645	HA_T1689G_C563W
19	381	G	A	NP	syn	0.0115	12475	NP_G381A_syn
20	571	A	G	NP	M191V	0.1422	11997	NP_A571G_M191V
21	246	C	G	NA	N82K	0.0125	1437	NA_C246G_N82K
22	271	A	G	NA	N91D	0.01	1997	NA_A271G_N91D
23	761	T	A	NA	F254Y	0.015700000000000002	2042	NA_T761A_F254Y
24	793	C	A	NA	L265M	0.0109	2102	NA_C793A_L265M
25	831	T	C	NA	syn	0.0127	2434	NA_T831C_syn
26	866	A	G	NA	K289R	1.0	2465	NA_A866G_K289R
27	903	G	A	NA	syn	0.9995999999999999	2391	NA_G903A_syn
28	916	G	A	NA	A306T	0.9995999999999999	2451	NA_G916A_A306T
29	489	G	A	M1	syn	0.0155	16084	M1_G489A_syn
31	629	G	A	M1	R210K	0.5436	15388	M1_G629A_R210K
33	655	G	A	M1	V219I	0.36950000000000005	13869	M1_G655A_V219I
35	253	C	T	NS1	P85S	0.0155	16197	NS1_C253T_P85S
37	436	C	T	NS1	syn	0.5897	19668	NS1_C436T_syn
39	537	G	A	NS1	syn	0.3389	17273	NS1_G537A_syn
40	537	G	A	NEP	R22K	0.3389	17273	NEP_G537A_R22K
41	609	G	A	NS1	W203*	0.0174	13563	NS1_G609A_W203*
42	609	G	A	NEP	G46E	0.0174	13563	NEP_G609A_G46E
44	671	G	A	NEP	E67K	0.0245	10094	NEP_G671A_E67K
