	POS	REF	ALT	gene	annotation	FREQ	read_depth	SNP
0	270	A	G	PB1	syn	0.9729000000000001	5138	PB1_A270G_syn
1	648	C	T	PB1	syn	0.0216	5497	PB1_C648T_syn
2	804	A	G	PB1	syn	0.0172	5233	PB1_A804G_syn
3	1735	C	T	PB1	syn	0.9698	4302	PB1_C1735T_syn
4	2037	A	G	PB1	syn	0.9741	4368	PB1_A2037G_syn
5	492	C	A	PA	D164E	0.0179	2791	PA_C492A_D164E
6	862	C	T	PA	syn	0.9772	4212	PA_C862T_syn
7	880	G	A	PA	D294N	0.012199999999999999	4262	PA_G880A_D294N
8	985	G	A	PA	G329S	0.0189	4279	PA_G985A_G329S
9	1076	A	G	PA	N359S	0.9815	4917	PA_A1076G_N359S
10	1144	G	T	PA	E382*	0.0203	5529	PA_G1144T_E382*
11	1211	C	T	PA	A404V	0.0139	5836	PA_C1211T_A404V
12	1376	T	C	PA	I459T	0.0115	3829	PA_T1376C_I459T
13	1541	A	G	PA	D514G	0.035	2085	PA_A1541G_D514G
14	1561	G	A	PA	V521I	0.0105	2093	PA_G1561A_V521I
15	1867	G	A	PA	E623K	0.030899999999999997	2295	PA_G1867A_E623K
16	119	G	A	HA	R40K	0.015600000000000001	1929	HA_G119A_R40K
17	410	G	A	HA	G137E	0.9982	2173	HA_G410A_G137E
18	762	C	T	HA	syn	0.9732	4031	HA_C762T_syn
19	1324	T	C	HA	syn	0.9993000000000001	4415	HA_T1324C_syn
20	1387	G	A	HA	E463K	0.023399999999999997	5226	HA_G1387A_E463K
21	1497	C	T	HA	syn	0.9990000000000001	2903	HA_C1497T_syn
22	381	G	A	NP	syn	0.0173	10243	NP_G381A_syn
23	571	A	G	NP	M191V	0.0864	9902	NP_A571G_M191V
24	783	A	G	NA	syn	0.0101	4256	NA_A783G_syn
25	866	A	G	NA	K289R	0.9990000000000001	4964	NA_A866G_K289R
26	903	G	A	NA	syn	0.9998	4852	NA_G903A_syn
27	916	G	A	NA	A306T	0.9998	4862	NA_G916A_A306T
28	132	G	A	M1	syn	0.035699999999999996	16627	M1_G132A_syn
30	629	G	A	M1	R210K	0.9711	34285	M1_G629A_R210K
32	253	C	T	NS1	P85S	0.018600000000000002	4746	NS1_C253T_P85S
34	436	C	T	NS1	syn	0.9708	5141	NS1_C436T_syn
36	609	G	A	NS1	W203*	0.0197	4520	NS1_G609A_W203*
37	609	G	A	NEP	G46E	0.0197	4520	NEP_G609A_G46E
