	POS	REF	ALT	gene	annotation	FREQ	read_depth	SNP
0	270	A	G	PB1	syn	0.9871	6967	PB1_A270G_syn
1	1735	C	T	PB1	syn	0.9837	5997	PB1_C1735T_syn
2	2037	A	G	PB1	syn	0.9840000000000001	6378	PB1_A2037G_syn
3	862	C	T	PA	syn	0.9721	5452	PA_C862T_syn
4	1076	A	G	PA	N359S	0.9813	6516	PA_A1076G_N359S
5	1577	C	T	PA	S526F	0.017	3528	PA_C1577T_S526F
6	1911	C	A	PA	C637*	0.013000000000000001	4225	PA_C1911A_C637*
7	2134	A	G	PA	T712A	0.017	2823	PA_A2134G_T712A
8	2146	A	G	PA	R716G	0.0207	2412	PA_A2146G_R716G
9	410	G	A	HA	G137E	0.9995	3995	HA_G410A_G137E
10	762	C	T	HA	syn	0.9754999999999999	7110	HA_C762T_syn
11	1324	T	C	HA	syn	0.9998	5920	HA_T1324C_syn
12	1387	G	A	HA	E463K	0.011000000000000001	6538	HA_G1387A_E463K
13	1497	C	T	HA	syn	1.0	4013	HA_C1497T_syn
14	362	G	A	NP	R121K	0.0116	10521	NP_G362A_R121K
15	571	A	G	NP	M191V	0.0761	10115	NP_A571G_M191V
16	866	A	G	NA	K289R	1.0	3748	NA_A866G_K289R
17	903	G	A	NA	syn	1.0	3751	NA_G903A_syn
18	916	G	A	NA	A306T	0.9997	3790	NA_G916A_A306T
19	132	G	A	M1	syn	0.047599999999999996	8635	M1_G132A_syn
21	629	G	A	M1	R210K	0.9666	16549	M1_G629A_R210K
23	253	C	T	NS1	P85S	0.0167	11880	NS1_C253T_P85S
25	436	C	T	NS1	syn	0.9719	13012	NS1_C436T_syn
27	609	G	A	NS1	W203*	0.0154	10263	NS1_G609A_W203*
28	609	G	A	NEP	G46E	0.0154	10263	NEP_G609A_G46E
