	POS	REF	ALT	gene	annotation	FREQ	read_depth	SNP
0	96	G	A	PB2	syn	0.013500000000000002	2069	PB2_G96A_syn
1	209	G	A	PB2	R70K	0.0108	3898	PB2_G209A_R70K
2	333	T	C	PB2	syn	0.0139	5595	PB2_T333C_syn
3	1601	C	T	PB2	S534F	0.013999999999999999	6093	PB2_C1601T_S534F
4	2083	C	T	PB2	syn	0.013300000000000001	6382	PB2_C2083T_syn
5	2101	G	A	PB2	D701N	0.41509999999999997	6251	PB2_G2101A_D701N
6	2263	C	T	PB2	R755W	0.0102	1370	PB2_C2263T_R755W
7	270	A	G	PB1	syn	0.579	7936	PB1_A270G_syn
8	648	C	T	PB1	syn	0.0521	6700	PB1_C648T_syn
9	1735	C	T	PB1	syn	0.5787	6998	PB1_C1735T_syn
10	2037	A	G	PB1	syn	0.5977	6815	PB1_A2037G_syn
11	862	C	T	PA	syn	0.9973000000000001	5162	PA_C862T_syn
12	1076	A	G	PA	N359S	0.9989	6626	PA_A1076G_N359S
13	1256	A	G	PA	D419G	0.028999999999999998	6729	PA_A1256G_D419G
14	410	G	A	HA	G137E	1.0	4490	HA_G410A_G137E
15	762	C	T	HA	syn	0.5478999999999999	7947	HA_C762T_syn
16	1324	T	C	HA	syn	0.9998	5887	HA_T1324C_syn
17	1497	C	T	HA	syn	0.9986	4375	HA_C1497T_syn
18	362	G	A	NP	R121K	0.012	10392	NP_G362A_R121K
19	381	G	A	NP	syn	0.0165	10607	NP_G381A_syn
20	571	A	G	NP	M191V	0.1771	9882	NP_A571G_M191V
21	724	C	T	NA	P242S	0.0316	7194	NA_C724T_P242S
22	764	A	G	NA	K255R	0.09369999999999999	6498	NA_A764G_K255R
23	866	A	G	NA	K289R	0.9998999999999999	7278	NA_A866G_K289R
24	903	G	A	NA	syn	0.9995999999999999	7260	NA_G903A_syn
25	916	G	A	NA	A306T	0.9997	7520	NA_G916A_A306T
26	1047	A	G	NA	syn	0.0167	11946	NA_A1047G_syn
27	489	G	A	M1	syn	0.0152	17221	M1_G489A_syn
29	629	G	A	M1	R210K	0.5462	16799	M1_G629A_R210K
31	655	G	A	M1	V219I	0.3594	14682	M1_G655A_V219I
33	253	C	T	NS1	P85S	0.0315	21250	NS1_C253T_P85S
35	436	C	T	NS1	syn	0.5778	24611	NS1_C436T_syn
37	537	G	A	NS1	syn	0.34590000000000004	21038	NS1_G537A_syn
38	537	G	A	NEP	R22K	0.34590000000000004	21038	NEP_G537A_R22K
39	609	G	A	NS1	W203*	0.0329	16404	NS1_G609A_W203*
40	609	G	A	NEP	G46E	0.0329	16404	NEP_G609A_G46E
42	671	G	A	NEP	E67K	0.0285	11893	NEP_G671A_E67K
44	820	C	T	NEP	syn	0.0181	886	NEP_C820T_syn
