	POS	REF	ALT	gene	annotation	FREQ	read_depth	SNP
0	270	A	G	PB1	syn	0.9833	5333	PB1_A270G_syn
1	648	C	T	PB1	syn	0.013300000000000001	5334	PB1_C648T_syn
2	1735	C	T	PB1	syn	0.9826999999999999	4904	PB1_C1735T_syn
3	2037	A	G	PB1	syn	0.9843000000000001	4897	PB1_A2037G_syn
4	462	G	A	PA	syn	0.012	2575	PA_G462A_syn
5	862	C	T	PA	syn	0.9703	4174	PA_C862T_syn
6	1076	A	G	PA	N359S	0.9731000000000001	4581	PA_A1076G_N359S
7	410	G	A	HA	G137E	0.9993000000000001	2991	HA_G410A_G137E
8	762	C	T	HA	syn	0.9642000000000001	5791	HA_C762T_syn
9	1324	T	C	HA	syn	1.0	4800	HA_T1324C_syn
10	1497	C	T	HA	syn	0.9991	3170	HA_C1497T_syn
11	381	G	A	NP	syn	0.0218	9128	NP_G381A_syn
12	571	A	G	NP	M191V	0.0147	8098	NP_A571G_M191V
13	866	A	G	NA	K289R	0.9986	6463	NA_A866G_K289R
14	903	G	A	NA	syn	0.9995	6245	NA_G903A_syn
15	916	G	A	NA	A306T	0.9998	6264	NA_G916A_A306T
16	629	G	A	M1	R210K	0.9693999999999999	17751	M1_G629A_R210K
18	253	C	T	NS1	P85S	0.027000000000000003	12364	NS1_C253T_P85S
20	436	C	T	NS1	syn	0.9536	13203	NS1_C436T_syn
22	609	G	A	NS1	W203*	0.0276	10837	NS1_G609A_W203*
23	609	G	A	NEP	G46E	0.0276	10837	NEP_G609A_G46E
