	POS	REF	ALT	gene	annotation	FREQ	read_depth	SNP
0	877	A	G	PB2	R293G	0.0127	6688	PB2_A877G_R293G
1	2101	G	A	PB2	D701N	0.0158	5524	PB2_G2101A_D701N
2	2221	G	T	PB1	A741S	0.0151	1588	PB1_G2221T_A741S
3	117	C	G	PA	C39W	0.0195	1439	PA_C117G_C39W
4	345	C	A	PA	N115K	0.0215	3898	PA_C345A_N115K
5	592	G	A	PA	E198K	0.049699999999999994	6680	PA_G592A_E198K
6	954	A	G	PA	syn	0.0155	7478	PA_A954G_syn
7	966	T	C	PA	syn	0.0274	7774	PA_T966C_syn
8	1069	A	G	PA	T357A	0.023399999999999997	8731	PA_A1069G_T357A
9	2037	A	G	PA	syn	0.010700000000000001	3730	PA_A2037G_syn
10	22	T	C	HA	F8L	0.0263	685	HA_T22C_F8L
11	32	T	C	HA	I11T	0.0274	986	HA_T32C_I11T
12	410	G	A	HA	G137E	0.9987	3910	HA_G410A_G137E
13	528	A	G	HA	syn	0.0388	3273	HA_A528G_syn
14	880	G	A	HA	G294R	0.012	7185	HA_G880A_G294R
15	1324	T	C	HA	syn	0.9994	6392	HA_T1324C_syn
16	1497	C	T	HA	syn	1.0	4015	HA_C1497T_syn
17	903	G	A	NA	syn	0.9998	4168	NA_G903A_syn
18	916	G	A	NA	A306T	0.9998	4290	NA_G916A_A306T
19	1212	T	C	NA	syn	0.0137	6569	NA_T1212C_syn
20	7	T	C	NS1	S3P	0.0705	2764	NS1_T7C_S3P
21	7	T	C	NEP	S3P	0.0705	2764	NEP_T7C_S3P
22	411	T	C	NS1	syn	0.0316	16161	NS1_T411C_syn
