	POS	REF	ALT	gene	annotation	FREQ	read_depth	SNP
0	1176	G	A	PA	syn	0.0121	6941	PA_G1176A_syn
1	1454	T	C	PA	M485T	0.0143	3497	PA_T1454C_M485T
2	1491	A	G	PA	syn	0.0174	3152	PA_A1491G_syn
3	410	G	A	HA	G137E	0.9995999999999999	2629	HA_G410A_G137E
4	1324	T	C	HA	syn	0.9991	4608	HA_T1324C_syn
5	1497	C	T	HA	syn	0.9993000000000001	2779	HA_C1497T_syn
6	866	A	G	NA	K289R	1.0	3837	NA_A866G_K289R
7	903	G	A	NA	syn	1.0	3791	NA_G903A_syn
8	916	G	A	NA	A306T	0.9997	3828	NA_G916A_A306T
