	POS	REF	ALT	gene	annotation	FREQ	read_depth	SNP
0	190	A	G	PB2	M64V	0.9993000000000001	4582	PB2_A190G_M64V
1	206	A	G	PB2	E69G	0.9992	4775	PB2_A206G_E69G
2	519	A	G	PB2	syn	0.022799999999999997	6700	PB2_A519G_syn
3	1005	G	A	PB2	syn	0.020499999999999997	5375	PB2_G1005A_syn
4	410	G	A	HA	G137E	0.9997	8635	HA_G410A_G137E
5	1324	T	C	HA	syn	1.0	11892	HA_T1324C_syn
6	1497	C	T	HA	syn	0.9994	7946	HA_C1497T_syn
7	170	T	A	NP	I57N	0.18510000000000001	7963	NP_T170A_I57N
8	1431	T	C	NP	syn	0.020499999999999997	3806	NP_T1431C_syn
9	903	G	A	NA	syn	0.9995999999999999	5062	NA_G903A_syn
10	916	G	A	NA	A306T	0.9998	5262	NA_G916A_A306T
11	199	C	T	NS1	R67W	0.0322	12910	NS1_C199T_R67W
14	703	A	G	NEP	syn	0.33659999999999995	8496	NEP_A703G_syn
16	733	A	G	NEP	syn	0.1641	6241	NEP_A733G_syn
