	POS	REF	ALT	gene	annotation	FREQ	read_depth	SNP
0	444	C	T	PA	syn	0.0124	3957	PA_C444T_syn
1	475	G	A	PA	A159T	0.0189	4232	PA_G475A_A159T
2	590	G	A	PA	G197D	0.0711	5652	PA_G590A_G197D
3	1098	A	G	PA	syn	0.0212	7453	PA_A1098G_syn
4	1116	G	A	PA	syn	0.019299999999999998	7786	PA_G1116A_syn
5	1746	A	G	PA	syn	0.020499999999999997	3902	PA_A1746G_syn
6	1882	G	A	PA	V628I	0.0199	4667	PA_G1882A_V628I
7	410	G	A	HA	G137E	0.9982	4490	HA_G410A_G137E
8	1324	T	C	HA	syn	0.9994	6432	HA_T1324C_syn
9	1497	C	T	HA	syn	1.0	4949	HA_C1497T_syn
10	866	A	G	NA	K289R	0.0101	5738	NA_A866G_K289R
11	903	G	A	NA	syn	0.9998	5685	NA_G903A_syn
12	916	G	A	NA	A306T	0.9993000000000001	5910	NA_G916A_A306T
14	820	C	T	NEP	syn	0.022400000000000003	535	NEP_C820T_syn
