	POS	REF	ALT	gene	annotation	FREQ	read_depth	SNP
0	1605	G	A	PB2	M535I	0.0104	4727	PB2_G1605A_M535I
1	986	G	A	PA	G329D	0.0106	4897	PA_G986A_G329D
2	1249	T	C	PA	syn	0.1361	5502	PA_T1249C_syn
3	410	G	A	HA	G137E	0.9992	1237	HA_G410A_G137E
4	1324	T	C	HA	syn	1.0	1821	HA_T1324C_syn
5	1497	C	T	HA	syn	1.0	1158	HA_C1497T_syn
6	1453	G	A	NP	G485R	0.0274	3684	NP_G1453A_G485R
7	866	A	G	NA	K289R	0.9997	7033	NA_A866G_K289R
8	903	G	A	NA	syn	0.9998999999999999	7036	NA_G903A_syn
9	916	G	A	NA	A306T	0.9995999999999999	7234	NA_G916A_A306T
10	4	G	A	NS1	D2N	0.0137	803	NS1_G4A_D2N
11	4	G	A	NEP	D2N	0.0137	803	NEP_G4A_D2N
