	POS	REF	ALT	gene	annotation	FREQ	read_depth	SNP
0	349	A	C	PB2	T117P	0.0176	6073	PB2_A349C_T117P
1	448	G	A	PB2	G150S	0.0146	6910	PB2_G448A_G150S
2	1896	G	A	PB2	syn	0.0528	7250	PB2_G1896A_syn
3	288	A	G	PB1	syn	0.0616	6218	PB1_A288G_syn
4	642	G	T	PB1	K214N	0.0159	6022	PB1_G642T_K214N
5	699	G	A	PB1	syn	0.081	5717	PB1_G699A_syn
6	1102	G	A	PB1	V368I	0.0748	4614	PB1_G1102A_V368I
7	1120	G	T	PB1	A374S	0.0159	4461	PB1_G1120T_A374S
8	155	A	C	PA	H52P	0.018799999999999997	2502	PA_A155C_H52P
9	218	A	G	PA	K73R	0.0207	3039	PA_A218G_K73R
10	226	T	C	PA	F76L	0.0398	2991	PA_T226C_F76L
11	228	T	C	PA	syn	0.0392	3007	PA_T228C_syn
12	394	C	A	PA	L132I	0.0116	2846	PA_C394A_L132I
13	587	G	A	PA	R196K	0.023799999999999998	4668	PA_G587A_R196K
14	681	A	G	PA	syn	0.10529999999999999	4995	PA_A681G_syn
15	774	G	A	PA	syn	0.019	4572	PA_G774A_syn
16	1561	G	T	PA	V521L	0.022099999999999998	3490	PA_G1561T_V521L
17	2084	T	C	PA	I695T	0.031200000000000002	2760	PA_T2084C_I695T
18	18	G	A	HA	syn	0.0155	646	HA_G18A_syn
19	29	T	A	HA	L10Q	0.011000000000000001	911	HA_T29A_L10Q
20	410	G	A	HA	G137E	0.9981	4154	HA_G410A_G137E
21	615	G	A	HA	syn	0.13699999999999998	6276	HA_G615A_syn
22	739	A	C	HA	N247H	0.024	7840	HA_A739C_N247H
23	1324	T	C	HA	syn	0.9995	5770	HA_T1324C_syn
24	1497	C	T	HA	syn	1.0	4070	HA_C1497T_syn
25	987	G	A	NP	syn	0.08199999999999999	10084	NP_G987A_syn
26	420	C	T	NA	syn	0.0116	8733	NA_C420T_syn
27	903	G	A	NA	syn	1.0	6195	NA_G903A_syn
28	916	G	A	NA	A306T	0.9995	6334	NA_G916A_A306T
29	19	T	C	NS1	S7P	0.0132	3173	NS1_T19C_S7P
30	19	T	C	NEP	S7P	0.0132	3173	NEP_T19C_S7P
