	POS	REF	ALT	gene	annotation	FREQ	read_depth	SNP
0	75	G	A	PB2	syn	0.0326	215	PB2_G75A_syn
1	335	C	A	PB2	P112Q	0.0167	777	PB2_C335A_P112Q
2	531	A	G	PB2	syn	0.013300000000000001	901	PB2_A531G_syn
3	621	G	A	PB2	syn	0.016399999999999998	852	PB2_G621A_syn
4	953	G	A	PB2	R318K	0.0179	838	PB2_G953A_R318K
5	2076	G	A	PB2	syn	0.0106	847	PB2_G2076A_syn
6	2151	G	A	PB2	syn	0.0305	591	PB2_G2151A_syn
7	51	T	C	PB1	syn	0.0154	3512	PB1_T51C_syn
8	191	C	T	PB1	P64L	0.0108	31573	PB1_C191T_P64L
9	515	A	G	PB1	D172G	0.0108	35116	PB1_A515G_D172G
10	534	G	A	PB1	syn	0.0108	35119	PB1_G534A_syn
11	683	C	T	PB1	T228I	0.012	35246	PB1_C683T_T228I
12	734	G	A	PB1	G245E	0.010700000000000001	33864	PB1_G734A_G245E
13	825	G	C	PB1	syn	0.0108	33239	PB1_G825C_syn
14	861	G	A	PB1	syn	0.032	31449	PB1_G861A_syn
15	991	G	A	PB1	E331K	0.0124	26461	PB1_G991A_E331K
16	1503	C	T	PB1	syn	0.0128	31439	PB1_C1503T_syn
17	1505	T	C	PB1	V502A	0.011699999999999999	31503	PB1_T1505C_V502A
18	1519	A	G	PB1	M507V	0.0104	31508	PB1_A1519G_M507V
19	1635	G	A	PB1	syn	0.0125	24953	PB1_G1635A_syn
20	1637	T	C	PB1	M546T	0.0116	24784	PB1_T1637C_M546T
21	94	A	G	PA	T32A	0.049699999999999994	181	PA_A94G_T32A
22	646	G	A	PA	D216N	0.0226	930	PA_G646A_D216N
23	1483	A	C	PA	syn	0.0256	626	PA_A1483C_syn
24	1521	A	G	PA	syn	0.023	610	PA_A1521G_syn
25	1765	C	A	PA	L589I	0.0137	583	PA_C1765A_L589I
26	2111	C	T	PA	A704V	0.0151	465	PA_C2111T_A704V
27	215	G	A	HA	C72Y	0.0154	779	HA_G215A_C72Y
28	410	G	A	HA	G137E	1.0	669	HA_G410A_G137E
29	686	G	T	HA	R229I	0.0235	1063	HA_G686T_R229I
30	819	T	A	HA	syn	0.0138	1014	HA_T819A_syn
31	854	A	G	HA	N285S	0.015700000000000002	1021	HA_A854G_N285S
32	960	A	G	HA	syn	0.0124	1205	HA_A960G_syn
33	996	T	C	HA	syn	0.0365	1207	HA_T996C_syn
34	1324	T	C	HA	syn	1.0	865	HA_T1324C_syn
35	1497	C	T	HA	syn	1.0	679	HA_C1497T_syn
36	1548	T	C	HA	syn	0.0325	615	HA_T1548C_syn
37	903	G	A	NA	syn	1.0	1263	NA_G903A_syn
38	916	G	A	NA	A306T	1.0	1303	NA_G916A_A306T
39	623	A	G	M1	Q208R	0.0203	3145	M1_A623G_Q208R
41	624	G	A	M1	syn	0.0161	3166	M1_G624A_syn
43	425	A	G	NS1	E142G	0.0276	2425	NS1_A425G_E142G
