	POS	REF	ALT	gene	annotation	FREQ	read_depth	SNP
0	66	A	C	PB2	K22N	0.013600000000000001	1175	PB2_A66C_K22N
1	1918	G	A	PB2	V640M	0.5682	7474	PB2_G1918A_V640M
2	1382	C	A	PB1	A461E	0.0108	6497	PB1_C1382A_A461E
3	1494	C	T	PB1	syn	0.016200000000000003	5735	PB1_C1494T_syn
4	2185	G	T	PB1	D729Y	0.0147	2311	PB1_G2185T_D729Y
5	44	A	C	PA	E15A	0.1258	994	PA_A44C_E15A
6	219	A	G	PA	syn	0.0216	3703	PA_A219G_syn
7	1099	A	G	PA	K367E	0.1241	7745	PA_A1099G_K367E
8	1409	T	C	PA	L470P	0.1158	5259	PA_T1409C_L470P
9	1696	A	C	PA	syn	0.231	4498	PA_A1696C_syn
10	410	G	A	HA	G137E	0.993	4869	HA_G410A_G137E
11	1324	T	C	HA	syn	0.9997	6874	HA_T1324C_syn
12	1497	C	T	HA	syn	0.9994	5029	HA_C1497T_syn
13	1689	T	G	HA	C563W	0.0495	586	HA_T1689G_C563W
14	866	A	G	NA	K289R	0.9998999999999999	7142	NA_A866G_K289R
15	903	G	A	NA	syn	0.9997	7184	NA_G903A_syn
16	916	G	A	NA	A306T	0.9997	7349	NA_G916A_A306T
17	1125	G	A	NA	syn	0.0259	13390	NA_G1125A_syn
19	965	A	G	M2	N93D	0.0111	1616	M2_A965G_N93D
21	832	T	C	NEP	syn	0.0282	496	NEP_T832C_syn
