	POS	REF	ALT	gene	annotation	FREQ	read_depth	SNP
0	1199	T	C	PB2	V400A	0.0165	7950	PB2_T1199C_V400A
1	1918	G	A	PB2	V640M	0.26489999999999997	7794	PB2_G1918A_V640M
2	1972	T	C	PB2	Y658H	0.0155	7700	PB2_T1972C_Y658H
3	1985	C	T	PB2	T662I	0.0248	7625	PB2_C1985T_T662I
4	34	G	A	PB1	V12M	0.0274	292	PB1_G34A_V12M
5	1494	C	T	PB1	syn	0.0163	6010	PB1_C1494T_syn
6	981	G	A	PA	syn	0.013300000000000001	6526	PA_G981A_syn
7	1017	G	A	PA	syn	0.0226	6821	PA_G1017A_syn
8	1347	A	C	PA	E449D	0.0216	6288	PA_A1347C_E449D
9	1682	T	C	PA	M561T	0.0127	4347	PA_T1682C_M561T
10	1698	A	G	PA	syn	0.013500000000000002	4215	PA_A1698G_syn
11	2040	C	T	PA	syn	0.0354	3507	PA_C2040T_syn
12	410	G	A	HA	G137E	1.0	4318	HA_G410A_G137E
13	1324	T	C	HA	syn	0.9993000000000001	6787	HA_T1324C_syn
14	1497	C	T	HA	syn	0.9995999999999999	4744	HA_C1497T_syn
15	866	A	G	NA	K289R	0.9998	6428	NA_A866G_K289R
16	903	G	A	NA	syn	1.0	6446	NA_G903A_syn
17	916	G	A	NA	A306T	0.9998	6629	NA_G916A_A306T
18	1125	G	A	NA	syn	0.0526	10834	NA_G1125A_syn
19	249	C	T	M1	syn	0.0116	10887	M1_C249T_syn
22	832	T	C	NEP	syn	0.0429	513	NEP_T832C_syn
