	POS	REF	ALT	gene	annotation	FREQ	read_depth	SNP
0	2101	G	A	PB2	D701N	0.0182	5272	PB2_G2101A_D701N
1	75	T	C	PB1	syn	0.0129	1088	PB1_T75C_syn
2	317	C	A	PB1	S106*	0.0213	7823	PB1_C317A_S106*
3	618	A	G	PB1	syn	0.018600000000000002	6719	PB1_A618G_syn
4	620	A	G	PB1	K207R	0.018799999999999997	6636	PB1_A620G_K207R
5	621	G	A	PB1	syn	0.0184	6673	PB1_G621A_syn
6	724	G	A	PB1	A242T	0.0111	7038	PB1_G724A_A242T
7	1218	G	A	PB1	syn	0.0269	5399	PB1_G1218A_syn
8	1503	C	T	PB1	syn	0.0246	4836	PB1_C1503T_syn
9	1768	T	C	PB1	syn	0.0104	6065	PB1_T1768C_syn
10	2074	T	C	PB1	C692R	0.0169	4448	PB1_T2074C_C692R
11	169	C	A	PA	syn	0.0323	2541	PA_C169A_syn
12	426	G	A	PA	syn	0.018799999999999997	4101	PA_G426A_syn
13	765	C	T	PA	syn	0.0161	7395	PA_C765T_syn
14	1235	A	C	PA	N412T	0.0203	8090	PA_A1235C_N412T
15	1387	G	A	PA	V463M	0.028999999999999998	5136	PA_G1387A_V463M
16	1737	G	A	PA	M579I	0.0191	4875	PA_G1737A_M579I
17	410	G	A	HA	G137E	0.9997	3622	HA_G410A_G137E
18	510	C	T	HA	syn	0.011200000000000002	2689	HA_C510T_syn
19	688	C	T	HA	P230S	0.0128	5871	HA_C688T_P230S
20	1324	T	C	HA	syn	0.9998	5428	HA_T1324C_syn
21	1373	T	A	HA	M458K	0.013000000000000001	5603	HA_T1373A_M458K
22	1497	C	T	HA	syn	0.9995	3678	HA_C1497T_syn
23	1573	T	C	HA	Y525H	0.0101	2771	HA_T1573C_Y525H
24	79	G	C	NA	A27P	0.0137	729	NA_G79C_A27P
25	852	T	C	NA	syn	0.0126	4684	NA_T852C_syn
26	903	G	A	NA	syn	0.9998	4756	NA_G903A_syn
27	916	G	A	NA	A306T	0.9998	4986	NA_G916A_A306T
28	1392	C	T	NA	syn	0.019	473	NA_C1392T_syn
29	11	T	C	M1	L4P	0.012199999999999999	1796	M1_T11C_L4P
30	11	T	C	M2	L4P	0.012199999999999999	1796	M2_T11C_L4P
31	459	G	A	M1	syn	0.0108	18171	M1_G459A_syn
33	534	A	G	M1	syn	0.0103	18513	M1_A534G_syn
35	7	T	C	NS1	S3P	0.036000000000000004	2721	NS1_T7C_S3P
36	7	T	C	NEP	S3P	0.036000000000000004	2721	NEP_T7C_S3P
