	POS	REF	ALT	gene	annotation	FREQ	read_depth	SNP
0	22	A	C	PB2	syn	0.0809	507	PB2_A22C_syn
1	342	T	C	PB1	syn	0.0123	7214	PB1_T342C_syn
2	515	A	G	PB1	D172G	0.6604000000000001	5928	PB1_A515G_D172G
3	810	C	T	PB1	syn	0.0225	5745	PB1_C810T_syn
4	2269	A	G	PB1	K757E	0.0207	434	PB1_A2269G_K757E
5	77	A	G	PA	E26G	0.026000000000000002	1694	PA_A77G_E26G
6	225	A	G	PA	syn	0.0139	4527	PA_A225G_syn
7	293	C	A	PA	T98K	0.2354	4478	PA_C293A_T98K
8	410	G	A	HA	G137E	0.9995999999999999	4763	HA_G410A_G137E
9	1324	T	C	HA	syn	0.9995999999999999	6794	HA_T1324C_syn
10	1497	C	T	HA	syn	0.9995999999999999	5311	HA_C1497T_syn
11	427	C	T	NP	syn	0.2741	10224	NP_C427T_syn
12	94	A	G	NA	N32D	0.016200000000000003	1662	NA_A94G_N32D
13	866	A	G	NA	K289R	0.9995999999999999	6848	NA_A866G_K289R
14	903	G	A	NA	syn	0.9997	6794	NA_G903A_syn
15	916	G	A	NA	A306T	1.0	7005	NA_G916A_A306T
