	POS	REF	ALT	gene	annotation	FREQ	read_depth	SNP
0	209	G	A	PB2	R70K	0.0132	4013	PB2_G209A_R70K
1	527	T	C	PB2	I176T	0.0167	5034	PB2_T527C_I176T
2	738	G	A	PB2	syn	0.050300000000000004	4032	PB2_G738A_syn
3	1195	A	G	PB2	I399V	0.026000000000000002	5584	PB2_A1195G_I399V
4	2101	G	A	PB2	D701N	0.0365	4963	PB2_G2101A_D701N
5	69	T	C	PB1	syn	0.0316	1394	PB1_T69C_syn
6	246	T	C	PB1	syn	0.0147	5492	PB1_T246C_syn
7	461	G	T	PB1	G154V	0.0116	5000	PB1_G461T_G154V
8	492	C	A	PB1	syn	0.0359	4952	PB1_C492A_syn
9	56	A	G	PA	K19R	0.0165	967	PA_A56G_K19R
10	1032	A	G	PA	syn	0.0332	4726	PA_A1032G_syn
11	1101	G	A	PA	syn	0.1177	5396	PA_G1101A_syn
12	1494	A	G	PA	syn	0.0785	3083	PA_A1494G_syn
13	5	A	C	HA	N2T	0.2627	571	HA_A5C_N2T
14	18	G	A	HA	syn	0.011899999999999999	1011	HA_G18A_syn
15	410	G	A	HA	G137E	0.9997	3265	HA_G410A_G137E
16	465	T	C	HA	syn	0.0134	2766	HA_T465C_syn
17	686	G	A	HA	R229K	0.012	6159	HA_G686A_R229K
18	695	T	G	HA	V232G	0.016399999999999998	6354	HA_T695G_V232G
19	707	C	T	HA	S236F	0.09849999999999999	6389	HA_C707T_S236F
20	762	C	T	HA	syn	0.10800000000000001	6890	HA_C762T_syn
21	1192	C	A	HA	L398I	0.027000000000000003	4411	HA_C1192A_L398I
22	1324	T	C	HA	syn	0.9995999999999999	5246	HA_T1324C_syn
23	1497	C	T	HA	syn	1.0	3599	HA_C1497T_syn
24	1052	G	A	NP	R351K	0.010700000000000001	10264	NP_G1052A_R351K
25	1256	C	T	NP	P419L	0.0304	6490	NP_C1256T_P419L
26	866	A	G	NA	K289R	0.4525	6962	NA_A866G_K289R
27	903	G	A	NA	syn	0.9995	6434	NA_G903A_syn
28	916	G	A	NA	A306T	0.9997	6555	NA_G916A_A306T
29	1380	A	G	NA	syn	0.011699999999999999	1705	NA_A1380G_syn
30	560	A	G	M1	K187R	0.0143	14735	M1_A560G_K187R
