	POS	REF	ALT	gene	annotation	FREQ	read_depth	SNP
0	448	G	A	PB2	G150S	0.0113	6291	PB2_G448A_G150S
1	1896	G	A	PB2	syn	0.037000000000000005	6482	PB2_G1896A_syn
2	282	C	T	PB1	syn	0.0111	7536	PB1_C282T_syn
3	288	A	G	PB1	syn	0.0859	7640	PB1_A288G_syn
4	699	G	A	PB1	syn	0.0911	6873	PB1_G699A_syn
5	1102	G	A	PB1	V368I	0.058899999999999994	5688	PB1_G1102A_V368I
6	2181	A	G	PB1	syn	0.0101	2171	PB1_A2181G_syn
7	1566	T	C	PA	syn	0.6659	3026	PA_T1566C_syn
8	1663	G	A	PA	G555S	0.153	3236	PA_G1663A_G555S
9	410	G	A	HA	G137E	0.9998999999999999	10910	HA_G410A_G137E
10	615	G	A	HA	syn	0.1664	15418	HA_G615A_syn
11	739	A	C	HA	N247H	0.0104	18195	HA_A739C_N247H
12	1324	T	C	HA	syn	0.9997	14145	HA_T1324C_syn
13	1497	C	T	HA	syn	0.9995999999999999	9832	HA_C1497T_syn
14	1690	A	G	HA	I564V	0.0288	1215	HA_A1690G_I564V
15	987	G	A	NP	syn	0.0691	11450	NP_G987A_syn
16	903	G	A	NA	syn	0.9998	5072	NA_G903A_syn
17	916	G	A	NA	A306T	0.9992	5214	NA_G916A_A306T
18	19	T	C	NS1	S7P	0.0121	3383	NS1_T19C_S7P
19	19	T	C	NEP	S7P	0.0121	3383	NEP_T19C_S7P
