	POS	REF	ALT	gene	annotation	FREQ	read_depth	SNP
0	2263	C	T	PB2	R755W	0.0102	783	PB2_C2263T_R755W
1	34	G	A	PB1	V12M	0.0449	401	PB1_G34A_V12M
2	220	C	G	PB1	P74A	0.010700000000000001	5118	PB1_C220G_P74A
3	385	T	C	PB1	Y129H	0.0104	6727	PB1_T385C_Y129H
4	515	A	G	PB1	D172G	0.7723	5819	PB1_A515G_D172G
5	924	A	G	PB1	syn	0.010700000000000001	4670	PB1_A924G_syn
6	1300	A	C	PB1	T434P	0.0101	5267	PB1_A1300C_T434P
7	1582	A	G	PB1	T528A	0.012199999999999999	3535	PB1_A1582G_T528A
8	1794	G	A	PB1	syn	0.0101	6613	PB1_G1794A_syn
9	1907	A	G	PB1	E636G	0.0175	6584	PB1_A1907G_E636G
10	2179	C	A	PB1	syn	0.0139	2301	PB1_C2179A_syn
11	151	T	C	PA	F51L	0.0359	2868	PA_T151C_F51L
12	227	T	C	PA	F76S	0.0365	3454	PA_T227C_F76S
13	233	T	C	PA	I78T	0.0377	3475	PA_T233C_I78T
14	276	T	C	PA	syn	0.0336	3719	PA_T276C_syn
15	283	T	C	PA	C95R	0.0358	3545	PA_T283C_C95R
16	300	T	C	PA	syn	0.0359	3342	PA_T300C_syn
17	611	G	A	PA	R204K	0.0574	5102	PA_G611A_R204K
18	876	T	A	PA	syn	0.012199999999999999	4685	PA_T876A_syn
19	1077	C	A	PA	N359K	0.0689	5909	PA_C1077A_N359K
20	1227	T	A	PA	N409K	0.027999999999999997	6390	PA_T1227A_N409K
21	1543	A	G	PA	T515A	0.07490000000000001	3856	PA_A1543G_T515A
22	1577	C	T	PA	S526F	0.0192	3695	PA_C1577T_S526F
23	1954	T	A	PA	S652T	0.0499	4728	PA_T1954A_S652T
24	410	G	A	HA	G137E	0.998	3443	HA_G410A_G137E
25	1324	T	C	HA	syn	1.0	5391	HA_T1324C_syn
26	1497	C	T	HA	syn	0.9998	4066	HA_C1497T_syn
27	427	C	T	NP	syn	0.2324	8530	NP_C427T_syn
28	866	A	G	NA	K289R	1.0	6563	NA_A866G_K289R
29	903	G	A	NA	syn	0.9997	6435	NA_G903A_syn
30	916	G	A	NA	A306T	0.9998	6504	NA_G916A_A306T
32	817	T	A	NEP	syn	0.0128	779	NEP_T817A_syn
34	834	T	A	NEP	I121N	0.0236	508	NEP_T834A_I121N
