	POS	REF	ALT	gene	annotation	FREQ	read_depth	SNP
0	185	G	A	PB2	R62K	0.0121	3713	PB2_G185A_R62K
1	209	G	A	PB2	R70K	0.011399999999999999	4030	PB2_G209A_R70K
2	738	G	A	PB2	syn	0.027200000000000002	6869	PB2_G738A_syn
3	1195	A	G	PB2	I399V	0.011200000000000002	8561	PB2_A1195G_I399V
4	2101	G	A	PB2	D701N	0.0373	5288	PB2_G2101A_D701N
5	2277	T	A	PB2	N759K	0.0348	633	PB2_T2277A_N759K
6	69	T	C	PB1	syn	0.061500000000000006	1074	PB1_T69C_syn
7	246	T	C	PB1	syn	0.0294	7046	PB1_T246C_syn
8	461	G	T	PB1	G154V	0.0177	7554	PB1_G461T_G154V
9	492	C	A	PB1	syn	0.0603	7308	PB1_C492A_syn
10	624	A	G	PB1	syn	0.0204	7533	PB1_A624G_syn
11	650	A	G	PB1	Y217C	0.0128	7793	PB1_A650G_Y217C
12	867	G	A	PB1	M289I	0.0115	6950	PB1_G867A_M289I
13	985	C	T	PB1	Q329*	0.010700000000000001	5881	PB1_C985T_Q329*
14	1138	T	A	PB1	Y380N	0.0103	5923	PB1_T1138A_Y380N
15	1500	A	G	PB1	syn	0.013300000000000001	5885	PB1_A1500G_syn
16	1592	A	G	PB1	K531R	0.013300000000000001	4528	PB1_A1592G_K531R
17	1894	G	T	PB1	V632F	0.0118	7267	PB1_G1894T_V632F
18	1918	G	A	PB1	V640I	0.011000000000000001	7156	PB1_G1918A_V640I
19	2044	A	G	PB1	I682V	0.0116	5337	PB1_A2044G_I682V
20	2232	G	A	PB1	M744I	0.011399999999999999	1399	PB1_G2232A_M744I
21	2266	C	A	PB1	Q756K	0.0381	420	PB1_C2266A_Q756K
22	1679	C	T	PA	P560L	0.0263	5246	PA_C1679T_P560L
23	5	A	C	HA	N2T	0.26839999999999997	339	HA_A5C_N2T
24	25	G	A	HA	A9T	0.0126	714	HA_G25A_A9T
25	410	G	A	HA	G137E	0.9951000000000001	4694	HA_G410A_G137E
26	707	C	T	HA	S236F	0.07780000000000001	7524	HA_C707T_S236F
27	762	C	T	HA	syn	0.0828	7696	HA_C762T_syn
28	843	G	A	HA	syn	0.01	8298	HA_G843A_syn
29	1192	C	A	HA	L398I	0.02	6991	HA_C1192A_L398I
30	1209	C	T	HA	syn	0.01	7093	HA_C1209T_syn
31	1324	T	C	HA	syn	1.0	7229	HA_T1324C_syn
32	1497	C	T	HA	syn	0.9998	4901	HA_C1497T_syn
33	1530	G	A	HA	M510I	0.014199999999999999	4574	HA_G1530A_M510I
34	573	G	A	NP	M191I	0.016200000000000003	11202	NP_G573A_M191I
35	1256	C	T	NP	P419L	0.0104	6038	NP_C1256T_P419L
36	1332	C	T	NP	syn	0.0101	4869	NP_C1332T_syn
37	866	A	G	NA	K289R	0.4171	7976	NA_A866G_K289R
38	903	G	A	NA	syn	0.9998999999999999	7050	NA_G903A_syn
39	916	G	A	NA	A306T	0.9997	7293	NA_G916A_A306T
40	527	A	T	NS1	N176I	0.0125	14213	NS1_A527T_N176I
41	527	A	T	NEP	M19L	0.0125	14213	NEP_A527T_M19L
43	827	C	T	NEP	Q119*	0.022099999999999998	452	NEP_C827T_Q119*
