	POS	REF	ALT	gene	annotation	FREQ	read_depth	SNP
0	1083	G	A	PB2	syn	0.0134	5910	PB2_G1083A_syn
1	315	T	C	PA	syn	0.0123	3183	PA_T315C_syn
2	628	A	G	PA	T210A	0.015	5076	PA_A628G_T210A
3	936	A	G	PA	syn	0.9992	4926	PA_A936G_syn
4	1577	C	T	PA	S526F	0.0123	3650	PA_C1577T_S526F
5	410	G	A	HA	G137E	1.0	4121	HA_G410A_G137E
6	1324	T	C	HA	syn	1.0	5607	HA_T1324C_syn
7	1497	C	T	HA	syn	0.9990000000000001	4081	HA_C1497T_syn
8	501	G	A	NP	M167I	0.9993000000000001	8906	NP_G501A_M167I
9	866	A	G	NA	K289R	1.0	6326	NA_A866G_K289R
10	903	G	A	NA	syn	1.0	6203	NA_G903A_syn
11	916	G	A	NA	A306T	0.9997	6285	NA_G916A_A306T
