	POS	REF	ALT	gene	annotation	FREQ	read_depth	SNP
0	68	C	A	PB2	T23K	0.018500000000000003	1463	PB2_C68A_T23K
1	190	A	G	PB2	M64V	0.9983	4166	PB2_A190G_M64V
2	198	G	T	PB2	M66I	0.016	4487	PB2_G198T_M66I
3	206	A	G	PB2	E69G	0.9987	4514	PB2_A206G_E69G
4	292	T	A	PB2	W98R	0.0131	5933	PB2_T292A_W98R
5	406	C	A	PB2	syn	0.010700000000000001	6830	PB2_C406A_syn
6	1020	G	A	PB2	syn	0.012199999999999999	6135	PB2_G1020A_syn
7	1195	A	G	PB2	I399V	0.0104	7794	PB2_A1195G_I399V
8	1974	C	T	PB2	syn	0.0174	8066	PB2_C1974T_syn
9	66	C	T	PB1	syn	0.018500000000000003	866	PB1_C66T_syn
10	271	G	A	PB1	A91T	0.0154	6995	PB1_G271A_A91T
11	969	A	G	PB1	syn	0.0366	5569	PB1_A969G_syn
12	1009	T	A	PB1	L337I	0.0383	5456	PB1_T1009A_L337I
13	1278	C	A	PB1	syn	0.0199	5778	PB1_C1278A_syn
14	1916	C	T	PB1	S639L	0.0325	6585	PB1_C1916T_S639L
15	2106	C	A	PB1	S702R	0.045700000000000005	3961	PB1_C2106A_S702R
16	2143	G	A	PB1	V715M	0.0297	3328	PB1_G2143A_V715M
17	2232	G	A	PB1	M744I	0.024	1166	PB1_G2232A_M744I
18	757	G	A	PA	V253M	0.0168	7364	PA_G757A_V253M
19	796	C	T	PA	R266C	0.2601	7242	PA_C796T_R266C
20	880	G	A	PA	D294N	0.0178	7007	PA_G880A_D294N
21	1010	C	A	PA	T337N	0.0315	8665	PA_C1010A_T337N
22	71	G	A	HA	G24E	0.0426	1222	HA_G71A_G24E
23	293	G	A	HA	R98K	0.018500000000000003	5081	HA_G293A_R98K
24	295	C	G	HA	R99G	0.0128	5087	HA_C295G_R99G
25	410	G	A	HA	G137E	1.0	4553	HA_G410A_G137E
26	492	C	A	HA	N164K	0.0213	4076	HA_C492A_N164K
27	700	G	T	HA	G234C	0.0154	7674	HA_G700T_G234C
28	728	G	T	HA	W243L	0.0116	7770	HA_G728T_W243L
29	1209	C	T	HA	syn	0.0199	6122	HA_C1209T_syn
30	1324	T	C	HA	syn	0.9992	6151	HA_T1324C_syn
31	1497	C	T	HA	syn	0.9998	4219	HA_C1497T_syn
32	860	G	A	NP	S287N	0.0208	10043	NP_G860A_S287N
33	1473	C	A	NP	D491E	0.0144	2147	NP_C1473A_D491E
34	177	C	A	NA	N59K	0.0106	2635	NA_C177A_N59K
35	215	T	A	NA	M72K	0.0144	3676	NA_T215A_M72K
36	240	C	T	NA	syn	0.0129	4038	NA_C240T_syn
37	617	G	A	NA	R206K	0.0152	9850	NA_G617A_R206K
38	642	A	C	NA	syn	0.0127	9247	NA_A642C_syn
39	903	G	A	NA	syn	1.0	7799	NA_G903A_syn
40	916	G	A	NA	A306T	0.9998999999999999	8022	NA_G916A_A306T
41	253	C	T	NS1	P85S	0.0159	12967	NS1_C253T_P85S
43	357	G	A	NS1	M119I	0.0138	15047	NS1_G357A_M119I
45	436	C	T	NS1	syn	0.028399999999999998	16066	NS1_C436T_syn
47	609	G	A	NS1	W203*	0.0138	11802	NS1_G609A_W203*
48	609	G	A	NEP	G46E	0.0138	11802	NEP_G609A_G46E
50	703	A	G	NEP	syn	0.5239	7024	NEP_A703G_syn
52	801	A	G	NEP	E110G	0.027200000000000002	1436	NEP_A801G_E110G
54	831	T	C	NEP	L120P	0.023	435	NEP_T831C_L120P
