	POS	REF	ALT	gene	annotation	FREQ	read_depth	SNP
0	206	A	G	PB2	E69G	0.9997	12271	PB2_A206G_E69G
1	1913	T	A	PB2	V638E	0.5426	18628	PB2_T1913A_V638E
2	410	G	A	HA	G137E	0.9998	8318	HA_G410A_G137E
3	1324	T	C	HA	syn	0.9993000000000001	10686	HA_T1324C_syn
4	1497	C	T	HA	syn	0.9997	6866	HA_C1497T_syn
5	104	G	A	NP	G35D	0.0126	8741	NP_G104A_G35D
6	903	G	A	NA	syn	0.9998999999999999	14137	NA_G903A_syn
7	916	G	A	NA	A306T	0.9995	14606	NA_G916A_A306T
9	703	A	G	NEP	syn	0.19	13257	NEP_A703G_syn
