	POS	REF	ALT	gene	annotation	FREQ	read_depth	SNP
0	1199	T	C	PB2	V400A	0.032	7074	PB2_T1199C_V400A
1	1918	G	A	PB2	V640M	0.0886	7813	PB2_G1918A_V640M
2	2109	A	G	PB2	syn	0.0149	5580	PB2_A2109G_syn
3	318	G	A	PB1	syn	0.0121	8783	PB1_G318A_syn
4	617	G	A	PB1	G206E	0.011899999999999999	7289	PB1_G617A_G206E
5	618	A	G	PB1	syn	0.013500000000000002	7235	PB1_A618G_syn
6	684	A	G	PB1	syn	0.0127	7389	PB1_A684G_syn
7	754	G	A	PB1	V252M	0.0134	6956	PB1_G754A_V252M
8	1100	A	C	PB1	Q367P	0.013000000000000001	6098	PB1_A1100C_Q367P
9	1366	C	T	PB1	H456Y	0.0132	7293	PB1_C1366T_H456Y
10	1475	T	C	PB1	F492S	0.011200000000000002	6726	PB1_T1475C_F492S
11	1494	C	T	PB1	syn	0.011899999999999999	6554	PB1_C1494T_syn
12	1644	T	C	PB1	syn	0.0155	5167	PB1_T1644C_syn
13	1695	T	C	PB1	syn	0.0141	6663	PB1_T1695C_syn
14	1790	A	C	PB1	N597T	0.0139	8136	PB1_A1790C_N597T
15	1901	A	G	PB1	H634R	0.0118	8614	PB1_A1901G_H634R
16	2044	A	G	PB1	I682V	0.0147	6211	PB1_A2044G_I682V
17	2126	T	C	PB1	V709A	0.011699999999999999	4291	PB1_T2126C_V709A
18	484	A	G	PA	T162A	0.0166	2706	PA_A484G_T162A
19	1130	A	T	PA	E377V	0.0166	4457	PA_A1130T_E377V
20	1506	A	G	PA	syn	0.2079	2948	PA_A1506G_syn
21	2062	G	A	PA	E688K	0.0149	2610	PA_G2062A_E688K
22	70	G	A	HA	G24R	0.0132	1287	HA_G70A_G24R
23	410	G	A	HA	G137E	0.9998	5242	HA_G410A_G137E
24	502	G	A	HA	A168T	0.0102	4914	HA_G502A_A168T
25	556	A	G	HA	I186V	0.023700000000000002	5860	HA_A556G_I186V
26	1082	T	A	HA	I361N	0.0101	7735	HA_T1082A_I361N
27	1271	T	A	HA	I424K	0.0101	6437	HA_T1271A_I424K
28	1308	A	G	HA	syn	0.0101	7031	HA_A1308G_syn
29	1324	T	C	HA	syn	0.9997	6401	HA_T1324C_syn
30	1453	C	T	HA	H485Y	0.0102	5959	HA_C1453T_H485Y
31	1497	C	T	HA	syn	0.9987	4695	HA_C1497T_syn
32	1642	C	A	HA	L548I	0.0103	2039	HA_C1642A_L548I
33	288	T	C	NA	syn	0.0123	6595	NA_T288C_syn
34	866	A	G	NA	K289R	0.9993000000000001	8919	NA_A866G_K289R
35	903	G	A	NA	syn	0.9998	8945	NA_G903A_syn
36	916	G	A	NA	A306T	0.9995999999999999	9155	NA_G916A_A306T
37	1125	G	A	NA	syn	0.09029999999999999	14633	NA_G1125A_syn
39	718	A	G	NEP	syn	0.0108	6548	NEP_A718G_syn
41	832	T	C	NEP	syn	0.0352	596	NEP_T832C_syn
