	POS	REF	ALT	gene	annotation	FREQ	read_depth	SNP
0	2044	A	G	PB1	I682V	0.021099999999999997	2085	PB1_A2044G_I682V
1	21	A	G	PA	syn	0.020499999999999997	634	PA_A21G_syn
2	135	C	T	PA	syn	0.0132	2720	PA_C135T_syn
3	156	C	T	PA	syn	0.027999999999999997	2967	PA_C156T_syn
4	520	A	G	PA	R174G	0.0178	5044	PA_A520G_R174G
5	544	A	G	PA	M182V	0.0118	5274	PA_A544G_M182V
6	955	G	A	PA	E319K	0.010700000000000001	6152	PA_G955A_E319K
7	1223	A	G	PA	Q408R	0.0183	7593	PA_A1223G_Q408R
8	1630	G	A	PA	E544K	0.0102	4704	PA_G1630A_E544K
9	1632	A	G	PA	syn	0.0102	4699	PA_A1632G_syn
10	1791	A	G	PA	syn	0.0116	4929	PA_A1791G_syn
11	1807	A	G	PA	K603E	0.0105	4947	PA_A1807G_K603E
12	312	C	T	HA	syn	0.0101	8025	HA_C312T_syn
13	410	G	A	HA	G137E	0.9992	6549	HA_G410A_G137E
14	1324	T	C	HA	syn	1.0	9348	HA_T1324C_syn
15	1497	C	T	HA	syn	0.9997	6780	HA_C1497T_syn
16	866	A	G	NA	K289R	0.9995	9111	NA_A866G_K289R
17	903	G	A	NA	syn	0.9997	9047	NA_G903A_syn
18	916	G	A	NA	A306T	0.9991	9253	NA_G916A_A306T
19	4	G	A	NS1	D2N	0.037000000000000005	866	NS1_G4A_D2N
20	4	G	A	NEP	D2N	0.037000000000000005	866	NEP_G4A_D2N
