	POS	REF	ALT	gene	annotation	FREQ	read_depth	SNP
0	1827	A	C	PB2	syn	0.0151	4713	PB2_A1827C_syn
1	237	G	A	PB1	syn	0.01	5396	PB1_G237A_syn
2	819	C	A	PB1	syn	0.011399999999999999	6496	PB1_C819A_syn
3	839	C	G	PB1	A280G	0.0101	5935	PB1_C839G_A280G
4	1655	T	A	PB1	I552N	0.0102	3122	PB1_T1655A_I552N
5	15	G	A	PA	syn	0.08109999999999999	419	PA_G15A_syn
6	59	C	G	PA	A20G	0.028999999999999998	827	PA_C59G_A20G
7	169	C	A	PA	syn	0.015600000000000001	2180	PA_C169A_syn
8	196	G	A	PA	G66S	0.013000000000000001	2536	PA_G196A_G66S
9	347	G	A	PA	R116Q	0.0252	2903	PA_G347A_R116Q
10	987	C	G	PA	syn	0.013300000000000001	5848	PA_C987G_syn
11	1900	G	A	PA	G634R	0.031	3608	PA_G1900A_G634R
12	1960	C	A	PA	Q654K	0.0274	4131	PA_C1960A_Q654K
13	2133	C	G	PA	syn	0.0207	2467	PA_C2133G_syn
14	410	G	A	HA	G137E	0.9993000000000001	2915	HA_G410A_G137E
15	1324	T	C	HA	syn	1.0	4672	HA_T1324C_syn
16	1497	C	T	HA	syn	1.0	2950	HA_C1497T_syn
17	340	G	A	NP	E114K	0.015	10545	NP_G340A_E114K
18	1448	A	G	NP	N483S	0.011000000000000001	2459	NP_A1448G_N483S
19	903	G	A	NA	syn	1.0	5607	NA_G903A_syn
20	916	G	A	NA	A306T	0.9995	5642	NA_G916A_A306T
21	215	G	A	M1	R72Q	0.0104	11389	M1_G215A_R72Q
24	791	C	A	NEP	L107I	0.0116	1724	NEP_C791A_L107I
26	803	C	A	NEP	Q111K	0.0111	1355	NEP_C803A_Q111K
