	POS	REF	ALT	gene	annotation	FREQ	read_depth	SNP
0	75	G	A	PB2	syn	0.0101	1690	PB2_G75A_syn
1	621	G	A	PB2	syn	0.0165	6110	PB2_G621A_syn
2	1772	T	C	PB1	V591A	0.018500000000000003	5959	PB1_T1772C_V591A
3	37	A	G	PA	I13V	0.0154	648	PA_A37G_I13V
4	56	A	G	PA	K19R	0.0147	748	PA_A56G_K19R
5	106	G	A	PA	A36T	0.0139	1150	PA_G106A_A36T
6	241	G	A	PA	G81R	0.0111	2528	PA_G241A_G81R
7	321	A	G	PA	syn	0.0115	2445	PA_A321G_syn
8	1151	G	T	PA	C384F	0.0111	5587	PA_G1151T_C384F
9	410	G	A	HA	G137E	0.9997	3296	HA_G410A_G137E
10	546	A	G	HA	syn	0.013600000000000001	2579	HA_A546G_syn
11	1324	T	C	HA	syn	0.9998	5131	HA_T1324C_syn
12	1497	C	T	HA	syn	0.9997	3380	HA_C1497T_syn
13	866	A	G	NP	Y289C	0.015600000000000001	8609	NP_A866G_Y289C
14	903	G	A	NA	syn	1.0	5398	NA_G903A_syn
15	916	G	A	NA	A306T	0.9994	5421	NA_G916A_A306T
17	820	C	T	NEP	syn	0.016	749	NEP_C820T_syn
