	POS	REF	ALT	gene	annotation	FREQ	read_depth	SNP
0	870	C	A	PB2	syn	0.09699999999999999	4528	PB2_C870A_syn
1	1198	A	G	PB1	T400A	0.018600000000000002	4458	PB1_A1198G_T400A
2	30	T	C	PA	syn	0.0161	871	PA_T30C_syn
3	95	C	A	PA	T32K	0.0233	1546	PA_C95A_T32K
4	138	C	T	PA	syn	0.0148	2903	PA_C138T_syn
5	366	G	A	PA	syn	0.0146	4038	PA_G366A_syn
6	374	G	A	PA	R125K	0.031	4093	PA_G374A_R125K
7	703	G	A	PA	G235R	0.016399999999999998	8228	PA_G703A_G235R
8	740	C	T	PA	S247F	0.03	7887	PA_C740T_S247F
9	894	A	G	PA	syn	0.031400000000000004	6627	PA_A894G_syn
10	1053	G	A	PA	syn	0.0126	8420	PA_G1053A_syn
11	1230	A	G	PA	syn	0.030899999999999997	8779	PA_A1230G_syn
12	1320	C	G	PA	S440R	0.030600000000000002	7804	PA_C1320G_S440R
13	1351	T	A	PA	S451T	0.025099999999999997	7019	PA_T1351A_S451T
14	1577	C	T	PA	S526F	0.0478	4138	PA_C1577T_S526F
15	1958	C	A	PA	P653Q	0.0304	6504	PA_C1958A_P653Q
16	410	G	A	HA	G137E	0.9995	4170	HA_G410A_G137E
17	1324	T	C	HA	syn	0.9998	6021	HA_T1324C_syn
18	1497	C	T	HA	syn	0.9992	4834	HA_C1497T_syn
19	866	A	G	NA	K289R	0.9997	6025	NA_A866G_K289R
20	903	G	A	NA	syn	0.9995	6104	NA_G903A_syn
21	916	G	A	NA	A306T	1.0	6248	NA_G916A_A306T
22	607	A	C	M1	M203L	0.0417	18993	M1_A607C_M203L
24	204	T	C	NS1	syn	0.0105	11324	NS1_T204C_syn
