	POS	REF	ALT	gene	annotation	FREQ	read_depth	SNP
0	209	G	A	PB2	R70K	0.0109	4420	PB2_G209A_R70K
1	681	G	A	PB2	syn	0.0348	4776	PB2_G681A_syn
2	1242	G	A	PB2	syn	0.0375	5149	PB2_G1242A_syn
3	330	G	A	PB1	syn	0.0124	5411	PB1_G330A_syn
4	511	A	G	PA	I171V	0.018799999999999997	3190	PA_A511G_I171V
5	564	G	A	PA	W188*	0.0115	3729	PA_G564A_W188*
6	993	C	A	PA	N331K	0.0209	3590	PA_C993A_N331K
7	1316	C	A	PA	A439E	0.0253	3993	PA_C1316A_A439E
8	1441	C	T	PA	Q481*	0.028999999999999998	2548	PA_C1441T_Q481*
9	1518	A	G	PA	syn	0.026099999999999998	2030	PA_A1518G_syn
10	410	G	A	HA	G137E	1.0	3570	HA_G410A_G137E
11	1324	T	C	HA	syn	0.9997	5741	HA_T1324C_syn
12	1497	C	T	HA	syn	0.9997	3832	HA_C1497T_syn
13	111	G	A	NP	syn	0.0253	5606	NP_G111A_syn
14	436	G	A	NP	A146T	0.0672	9258	NP_G436A_A146T
15	922	C	A	NP	Q308K	0.0268	8100	NP_C922A_Q308K
16	866	A	G	NA	K289R	0.0431	5819	NA_A866G_K289R
17	903	G	A	NA	syn	1.0	5321	NA_G903A_syn
18	916	G	A	NA	A306T	0.9995999999999999	5250	NA_G916A_A306T
19	276	C	A	NS1	D92E	0.011699999999999999	11061	NS1_C276A_D92E
