	POS	REF	ALT	gene	annotation	FREQ	read_depth	SNP
0	1500	T	C	PB2	syn	0.011399999999999999	6815	PB2_T1500C_syn
1	2242	C	T	PB2	Q748*	0.0123	1549	PB2_C2242T_Q748*
2	62	C	A	PB1	T21K	0.0173	982	PB1_C62A_T21K
3	78	A	G	PB1	syn	0.021099999999999997	1662	PB1_A78G_syn
4	179	A	G	PB1	E60G	0.0101	5228	PB1_A179G_E60G
5	444	G	A	PB1	syn	0.013000000000000001	7852	PB1_G444A_syn
6	632	G	A	PB1	R211K	0.0129	7262	PB1_G632A_R211K
7	638	A	G	PB1	N213S	0.0131	7501	PB1_A638G_N213S
8	772	C	T	PB1	syn	0.0102	7942	PB1_C772T_syn
9	868	A	G	PB1	M290V	0.0131	7269	PB1_A868G_M290V
10	984	C	A	PB1	N328K	0.013300000000000001	5998	PB1_C984A_N328K
11	1133	T	C	PB1	L378P	0.015300000000000001	5823	PB1_T1133C_L378P
12	1291	T	A	PB1	Y431N	0.0123	6032	PB1_T1291A_Y431N
13	1470	C	A	PB1	F490L	0.011899999999999999	5398	PB1_C1470A_F490L
14	1820	C	A	PB1	P607Q	0.0127	7379	PB1_C1820A_P607Q
15	1888	C	T	PB1	P630S	0.0116	7080	PB1_C1888T_P630S
16	1894	G	T	PB1	V632F	0.013999999999999999	7065	PB1_G1894T_V632F
17	2132	T	C	PB1	I711T	0.0154	4209	PB1_T2132C_I711T
18	2190	C	T	PB1	syn	0.022000000000000002	2495	PB1_C2190T_syn
19	21	A	G	PA	syn	0.0364	550	PA_A21G_syn
20	198	C	T	PA	syn	0.0454	3061	PA_C198T_syn
21	583	G	C	PA	E195Q	0.0127	6476	PA_G583C_E195Q
22	674	G	T	PA	S225I	0.0278	6971	PA_G674T_S225I
23	1241	C	G	PA	A414G	0.0692	7658	PA_C1241G_A414G
24	1433	A	G	PA	D478G	0.037000000000000005	4542	PA_A1433G_D478G
25	1709	C	A	PA	T570N	0.0408	4023	PA_C1709A_T570N
26	1737	G	A	PA	M579I	0.0123	3997	PA_G1737A_M579I
27	1885	G	A	PA	E629K	0.011399999999999999	4463	PA_G1885A_E629K
28	1958	C	A	PA	P653Q	0.0501	4775	PA_C1958A_P653Q
29	1960	C	A	PA	Q654K	0.0115	4770	PA_C1960A_Q654K
30	27	T	A	HA	syn	0.0138	1012	HA_T27A_syn
31	410	G	A	HA	G137E	0.9976	4249	HA_G410A_G137E
32	1324	T	C	HA	syn	0.9992	6489	HA_T1324C_syn
33	1497	C	T	HA	syn	0.9995	4085	HA_C1497T_syn
34	852	T	C	NA	syn	0.018799999999999997	5742	NA_T852C_syn
35	903	G	A	NA	syn	1.0	5654	NA_G903A_syn
36	916	G	A	NA	A306T	0.9998	5792	NA_G916A_A306T
37	7	T	C	NS1	S3P	0.0184	2395	NS1_T7C_S3P
38	7	T	C	NEP	S3P	0.0184	2395	NEP_T7C_S3P
40	820	C	T	NEP	syn	0.0207	676	NEP_C820T_syn
