	POS	REF	ALT	gene	annotation	FREQ	read_depth	SNP
0	903	C	A	PB2	N301K	0.0109	5408	PB2_C903A_N301K
1	1694	C	A	PB2	S565Y	0.011899999999999999	5209	PB2_C1694A_S565Y
2	1827	A	C	PB2	syn	0.0129	5753	PB2_A1827C_syn
3	229	A	G	PB1	N77D	0.0276	5871	PB1_A229G_N77D
4	321	T	C	PB1	syn	0.0182	7712	PB1_T321C_syn
5	389	A	G	PB1	D130G	0.015600000000000001	7962	PB1_A389G_D130G
6	573	G	A	PB1	syn	0.024700000000000003	7422	PB1_G573A_syn
7	753	C	A	PB1	F251L	0.0245	7220	PB1_C753A_F251L
8	761	T	C	PB1	F254S	0.0334	7190	PB1_T761C_F254S
9	1355	A	G	PB1	N452S	0.0338	6149	PB1_A1355G_N452S
10	1478	C	A	PB1	T493K	0.0366	5788	PB1_C1478A_T493K
11	1532	G	A	PB1	S511N	0.036000000000000004	5253	PB1_G1532A_S511N
12	1584	A	C	PB1	syn	0.037000000000000005	4754	PB1_A1584C_syn
13	2015	G	A	PB1	R672H	0.031	5476	PB1_G2015A_R672H
14	2101	C	A	PB1	P701T	0.043	4166	PB1_C2101A_P701T
15	2202	G	A	PB1	syn	0.0212	1837	PB1_G2202A_syn
16	252	A	G	PA	syn	0.022099999999999998	2764	PA_A252G_syn
17	464	T	A	PA	M155K	0.0192	4573	PA_T464A_M155K
18	465	G	A	PA	M155I	0.0197	4565	PA_G465A_M155I
19	1415	C	T	PA	A472V	0.0337	5016	PA_C1415T_A472V
20	1557	C	T	PA	syn	0.0183	4307	PA_C1557T_syn
21	1602	G	C	PA	syn	0.0738	4297	PA_G1602C_syn
22	1667	A	G	PA	Q556R	0.0115	4269	PA_A1667G_Q556R
23	2044	G	A	PA	D682N	0.0877	3854	PA_G2044A_D682N
24	309	T	G	HA	D103E	0.0125	4575	HA_T309G_D103E
25	410	G	A	HA	G137E	0.9995	4136	HA_G410A_G137E
26	492	C	G	HA	N164K	0.014499999999999999	3782	HA_C492G_N164K
27	681	A	G	HA	syn	0.0106	6796	HA_A681G_syn
28	718	G	T	HA	D240Y	0.0126	6921	HA_G718T_D240Y
29	1324	T	C	HA	syn	0.9997	6535	HA_T1324C_syn
30	1389	A	C	HA	E463D	0.025	6758	HA_A1389C_E463D
31	1411	G	A	HA	E471K	0.0151	6360	HA_G1411A_E471K
32	1483	A	G	HA	I495V	0.0213	5154	HA_A1483G_I495V
33	1497	C	T	HA	syn	0.9995	4287	HA_C1497T_syn
34	1605	G	T	HA	syn	0.0108	2779	HA_G1605T_syn
35	1618	A	T	HA	I540L	0.0176	2612	HA_A1618T_I540L
36	1630	A	G	HA	I544V	0.0167	2218	HA_A1630G_I544V
37	1192	C	A	NP	Q398K	0.019	8701	NP_C1192A_Q398K
38	1490	A	G	NP	D497G	0.0147	819	NP_A1490G_D497G
39	182	A	G	NA	Y61C	0.0111	2434	NA_A182G_Y61C
40	215	T	A	NA	M72K	0.0115	2953	NA_T215A_M72K
41	367	G	A	NA	D123N	0.0101	7354	NA_G367A_D123N
42	704	C	A	NA	P235Q	0.01	7373	NA_C704A_P235Q
43	903	G	A	NA	syn	0.9995	6077	NA_G903A_syn
44	916	G	A	NA	A306T	1.0	6205	NA_G916A_A306T
45	11	T	C	M1	L4P	0.024399999999999998	1516	M1_T11C_L4P
46	11	T	C	M2	L4P	0.024399999999999998	1516	M2_T11C_L4P
48	783	A	C	NEP	Q104P	0.0132	3115	NEP_A783C_Q104P
