	POS	REF	ALT	gene	annotation	FREQ	read_depth	SNP
0	1199	T	C	PB2	V400A	0.0159	5789	PB2_T1199C_V400A
1	1918	G	A	PB2	V640M	0.2651	6114	PB2_G1918A_V640M
2	1972	T	C	PB2	Y658H	0.0111	6407	PB2_T1972C_Y658H
3	1985	C	T	PB2	T662I	0.0271	6450	PB2_C1985T_T662I
4	1494	C	T	PB1	syn	0.0106	5357	PB1_C1494T_syn
5	933	G	A	PA	M311I	0.0102	6376	PA_G933A_M311I
6	967	A	G	PA	I323V	0.020099999999999996	6817	PA_A967G_I323V
7	1437	C	T	PA	syn	0.0104	4152	PA_C1437T_syn
8	1655	C	A	PA	T552N	0.011000000000000001	3809	PA_C1655A_T552N
9	410	G	A	HA	G137E	1.0	3785	HA_G410A_G137E
10	1324	T	C	HA	syn	0.9998	5735	HA_T1324C_syn
11	1497	C	T	HA	syn	0.9994	3607	HA_C1497T_syn
12	866	A	G	NA	K289R	0.9997	5777	NA_A866G_K289R
13	903	G	A	NA	syn	1.0	5706	NA_G903A_syn
14	916	G	A	NA	A306T	1.0	5735	NA_G916A_A306T
15	1125	G	A	NA	syn	0.0541	10821	NA_G1125A_syn
16	249	C	T	M1	syn	0.018000000000000002	10699	M1_C249T_syn
19	832	T	C	NEP	syn	0.0593	506	NEP_T832C_syn
