	POS	REF	ALT	gene	annotation	FREQ	read_depth	SNP
0	209	G	A	PB2	R70K	0.011000000000000001	5166	PB2_G209A_R70K
1	1085	A	G	PB2	E362G	0.0101	5637	PB2_A1085G_E362G
2	1199	T	C	PB2	V400A	0.0681	6625	PB2_T1199C_V400A
3	1918	G	A	PB2	V640M	0.1253	6917	PB2_G1918A_V640M
4	156	A	G	PB1	syn	0.01	3792	PB1_A156G_syn
5	593	A	G	PB1	K198R	0.0163	5634	PB1_A593G_K198R
6	632	G	A	PB1	R211K	0.0178	5562	PB1_G632A_R211K
7	999	T	C	PB1	syn	0.011699999999999999	4285	PB1_T999C_syn
8	1189	A	G	PB1	I397V	0.01	4899	PB1_A1189G_I397V
9	1198	A	G	PB1	T400A	0.0104	4901	PB1_A1198G_T400A
10	1227	G	A	PB1	M409I	0.011899999999999999	4796	PB1_G1227A_M409I
11	1494	C	T	PB1	syn	0.0169	4785	PB1_C1494T_syn
12	1855	G	A	PB1	D619N	0.018799999999999997	6399	PB1_G1855A_D619N
13	1870	C	T	PB1	syn	0.0105	6367	PB1_C1870T_syn
14	2231	T	C	PB1	M744T	0.0124	1372	PB1_T2231C_M744T
15	98	A	C	PA	N33T	0.0248	1693	PA_A98C_N33T
16	237	C	T	PA	syn	0.028999999999999998	3931	PA_C237T_syn
17	1272	A	G	PA	syn	0.0412	7008	PA_A1272G_syn
18	1308	A	G	PA	syn	0.0707	6593	PA_A1308G_syn
19	1746	A	G	PA	syn	0.0764	3821	PA_A1746G_syn
20	410	G	A	HA	G137E	0.9995	4428	HA_G410A_G137E
21	1324	T	C	HA	syn	1.0	6369	HA_T1324C_syn
22	1497	C	T	HA	syn	0.9998	4361	HA_C1497T_syn
23	1689	T	G	HA	C563W	0.04019999999999999	697	HA_T1689G_C563W
24	1464	C	G	NP	F488L	0.011899999999999999	2094	NP_C1464G_F488L
25	173	T	C	NA	I58T	0.01	1997	NA_T173C_I58T
26	866	A	G	NA	K289R	0.9993000000000001	4407	NA_A866G_K289R
27	903	G	A	NA	syn	0.9998	4363	NA_G903A_syn
28	916	G	A	NA	A306T	1.0	4446	NA_G916A_A306T
29	1125	G	A	NA	syn	0.0538	8489	NA_G1125A_syn
30	537	G	T	NS1	E179D	0.0149	13846	NS1_G537T_E179D
31	537	G	T	NEP	R22I	0.0149	13846	NEP_G537T_R22I
33	820	C	T	NEP	syn	0.0173	807	NEP_C820T_syn
35	832	T	C	NEP	syn	0.0381	578	NEP_T832C_syn
