	POS	REF	ALT	gene	annotation	FREQ	read_depth	SNP
0	25	G	A	PB2	D9N	0.0231	389	PB2_G25A_D9N
1	514	G	A	PB2	V172I	0.011000000000000001	6628	PB2_G514A_V172I
2	1160	G	A	PB2	S387N	0.0103	6981	PB2_G1160A_S387N
3	2044	A	G	PB1	I682V	0.019	5998	PB1_A2044G_I682V
4	788	C	A	PA	T263K	0.0559	6355	PA_C788A_T263K
5	882	C	T	PA	syn	0.014499999999999999	5926	PA_C882T_syn
6	921	G	A	PA	syn	0.0163	6451	PA_G921A_syn
7	1441	C	T	PA	Q481*	0.0321	4853	PA_C1441T_Q481*
8	1683	G	A	PA	M561I	0.0165	4539	PA_G1683A_M561I
9	1793	C	A	PA	A598D	0.0291	4232	PA_C1793A_A598D
10	410	G	A	HA	G137E	1.0	4947	HA_G410A_G137E
11	1324	T	C	HA	syn	0.9998999999999999	7542	HA_T1324C_syn
12	1497	C	T	HA	syn	1.0	5221	HA_C1497T_syn
13	1594	T	A	HA	F532I	0.0141	3393	HA_T1594A_F532I
14	866	A	G	NA	K289R	0.9995999999999999	6831	NA_A866G_K289R
15	903	G	A	NA	syn	1.0	6734	NA_G903A_syn
16	916	G	A	NA	A306T	0.9997	6863	NA_G916A_A306T
18	820	C	T	NEP	syn	0.0141	495	NEP_C820T_syn
