	POS	REF	ALT	gene	annotation	FREQ	read_depth	SNP
0	120	A	C	PA	syn	0.020099999999999996	1893	PA_A120C_syn
1	386	T	A	PA	I129K	0.0131	4571	PA_T386A_I129K
2	438	C	T	PA	syn	0.022000000000000002	4861	PA_C438T_syn
3	710	A	T	PA	E237V	0.020099999999999996	7975	PA_A710T_E237V
4	810	G	T	PA	L270F	0.0104	7572	PA_G810T_L270F
5	1386	A	G	PA	syn	0.0199	5773	PA_A1386G_syn
6	1603	C	A	PA	H535N	0.0236	4288	PA_C1603A_H535N
7	1667	A	G	PA	Q556R	0.0105	4492	PA_A1667G_Q556R
8	410	G	A	HA	G137E	0.9991	3430	HA_G410A_G137E
9	1324	T	C	HA	syn	0.9997	5753	HA_T1324C_syn
10	1497	C	T	HA	syn	0.9992	3588	HA_C1497T_syn
11	866	A	G	NA	K289R	0.9993000000000001	4473	NA_A866G_K289R
12	903	G	A	NA	syn	1.0	4421	NA_G903A_syn
13	916	G	A	NA	A306T	1.0	4505	NA_G916A_A306T
