	POS	REF	ALT	gene	annotation	FREQ	read_depth	SNP
0	17	G	A	PA	R6Q	0.0218	459	PA_G17A_R6Q
1	892	G	A	PA	E298K	0.0118	5415	PA_G892A_E298K
2	936	A	G	PA	syn	0.9998	5409	PA_A936G_syn
3	1465	T	A	PA	C489S	0.0104	4054	PA_T1465A_C489S
4	2023	A	G	PA	N675D	0.011899999999999999	3966	PA_A2023G_N675D
5	272	C	T	HA	S91L	0.0106	5365	HA_C272T_S91L
6	410	G	A	HA	G137E	0.9998	4602	HA_G410A_G137E
7	1324	T	C	HA	syn	0.9994	6426	HA_T1324C_syn
8	1497	C	T	HA	syn	0.9984999999999999	4607	HA_C1497T_syn
9	501	G	A	NP	M167I	0.9995	9488	NP_G501A_M167I
10	866	A	G	NA	K289R	0.9998999999999999	7148	NA_A866G_K289R
11	903	G	A	NA	syn	0.9997	7081	NA_G903A_syn
12	916	G	A	NA	A306T	0.9998999999999999	7171	NA_G916A_A306T
14	820	C	T	NEP	syn	0.0147	683	NEP_C820T_syn
