	POS	REF	ALT	gene	annotation	FREQ	read_depth	SNP
0	34	G	A	PB1	V12M	0.019	368	PB1_G34A_V12M
1	169	C	A	PA	syn	0.015	2601	PA_C169A_syn
2	410	G	A	HA	G137E	0.9995	4272	HA_G410A_G137E
3	1324	T	C	HA	syn	0.9997	6041	HA_T1324C_syn
4	1497	C	T	HA	syn	0.9995	3835	HA_C1497T_syn
5	866	A	G	NA	K289R	0.9995999999999999	5655	NA_A866G_K289R
6	903	G	A	NA	syn	0.9995999999999999	5517	NA_G903A_syn
7	916	G	A	NA	A306T	0.9995	5606	NA_G916A_A306T
