	POS	REF	ALT	gene	annotation	FREQ	read_depth	SNP
0	1896	G	A	PB2	syn	0.0248	7387	PB2_G1896A_syn
1	111	A	G	PB1	syn	0.0102	2167	PB1_A111G_syn
2	423	C	T	PB1	syn	0.012	6253	PB1_C423T_syn
3	622	A	G	PB1	K208E	0.011399999999999999	5759	PB1_A622G_K208E
4	648	C	T	PB1	syn	0.011200000000000002	5873	PB1_C648T_syn
5	1026	A	G	PB1	I342M	0.0128	4987	PB1_A1026G_I342M
6	1102	G	A	PB1	V368I	0.0613	4927	PB1_G1102A_V368I
7	1116	G	A	PB1	M372I	0.021400000000000002	4813	PB1_G1116A_M372I
8	1120	G	T	PB1	A374S	0.026600000000000002	4816	PB1_G1120T_A374S
9	1170	A	G	PB1	syn	0.0118	4851	PB1_A1170G_syn
10	2135	C	T	PB1	S712F	0.011699999999999999	3407	PB1_C2135T_S712F
11	89	T	A	PA	I30N	0.013500000000000002	1555	PA_T89A_I30N
12	99	C	T	PA	syn	0.0115	1654	PA_C99T_syn
13	408	T	C	PA	syn	0.0125	3988	PA_T408C_syn
14	653	G	A	PA	S218N	0.0127	6540	PA_G653A_S218N
15	681	A	G	PA	syn	0.1366	6743	PA_A681G_syn
16	1089	A	C	PA	syn	0.0298	7648	PA_A1089C_syn
17	1262	G	T	PA	S421I	0.08130000000000001	7741	PA_G1262T_S421I
18	1264	T	A	PA	W422R	0.0155	7556	PA_T1264A_W422R
19	1383	G	A	PA	syn	0.0138	6029	PA_G1383A_syn
20	1448	T	C	PA	I483T	0.024399999999999998	5031	PA_T1448C_I483T
21	1593	G	T	PA	R531S	0.0151	4915	PA_G1593T_R531S
22	1642	A	G	PA	M548V	0.0181	4744	PA_A1642G_M548V
23	1963	C	T	PA	L655F	0.0818	5999	PA_C1963T_L655F
24	2084	T	C	PA	I695T	0.031200000000000002	4294	PA_T2084C_I695T
25	62	T	C	HA	I21T	0.0139	1367	HA_T62C_I21T
26	410	G	A	HA	G137E	0.9998	4704	HA_G410A_G137E
27	615	G	A	HA	syn	0.1454	7008	HA_G615A_syn
28	739	A	C	HA	N247H	0.0223	8481	HA_A739C_N247H
29	1324	T	C	HA	syn	0.9995	6087	HA_T1324C_syn
30	1497	C	T	HA	syn	0.9993000000000001	4299	HA_C1497T_syn
31	987	G	A	NP	syn	0.08539999999999999	13392	NP_G987A_syn
32	44	T	C	NA	I15T	0.019299999999999998	518	NA_T44C_I15T
33	903	G	A	NA	syn	1.0	4696	NA_G903A_syn
34	916	G	A	NA	A306T	1.0	4777	NA_G916A_A306T
36	820	C	T	NEP	syn	0.033	666	NEP_C820T_syn
