	POS	REF	ALT	gene	annotation	FREQ	read_depth	SNP
0	76	G	A	PA	E26K	0.0103	1067	PA_G76A_E26K
1	1644	G	A	PA	M548I	0.010700000000000001	4597	PA_G1644A_M548I
2	410	G	A	HA	G137E	0.9964	4195	HA_G410A_G137E
3	1324	T	C	HA	syn	0.9986	6484	HA_T1324C_syn
4	1497	C	T	HA	syn	0.9981	4290	HA_C1497T_syn
5	903	G	A	NA	syn	1.0	7293	NA_G903A_syn
6	916	G	A	NA	A306T	0.9998999999999999	7414	NA_G916A_A306T
