	POS	REF	ALT	gene	annotation	FREQ	read_depth	SNP
0	25	G	A	PB2	D9N	0.0276	651	PB2_G25A_D9N
1	514	G	A	PB2	V172I	0.0134	6510	PB2_G514A_V172I
2	1160	G	A	PB2	S387N	0.0118	7182	PB2_G1160A_S387N
3	1891	A	G	PB2	M631V	0.0103	7440	PB2_A1891G_M631V
4	1845	G	A	PB1	syn	0.0105	6383	PB1_G1845A_syn
5	2044	A	G	PB1	I682V	0.011000000000000001	5069	PB1_A2044G_I682V
6	104	T	C	PA	F35S	0.0226	1283	PA_T104C_F35S
7	788	C	A	PA	T263K	0.0124	6152	PA_C788A_T263K
8	921	G	A	PA	syn	0.061500000000000006	6197	PA_G921A_syn
9	1292	A	G	PA	D431G	0.064	6856	PA_A1292G_D431G
10	1341	A	T	PA	syn	0.0291	6398	PA_A1341T_syn
11	1584	C	T	PA	syn	0.062	3822	PA_C1584T_syn
12	1879	G	A	PA	G627R	0.0329	4255	PA_G1879A_G627R
13	1890	A	G	PA	syn	0.0102	4222	PA_A1890G_syn
14	410	G	A	HA	G137E	1.0	4129	HA_G410A_G137E
15	1324	T	C	HA	syn	0.9997	6191	HA_T1324C_syn
16	1497	C	T	HA	syn	1.0	4341	HA_C1497T_syn
17	1594	T	A	HA	F532I	0.0101	3082	HA_T1594A_F532I
18	842	G	A	NA	R281Q	0.0105	6118	NA_G842A_R281Q
19	866	A	G	NA	K289R	0.9998	6168	NA_A866G_K289R
20	903	G	A	NA	syn	0.9997	6091	NA_G903A_syn
21	916	G	A	NA	A306T	1.0	6253	NA_G916A_A306T
