	POS	REF	ALT	gene	annotation	FREQ	read_depth	SNP
0	2259	C	A	PB1	syn	0.015	534	PB1_C2259A_syn
1	136	T	C	PA	F46L	0.0184	2066	PA_T136C_F46L
2	2143	C	G	PA	L715V	0.0218	2021	PA_C2143G_L715V
3	410	G	A	HA	G137E	0.9991	4429	HA_G410A_G137E
4	1324	T	C	HA	syn	0.9998	6177	HA_T1324C_syn
5	1497	C	T	HA	syn	1.0	4638	HA_C1497T_syn
6	866	A	G	NA	K289R	0.9993000000000001	8110	NA_A866G_K289R
7	903	G	A	NA	syn	0.9998999999999999	8135	NA_G903A_syn
8	916	G	A	NA	A306T	0.9998	8346	NA_G916A_A306T
