	POS	REF	ALT	gene	annotation	FREQ	read_depth	SNP
0	80	A	G	PB1	D27G	0.0125	1042	PB1_A80G_D27G
1	499	C	T	PB1	L167F	0.0102	6376	PB1_C499T_L167F
2	777	G	A	PB1	syn	0.010700000000000001	6661	PB1_G777A_syn
3	915	C	G	PB1	D305E	0.0123	5265	PB1_C915G_D305E
4	976	A	T	PB1	T326S	0.013600000000000001	5003	PB1_A976T_T326S
5	1060	G	A	PB1	G354R	0.0109	4578	PB1_G1060A_G354R
6	1224	G	A	PB1	M408I	0.0102	4880	PB1_G1224A_M408I
7	1400	A	G	PB1	Y467C	0.011000000000000001	5342	PB1_A1400G_Y467C
8	1972	G	A	PB1	D658N	0.011399999999999999	6078	PB1_G1972A_D658N
9	2047	C	T	PB1	L683F	0.0115	4689	PB1_C2047T_L683F
10	2139	C	A	PB1	S713R	0.0144	3197	PB1_C2139A_S713R
11	45	G	A	PA	syn	0.0292	685	PA_G45A_syn
12	169	C	A	PA	syn	0.011200000000000002	2053	PA_C169A_syn
13	501	C	A	PA	S167R	0.015	4494	PA_C501A_S167R
14	502	A	G	PA	R168G	0.0155	4526	PA_A502G_R168G
15	697	G	A	PA	V233M	0.011899999999999999	6779	PA_G697A_V233M
16	742	C	A	PA	Q248K	0.023700000000000002	6292	PA_C742A_Q248K
17	410	G	A	HA	G137E	0.9951000000000001	4298	HA_G410A_G137E
18	1324	T	C	HA	syn	0.9997	6423	HA_T1324C_syn
19	1497	C	T	HA	syn	0.9998	4554	HA_C1497T_syn
20	903	G	A	NA	syn	1.0	6830	NA_G903A_syn
21	916	G	A	NA	A306T	0.9998999999999999	7029	NA_G916A_A306T
