	POS	REF	ALT	gene	annotation	FREQ	read_depth	SNP
0	75	G	A	PB2	syn	0.0202	1737	PB2_G75A_syn
1	621	G	A	PB2	syn	0.0106	6872	PB2_G621A_syn
2	2151	G	A	PB2	syn	0.0132	5999	PB2_G2151A_syn
3	60	A	C	PA	syn	0.0189	581	PA_A60C_syn
4	565	G	A	PA	D189N	0.0231	3983	PA_G565A_D189N
5	828	T	C	PA	syn	0.0231	4894	PA_T828C_syn
6	869	T	A	PA	L290*	0.019	4737	PA_T869A_L290*
7	889	C	T	PA	H297Y	0.0195	4671	PA_C889T_H297Y
8	981	G	A	PA	syn	0.0757	4769	PA_G981A_syn
9	1276	G	T	PA	D426Y	0.0352	5516	PA_G1276T_D426Y
10	1407	G	T	PA	L469F	0.0161	3177	PA_G1407T_L469F
11	1585	G	A	PA	D529N	0.0134	2459	PA_G1585A_D529N
12	1640	A	G	PA	D547G	0.0111	2609	PA_A1640G_D547G
13	1841	A	G	PA	N614S	0.014199999999999999	2458	PA_A1841G_N614S
14	2033	C	T	PA	P678L	0.0154	2988	PA_C2033T_P678L
15	2096	G	A	PA	W699*	0.0196	2190	PA_G2096A_W699*
16	410	G	A	HA	G137E	0.9995999999999999	2651	HA_G410A_G137E
17	996	T	C	HA	syn	0.042300000000000004	7135	HA_T996C_syn
18	1017	A	G	HA	syn	0.011399999999999999	6953	HA_A1017G_syn
19	1324	T	C	HA	syn	0.9998	4402	HA_T1324C_syn
20	1497	C	T	HA	syn	0.9993000000000001	2863	HA_C1497T_syn
21	1548	T	C	HA	syn	0.024300000000000002	2552	HA_T1548C_syn
22	903	G	A	NA	syn	0.9998	8766	NA_G903A_syn
23	916	G	A	NA	A306T	0.9997	8886	NA_G916A_A306T
24	1383	A	G	NA	I461M	0.011200000000000002	1601	NA_A1383G_I461M
25	623	A	G	M1	Q208R	0.020499999999999997	17183	M1_A623G_Q208R
27	425	A	G	NS1	E142G	0.0254	10495	NS1_A425G_E142G
