	POS	REF	ALT	gene	annotation	FREQ	read_depth	SNP
0	50	G	A	PB2	R17H	0.0199	955	PB2_G50A_R17H
1	1020	G	A	PB2	syn	0.011000000000000001	6523	PB2_G1020A_syn
2	2182	C	G	PB2	Q728E	0.0126	3407	PB2_C2182G_Q728E
3	2234	C	A	PB2	T745N	0.0181	1654	PB2_C2234A_T745N
4	515	A	G	PB1	D172G	0.775	6873	PB1_A515G_D172G
5	618	A	G	PB1	syn	0.0206	6939	PB1_A618G_syn
6	785	T	C	PB1	I262T	0.0129	7291	PB1_T785C_I262T
7	805	T	A	PB1	S269T	0.011000000000000001	6879	PB1_T805A_S269T
8	1091	T	G	PB1	L364R	0.0147	5177	PB1_T1091G_L364R
9	1301	C	A	PB1	T434N	0.012199999999999999	6287	PB1_C1301A_T434N
10	1400	A	G	PB1	Y467C	0.011000000000000001	6574	PB1_A1400G_Y467C
11	2212	G	A	PB1	E738K	0.014499999999999999	1381	PB1_G2212A_E738K
12	422	A	G	PA	E141G	0.050300000000000004	3362	PA_A422G_E141G
13	461	A	G	PA	E154G	0.019299999999999998	3882	PA_A461G_E154G
14	79	G	A	HA	A27T	0.0108	1297	HA_G79A_A27T
15	410	G	A	HA	G137E	0.9998	4095	HA_G410A_G137E
16	1324	T	C	HA	syn	0.9997	5976	HA_T1324C_syn
17	1497	C	T	HA	syn	1.0	3827	HA_C1497T_syn
18	427	C	T	NP	syn	0.2036	13382	NP_C427T_syn
19	866	A	G	NA	K289R	0.9995999999999999	7818	NA_A866G_K289R
20	903	G	A	NA	syn	0.9997	7617	NA_G903A_syn
21	916	G	A	NA	A306T	0.9998999999999999	7718	NA_G916A_A306T
