	POS	REF	ALT	gene	annotation	FREQ	read_depth	SNP
0	681	G	A	PB2	syn	0.027999999999999997	6959	PB2_G681A_syn
1	1242	G	A	PB2	syn	0.027999999999999997	7831	PB2_G1242A_syn
2	141	T	C	PB1	syn	0.015300000000000001	2819	PB1_T141C_syn
3	330	G	A	PB1	syn	0.011899999999999999	6656	PB1_G330A_syn
4	413	C	T	PB1	P138L	0.019	6168	PB1_C413T_P138L
5	558	G	A	PB1	syn	0.011899999999999999	6301	PB1_G558A_syn
6	2230	A	G	PB1	M744V	0.011699999999999999	1113	PB1_A2230G_M744V
7	169	C	A	PA	syn	0.0277	2495	PA_C169A_syn
8	736	C	A	PA	L246I	0.0754	7253	PA_C736A_L246I
9	885	G	C	PA	syn	0.0908	6158	PA_G885C_syn
10	1263	C	A	PA	S421R	0.0371	7788	PA_C1263A_S421R
11	410	G	A	HA	G137E	0.9998	4172	HA_G410A_G137E
12	1324	T	C	HA	syn	0.9997	6284	HA_T1324C_syn
13	1455	C	T	HA	syn	0.011899999999999999	6035	HA_C1455T_syn
14	1497	C	T	HA	syn	1.0	4415	HA_C1497T_syn
15	111	G	A	NP	syn	0.0217	4064	NP_G111A_syn
16	436	G	A	NP	A146T	0.0587	10975	NP_G436A_A146T
17	922	C	A	NP	Q308K	0.0147	10275	NP_C922A_Q308K
18	1378	G	A	NP	G460R	0.0148	4257	NP_G1378A_G460R
19	866	A	G	NA	K289R	0.051100000000000007	7225	NA_A866G_K289R
20	903	G	A	NA	syn	1.0	6876	NA_G903A_syn
21	916	G	A	NA	A306T	0.9998999999999999	7015	NA_G916A_A306T
22	276	C	A	NS1	D92E	0.012199999999999999	14164	NS1_C276A_D92E
