	POS	REF	ALT	gene	annotation	FREQ	read_depth	SNP
0	1056	G	A	PB2	syn	0.0196	5159	PB2_G1056A_syn
1	1558	T	G	PB1	S520A	0.013600000000000001	3242	PB1_T1558G_S520A
2	174	C	T	PA	syn	0.0479	2967	PA_C174T_syn
3	308	C	T	PA	P103L	0.0321	3426	PA_C308T_P103L
4	587	G	A	PA	R196K	0.0158	5618	PA_G587A_R196K
5	936	A	G	PA	syn	1.0	5226	PA_A936G_syn
6	1121	T	G	PA	M374R	0.0154	7085	PA_T1121G_M374R
7	1494	A	C	PA	syn	0.055099999999999996	3956	PA_A1494C_syn
8	1764	T	A	PA	syn	0.0397	3982	PA_T1764A_syn
9	410	G	A	HA	G137E	1.0	4042	HA_G410A_G137E
10	1324	T	C	HA	syn	0.9997	5748	HA_T1324C_syn
11	1497	C	T	HA	syn	0.9997	3824	HA_C1497T_syn
12	501	G	A	NP	M167I	0.9998	8981	NP_G501A_M167I
13	866	A	G	NA	K289R	0.9995	5930	NA_A866G_K289R
14	903	G	A	NA	syn	0.9997	5844	NA_G903A_syn
15	916	G	A	NA	A306T	1.0	5909	NA_G916A_A306T
