	POS	REF	ALT	gene	annotation	FREQ	read_depth	SNP
0	22	A	C	PB2	syn	0.1382	492	PB2_A22C_syn
1	1410	C	T	PB2	syn	0.0163	6028	PB2_C1410T_syn
2	515	A	G	PB1	D172G	0.7151000000000001	6131	PB1_A515G_D172G
3	810	C	T	PB1	syn	0.02	6249	PB1_C810T_syn
4	91	G	A	PA	E31K	0.0189	1584	PA_G91A_E31K
5	336	C	T	PA	syn	0.0415	3514	PA_C336T_syn
6	1772	A	G	PA	Q591R	0.0175	3707	PA_A1772G_Q591R
7	410	G	A	HA	G137E	1.0	3710	HA_G410A_G137E
8	1324	T	C	HA	syn	0.9984000000000001	5005	HA_T1324C_syn
9	1497	C	T	HA	syn	1.0	3514	HA_C1497T_syn
10	427	C	T	NP	syn	0.2463	10580	NP_C427T_syn
11	866	A	G	NA	K289R	0.9997	5924	NA_A866G_K289R
12	903	G	A	NA	syn	1.0	5688	NA_G903A_syn
13	916	G	A	NA	A306T	1.0	5714	NA_G916A_A306T
