	POS	REF	ALT	gene	annotation	FREQ	read_depth	SNP
0	34	G	A	PB1	V12M	0.0154	454	PB1_G34A_V12M
1	537	G	A	PB1	M179I	0.0349	6441	PB1_G537A_M179I
2	946	C	A	PB1	syn	0.0108	4648	PB1_C946A_syn
3	1500	A	G	PB1	syn	0.027200000000000002	4448	PB1_A1500G_syn
4	315	T	C	PA	syn	0.0115	2511	PA_T315C_syn
5	382	C	G	PA	H128D	0.0154	2526	PA_C382G_H128D
6	455	G	A	PA	G152E	0.0183	3065	PA_G455A_G152E
7	674	G	T	PA	S225I	0.0165	4300	PA_G674T_S225I
8	810	G	T	PA	L270F	0.0128	4693	PA_G810T_L270F
9	1030	G	A	PA	E344K	0.0141	4905	PA_G1030A_E344K
10	1209	A	G	PA	syn	0.011699999999999999	5789	PA_A1209G_syn
11	1236	C	A	PA	N412K	0.013500000000000002	5767	PA_C1236A_N412K
12	22	T	C	HA	F8L	0.0187	641	HA_T22C_F8L
13	32	T	C	HA	I11T	0.0187	855	HA_T32C_I11T
14	410	G	A	HA	G137E	0.9992	2566	HA_G410A_G137E
15	528	A	G	HA	syn	0.0143	2234	HA_A528G_syn
16	605	A	C	HA	K202T	0.031400000000000004	3602	HA_A605C_K202T
17	972	G	A	HA	syn	0.011000000000000001	6114	HA_G972A_syn
18	1324	T	C	HA	syn	0.9998	4468	HA_T1324C_syn
19	1497	C	T	HA	syn	0.9997	3011	HA_C1497T_syn
20	15	G	A	NA	syn	0.0163	492	NA_G15A_syn
21	903	G	A	NA	syn	0.9997	6571	NA_G903A_syn
22	916	G	A	NA	A306T	0.9998	6657	NA_G916A_A306T
23	7	T	C	NS1	S3P	0.0336	3512	NS1_T7C_S3P
24	7	T	C	NEP	S3P	0.0336	3512	NEP_T7C_S3P
25	411	T	C	NS1	syn	0.0106	12416	NS1_T411C_syn
28	820	C	T	NEP	syn	0.0146	620	NEP_C820T_syn
