	POS	REF	ALT	gene	annotation	FREQ	read_depth	SNP
0	936	A	G	PA	syn	0.9998	6290	PA_A936G_syn
1	272	C	T	HA	S91L	0.011200000000000002	5428	HA_C272T_S91L
2	410	G	A	HA	G137E	0.9981	4251	HA_G410A_G137E
3	1324	T	C	HA	syn	0.9998	6475	HA_T1324C_syn
4	1497	C	T	HA	syn	0.9998	4333	HA_C1497T_syn
5	501	G	A	NP	M167I	0.9998	8777	NP_G501A_M167I
6	866	A	G	NA	K289R	1.0	4400	NA_A866G_K289R
7	903	G	A	NA	syn	0.9987999999999999	4243	NA_G903A_syn
8	916	G	A	NA	A306T	0.9995	4305	NA_G916A_A306T
