	POS	REF	ALT	gene	annotation	FREQ	read_depth	SNP
0	307	C	A	PA	P103T	0.0212	2884	PA_C307A_P103T
1	430	C	A	PA	H144N	0.013300000000000001	3233	PA_C430A_H144N
2	936	A	G	PA	syn	0.9998	5139	PA_A936G_syn
3	1329	G	A	PA	syn	0.013000000000000001	5151	PA_G1329A_syn
4	410	G	A	HA	G137E	0.9998	4031	HA_G410A_G137E
5	1324	T	C	HA	syn	0.9998	4819	HA_T1324C_syn
6	1497	C	T	HA	syn	0.9987999999999999	3328	HA_C1497T_syn
7	1689	T	G	HA	C563W	0.022099999999999998	317	HA_T1689G_C563W
8	501	G	A	NP	M167I	0.9995	10365	NP_G501A_M167I
9	866	A	G	NA	K289R	0.9998	5468	NA_A866G_K289R
10	903	G	A	NA	syn	1.0	5457	NA_G903A_syn
11	916	G	A	NA	A306T	0.9998	5588	NA_G916A_A306T
12	21	C	T	M1	syn	0.0147	2314	M1_C21T_syn
13	21	C	T	M2	syn	0.0147	2314	M2_C21T_syn
15	820	C	T	NEP	syn	0.013600000000000001	516	NEP_C820T_syn
