	POS	REF	ALT	gene	annotation	FREQ	read_depth	SNP
0	1821	G	A	PB2	syn	0.0118	5595	PB2_G1821A_syn
1	10	T	G	PA	F4V	0.037200000000000004	376	PA_T10G_F4V
2	308	C	A	PA	P103H	0.0123	4233	PA_C308A_P103H
3	499	A	T	PA	S167C	0.028300000000000002	6775	PA_A499T_S167C
4	1063	C	T	PA	P355S	0.0298	10345	PA_C1063T_P355S
5	1097	T	C	PA	L366S	0.0106	10785	PA_T1097C_L366S
6	1099	A	C	PA	K367Q	0.017	10908	PA_A1099C_K367Q
7	1157	A	G	PA	D386G	0.0689	10591	PA_A1157G_D386G
8	1174	C	A	PA	Q392K	0.0672	11350	PA_C1174A_Q392K
9	1392	C	A	PA	Y464*	0.0144	7447	PA_C1392A_Y464*
10	1850	A	G	PA	E617G	0.0739	6061	PA_A1850G_E617G
11	1965	T	A	PA	syn	0.013300000000000001	5851	PA_T1965A_syn
12	1967	A	G	PA	E656G	0.015300000000000001	5697	PA_A1967G_E656G
13	410	G	A	HA	G137E	0.9995	4403	HA_G410A_G137E
14	1324	T	C	HA	syn	1.0	6099	HA_T1324C_syn
15	1497	C	T	HA	syn	1.0	4076	HA_C1497T_syn
16	866	A	G	NA	K289R	0.0212	6928	NA_A866G_K289R
17	903	G	A	NA	syn	0.9998	6500	NA_G903A_syn
18	916	G	A	NA	A306T	0.9998	6641	NA_G916A_A306T
