	POS	REF	ALT	gene	annotation	FREQ	read_depth	SNP
0	209	G	A	PB2	R70K	0.011899999999999999	4273	PB2_G209A_R70K
1	1821	G	A	PB2	syn	0.0101	4355	PB2_G1821A_syn
2	187	A	T	PA	I63L	0.0493	2374	PA_A187T_I63L
3	316	C	T	PA	L106F	0.021400000000000002	2379	PA_C316T_L106F
4	1130	A	G	PA	E377G	0.0407	5166	PA_A1130G_E377G
5	1441	C	T	PA	Q481*	0.0105	2868	PA_C1441T_Q481*
6	1644	G	A	PA	M548I	0.0192	2870	PA_G1644A_M548I
7	1809	A	G	PA	syn	0.0384	2920	PA_A1809G_syn
8	410	G	A	HA	G137E	0.9997	3351	HA_G410A_G137E
9	1324	T	C	HA	syn	0.9987999999999999	5846	HA_T1324C_syn
10	1497	C	T	HA	syn	0.9992	3677	HA_C1497T_syn
11	866	A	G	NA	K289R	0.022000000000000002	5829	NA_A866G_K289R
12	903	G	A	NA	syn	0.9995999999999999	5599	NA_G903A_syn
13	916	G	A	NA	A306T	0.9995999999999999	5619	NA_G916A_A306T
