	POS	REF	ALT	gene	annotation	FREQ	read_depth	SNP
0	774	G	A	PA	syn	0.04	4080	PA_G774A_syn
1	1903	A	G	PA	K635E	0.0254	3313	PA_A1903G_K635E
2	2005	G	A	PA	V669I	0.013600000000000001	4496	PA_G2005A_V669I
3	410	G	A	HA	G137E	0.9997	3474	HA_G410A_G137E
4	1324	T	C	HA	syn	0.9995999999999999	5198	HA_T1324C_syn
5	1497	C	T	HA	syn	0.9997	3571	HA_C1497T_syn
6	903	G	A	NA	syn	0.9987	5589	NA_G903A_syn
7	916	G	A	NA	A306T	0.9998	5657	NA_G916A_A306T
9	820	C	T	NEP	syn	0.011899999999999999	838	NEP_C820T_syn
