	POS	REF	ALT	gene	annotation	FREQ	read_depth	SNP
0	877	A	G	PB2	R293G	0.015700000000000002	3939	PB2_A877G_R293G
1	2101	G	A	PB2	D701N	0.0148	6354	PB2_G2101A_D701N
2	2221	G	T	PB1	A741S	0.0141	1348	PB1_G2221T_A741S
3	242	G	A	PA	G81E	0.0116	2508	PA_G242A_G81E
4	267	A	G	PA	syn	0.013600000000000001	2501	PA_A267G_syn
5	372	G	A	PA	syn	0.0273	2565	PA_G372A_syn
6	674	G	T	PA	S225I	0.04769999999999999	5447	PA_G674T_S225I
7	1095	A	C	PA	Q365H	0.011200000000000002	6254	PA_A1095C_Q365H
8	1144	G	T	PA	E382*	0.0207	6459	PA_G1144T_E382*
9	1319	G	A	PA	S440N	0.011000000000000001	5473	PA_G1319A_S440N
10	1433	A	G	PA	D478G	0.015600000000000001	3143	PA_A1433G_D478G
11	1511	T	C	PA	I504T	0.018000000000000002	2448	PA_T1511C_I504T
12	1633	A	G	PA	I545V	0.0159	3012	PA_A1633G_I545V
13	1826	A	G	PA	K609R	0.024	2920	PA_A1826G_K609R
14	1942	A	G	PA	S648G	0.016	3382	PA_A1942G_S648G
15	22	T	C	HA	F8L	0.0346	722	HA_T22C_F8L
16	32	T	C	HA	I11T	0.037599999999999995	984	HA_T32C_I11T
17	410	G	A	HA	G137E	0.9993000000000001	3037	HA_G410A_G137E
18	528	A	G	HA	syn	0.0406	2244	HA_A528G_syn
19	880	G	A	HA	G294R	0.0101	6652	HA_G880A_G294R
20	1324	T	C	HA	syn	0.9998	4918	HA_T1324C_syn
21	1497	C	T	HA	syn	1.0	2968	HA_C1497T_syn
22	903	G	A	NA	syn	0.9998	6325	NA_G903A_syn
23	916	G	A	NA	A306T	0.9998	6332	NA_G916A_A306T
24	1212	T	C	NA	syn	0.0159	11857	NA_T1212C_syn
25	7	T	C	NS1	S3P	0.0601	3180	NS1_T7C_S3P
26	7	T	C	NEP	S3P	0.0601	3180	NEP_T7C_S3P
27	411	T	C	NS1	syn	0.032400000000000005	10916	NS1_T411C_syn
