	POS	REF	ALT	gene	annotation	FREQ	read_depth	SNP
0	58	G	A	PA	A20T	0.0138	724	PA_G58A_A20T
1	136	T	C	PA	F46L	0.011899999999999999	1848	PA_T136C_F46L
2	165	C	A	PA	D55E	0.012	2083	PA_C165A_D55E
3	197	G	T	PA	G66V	0.011000000000000001	2373	PA_G197T_G66V
4	376	G	A	PA	E126K	0.0111	2895	PA_G376A_E126K
5	801	T	C	PA	syn	0.0143	5166	PA_T801C_syn
6	1043	T	C	PA	I348T	0.015600000000000001	5573	PA_T1043C_I348T
7	1077	C	A	PA	N359K	0.0152	5714	PA_C1077A_N359K
8	1118	A	G	PA	N373S	0.015700000000000002	6098	PA_A1118G_N373S
9	1256	A	G	PA	D419G	0.016200000000000003	5603	PA_A1256G_D419G
10	1373	A	G	PA	Y458C	0.023700000000000002	4379	PA_A1373G_Y458C
11	1617	G	A	PA	syn	0.015	3142	PA_G1617A_syn
12	1622	G	T	PA	C541F	0.018000000000000002	3109	PA_G1622T_C541F
13	410	G	A	HA	G137E	0.9990000000000001	3846	HA_G410A_G137E
14	1324	T	C	HA	syn	0.9995	5590	HA_T1324C_syn
15	1497	C	T	HA	syn	1.0	3629	HA_C1497T_syn
16	866	A	G	NA	K289R	0.9998	5537	NA_A866G_K289R
17	903	G	A	NA	syn	1.0	5551	NA_G903A_syn
18	916	G	A	NA	A306T	1.0	5639	NA_G916A_A306T
