	POS	REF	ALT	gene	annotation	FREQ	read_depth	SNP
0	185	G	A	PB2	R62K	0.09539999999999998	8100	PB2_G185A_R62K
1	524	G	A	PB2	R175K	0.0892	15342	PB2_G524A_R175K
2	1218	A	C	PB2	Q406H	0.0572	18194	PB2_A1218C_Q406H
3	1508	G	A	PB2	R503K	0.0608	16716	PB2_G1508A_R503K
4	1963	G	A	PB2	V655M	0.0363	15132	PB2_G1963A_V655M
5	2191	G	A	PB2	V731M	0.0194	5713	PB2_G2191A_V731M
6	1046	C	T	PB1	A349V	0.0104	12526	PB1_C1046T_A349V
7	681	A	G	PA	syn	0.4191	9542	PA_A681G_syn
8	1963	C	T	PA	L655F	0.2077	6847	PA_C1963T_L655F
9	25	G	A	HA	A9T	0.014199999999999999	1411	HA_G25A_A9T
10	272	C	T	HA	S91L	0.053	8970	HA_C272T_S91L
11	405	C	T	HA	syn	0.0347	9731	HA_C405T_syn
12	410	G	A	HA	G137E	0.9998	9122	HA_G410A_G137E
13	496	G	T	HA	D166Y	0.0204	10293	HA_G496T_D166Y
14	1324	T	C	HA	syn	0.9994	12664	HA_T1324C_syn
15	1497	C	T	HA	syn	0.9997	7895	HA_C1497T_syn
16	113	G	C	NP	R38T	0.0126	35937	NP_G113C_R38T
17	401	C	A	NP	T134N	0.0103	72148	NP_C401A_T134N
18	561	G	A	NP	syn	0.0108	71950	NP_G561A_syn
19	1027	G	C	NP	V343L	0.0102	65955	NP_G1027C_V343L
20	1040	T	A	NP	I347N	0.0129	63966	NP_T1040A_I347N
21	1386	A	G	NP	syn	0.0109	29772	NP_A1386G_syn
22	93	G	A	NA	syn	0.0546	3556	NA_G93A_syn
23	300	C	A	NA	N100K	0.0464	14643	NA_C300A_N100K
24	455	G	A	NA	R152H	0.0121	20109	NA_G455A_R152H
25	903	G	A	NA	syn	0.9997	21099	NA_G903A_syn
26	916	G	A	NA	A306T	0.9998	21418	NA_G916A_A306T
27	1215	C	T	NA	syn	0.0482	20952	NA_C1215T_syn
29	764	C	A	M2	L26I	0.0291	481	M2_C764A_L26I
30	474	C	G	NS1	syn	0.0132	31989	NS1_C474G_syn
32	547	G	A	NS1	G183R	0.022799999999999997	30027	NS1_G547A_G183R
33	547	G	A	NEP	syn	0.022799999999999997	30027	NEP_G547A_syn
35	720	T	C	NEP	V83A	0.0173	13218	NEP_T720C_V83A
37	756	A	T	NEP	E95V	0.018600000000000002	8991	NEP_A756T_E95V
39	797	G	A	NEP	V109M	0.0209	4645	NEP_G797A_V109M
