	POS	REF	ALT	gene	annotation	FREQ	read_depth	SNP
0	537	G	A	PB1	M179I	0.0255	8197	PB1_G537A_M179I
1	1388	T	C	PB1	V463A	0.02	7001	PB1_T1388C_V463A
2	1500	A	G	PB1	syn	0.0248	6256	PB1_A1500G_syn
3	240	A	G	PA	syn	0.0154	3380	PA_A240G_syn
4	634	C	A	PA	R212S	0.013600000000000001	8454	PA_C634A_R212S
5	674	G	T	PA	S225I	0.0121	8625	PA_G674T_S225I
6	749	C	A	PA	S250*	0.0102	8037	PA_C749A_S250*
7	904	A	G	PA	I302V	0.0134	7297	PA_A904G_I302V
8	1586	A	G	PA	D529G	0.011200000000000002	5069	PA_A1586G_D529G
9	1971	G	A	PA	syn	0.014499999999999999	4767	PA_G1971A_syn
10	22	T	C	HA	F8L	0.018000000000000002	888	HA_T22C_F8L
11	32	T	C	HA	I11T	0.015600000000000001	1220	HA_T32C_I11T
12	410	G	A	HA	G137E	0.9995999999999999	4785	HA_G410A_G137E
13	528	A	G	HA	syn	0.0209	3295	HA_A528G_syn
14	605	A	C	HA	K202T	0.0233	4670	HA_A605C_K202T
15	1324	T	C	HA	syn	0.9997	7331	HA_T1324C_syn
16	1497	C	T	HA	syn	1.0	4629	HA_C1497T_syn
17	903	G	A	NA	syn	1.0	4179	NA_G903A_syn
18	916	G	A	NA	A306T	1.0	4281	NA_G916A_A306T
19	1212	T	C	NA	syn	0.011200000000000002	7112	NA_T1212C_syn
20	7	T	C	NS1	S3P	0.029500000000000002	2543	NS1_T7C_S3P
21	7	T	C	NEP	S3P	0.029500000000000002	2543	NEP_T7C_S3P
22	411	T	C	NS1	syn	0.012199999999999999	15852	NS1_T411C_syn
