	POS	REF	ALT	gene	annotation	FREQ	read_depth	SNP
0	135	C	T	PA	syn	0.010700000000000001	2149	PA_C135T_syn
1	1262	G	A	PA	S421N	0.0179	7657	PA_G1262A_S421N
2	1538	A	G	PA	N513S	0.0276	3666	PA_A1538G_N513S
3	93	A	G	HA	syn	0.0123	2683	HA_A93G_syn
4	410	G	A	HA	G137E	0.9948999999999999	5340	HA_G410A_G137E
5	1225	A	G	HA	I409V	0.0177	7693	HA_A1225G_I409V
6	1324	T	C	HA	syn	0.9997	7778	HA_T1324C_syn
7	1497	C	T	HA	syn	1.0	5104	HA_C1497T_syn
8	1218	C	A	NP	syn	0.0165	6127	NP_C1218A_syn
9	1230	C	T	NP	syn	0.0108	5929	NP_C1230T_syn
10	866	A	G	NA	K289R	1.0	4744	NA_A866G_K289R
11	903	G	A	NA	syn	0.9995999999999999	4702	NA_G903A_syn
12	916	G	A	NA	A306T	1.0	4865	NA_G916A_A306T
13	75	G	A	M1	syn	0.01	5680	M1_G75A_syn
16	764	C	A	M2	L26I	0.0126	13068	M2_C764A_L26I
18	962	G	A	M2	V92I	0.0126	2063	M2_G962A_V92I
