	POS	REF	ALT	gene	annotation	FREQ	read_depth	SNP
0	75	G	A	PB2	syn	0.0132	1520	PB2_G75A_syn
1	621	G	A	PB2	syn	0.012	7011	PB2_G621A_syn
2	1772	T	C	PB1	V591A	0.0171	6720	PB1_T1772C_V591A
3	229	G	A	PA	E77K	0.0191	2612	PA_G229A_E77K
4	586	A	G	PA	R196G	0.0131	5975	PA_A586G_R196G
5	1070	C	A	PA	T357K	0.0115	7681	PA_C1070A_T357K
6	1071	A	G	PA	syn	0.0115	7643	PA_A1071G_syn
7	1315	G	T	PA	A439S	0.013500000000000002	6576	PA_G1315T_A439S
8	1869	A	G	PA	syn	0.0158	4437	PA_A1869G_syn
9	410	G	A	HA	G137E	0.9998	4745	HA_G410A_G137E
10	1017	A	G	HA	syn	0.018600000000000002	8318	HA_A1017G_syn
11	1324	T	C	HA	syn	0.9992	6370	HA_T1324C_syn
12	1497	C	T	HA	syn	0.9998	4236	HA_C1497T_syn
13	866	A	G	NP	Y289C	0.0141	10912	NP_A866G_Y289C
14	903	G	A	NA	syn	1.0	7216	NA_G903A_syn
15	916	G	A	NA	A306T	0.9998999999999999	7383	NA_G916A_A306T
