	POS	REF	ALT	gene	annotation	FREQ	read_depth	SNP
0	66	A	C	PB2	K22N	0.0116	1210	PB2_A66C_K22N
1	371	G	A	PB2	R124K	0.0105	4852	PB2_G371A_R124K
2	2266	A	G	PB2	M756V	0.0109	828	PB2_A2266G_M756V
3	1394	T	C	PA	V465A	0.0179	4813	PA_T1394C_V465A
4	1444	C	T	PA	syn	0.024900000000000002	4169	PA_C1444T_syn
5	1676	G	A	PA	R559K	0.134	3658	PA_G1676A_R559K
6	410	G	A	HA	G137E	0.9995999999999999	4504	HA_G410A_G137E
7	1324	T	C	HA	syn	1.0	6580	HA_T1324C_syn
8	1497	C	T	HA	syn	0.9993000000000001	4163	HA_C1497T_syn
9	426	C	T	NP	syn	0.0115	8698	NP_C426T_syn
10	1218	C	A	NP	syn	0.0108	5455	NP_C1218A_syn
11	1230	C	T	NP	syn	0.0147	5431	NP_C1230T_syn
12	866	A	G	NA	K289R	0.9987999999999999	4053	NA_A866G_K289R
13	903	G	A	NA	syn	1.0	4046	NA_G903A_syn
14	916	G	A	NA	A306T	0.9998	4164	NA_G916A_A306T
15	75	G	A	M1	syn	0.0109	4128	M1_G75A_syn
18	764	C	A	M2	L26I	0.0166	8821	M2_C764A_L26I
20	962	G	A	M2	V92I	0.015	1533	M2_G962A_V92I
