	POS	REF	ALT	gene	annotation	FREQ	read_depth	SNP
0	1056	G	A	PB2	syn	0.0235	5798	PB2_G1056A_syn
1	1083	G	A	PB2	syn	0.011000000000000001	5978	PB2_G1083A_syn
2	2270	A	G	PB1	K757R	0.0191	366	PB1_A2270G_K757R
3	169	C	A	PA	syn	0.2893	2758	PA_C169A_syn
4	936	A	G	PA	syn	0.9998	5381	PA_A936G_syn
5	1577	C	T	PA	S526F	0.01	4493	PA_C1577T_S526F
6	410	G	A	HA	G137E	0.9990000000000001	6306	HA_G410A_G137E
7	1324	T	C	HA	syn	0.9995999999999999	7014	HA_T1324C_syn
8	1497	C	T	HA	syn	0.9994	5163	HA_C1497T_syn
9	501	G	A	NP	M167I	1.0	10098	NP_G501A_M167I
10	866	A	G	NA	K289R	0.9995999999999999	8566	NA_A866G_K289R
11	903	G	A	NA	syn	0.9995	8567	NA_G903A_syn
12	916	G	A	NA	A306T	0.9998	8830	NA_G916A_A306T
13	21	C	T	M1	syn	0.010700000000000001	1781	M1_C21T_syn
14	21	C	T	M2	syn	0.010700000000000001	1781	M2_C21T_syn
