	POS	REF	ALT	gene	annotation	FREQ	read_depth	SNP
0	1896	G	A	PB2	syn	0.026099999999999998	7886	PB2_G1896A_syn
1	53	T	C	PB1	I18T	0.010700000000000001	657	PB1_T53C_I18T
2	1102	G	A	PB1	V368I	0.050300000000000004	4807	PB1_G1102A_V368I
3	172	G	A	PA	G58S	0.0154	2605	PA_G172A_G58S
4	190	G	A	PA	E64K	0.010700000000000001	2993	PA_G190A_E64K
5	550	A	C	PA	S184R	0.015600000000000001	3920	PA_A550C_S184R
6	644	C	T	PA	A215V	0.0217	4521	PA_C644T_A215V
7	681	A	G	PA	syn	0.1634	4736	PA_A681G_syn
8	915	T	C	PA	syn	0.0159	4727	PA_T915C_syn
9	941	T	C	PA	F314S	0.016399999999999998	4197	PA_T941C_F314S
10	1201	A	C	PA	syn	0.016	5433	PA_A1201C_syn
11	1587	C	T	PA	syn	0.0184	3154	PA_C1587T_syn
12	410	G	A	HA	G137E	0.9992	4738	HA_G410A_G137E
13	615	G	A	HA	syn	0.12789999999999999	6929	HA_G615A_syn
14	739	A	C	HA	N247H	0.0291	8578	HA_A739C_N247H
15	1324	T	C	HA	syn	1.0	6832	HA_T1324C_syn
16	1497	C	T	HA	syn	0.9998	5302	HA_C1497T_syn
17	987	G	A	NP	syn	0.0864	8942	NP_G987A_syn
18	903	G	A	NA	syn	1.0	5116	NA_G903A_syn
19	916	G	A	NA	A306T	0.9998	5220	NA_G916A_A306T
