segment	gene	position	AAchange	frequency
A_CALIFORNIA_04_2009_H1	HA	432	D144E	0.22099999999999997
A_CALIFORNIA_04_2009_H1	HA	436	N146D	0.0179
A_CALIFORNIA_04_2009_H1	HA	515	G172E	0.379725
A_CALIFORNIA_04_2009_H1	HA	598	S200P	0.2117
A_CALIFORNIA_04_2009_H1	HA	622	L208I	0.4589
A_CALIFORNIA_04_2009_H1	HA	640	T214A	0.025099999999999997
A_CALIFORNIA_04_2009_H1	HA	715	D239N	0.016774999999999998
A_CALIFORNIA_04_2009_H1	HA	716	D239G	0.025775000000000003
A_CALIFORNIA_04_2009_H1	HA	1402	S468G	0.016575
A_CALIFORNIA_04_2009_H1	HA	1502	Y501S	0.013600000000000001
A_CALIFORNIA_04_2009_MP	M2	756	S23N	0.0211
A_CALIFORNIA_04_2009_NP	NP	149	S50N	0.0126
A_CALIFORNIA_04_2009_PA	PA	13	V5M	0.011000000000000001
A_CALIFORNIA_04_2009_PA	PA	403	A135T	0.0124
A_CALIFORNIA_04_2009_PA	PA	740	S247F	0.013000000000000001
A_CALIFORNIA_04_2009_PA	PA	816	D272E	0.0134
A_CALIFORNIA_04_2009_PA	PA	854	M285K	0.0306
A_CALIFORNIA_04_2009_PA	PA	1108	L370I	0.0252
A_CALIFORNIA_04_2009_PA	PA	1181	D394G	0.0106
A_CALIFORNIA_04_2009_PA	PA	1294	V432I	0.0218
A_CALIFORNIA_04_2009_PA	PA	1639	D547N	0.016200000000000003
A_CALIFORNIA_04_2009_PB1	PB1	209	D70G	0.0636
A_CALIFORNIA_04_2009_PB1	PB1	365	L122P	0.057300000000000004
A_CALIFORNIA_04_2009_PB1	PB1	871	T291A	0.619975
A_CALIFORNIA_04_2009_PB1	PB1	1172	K391R	0.0646
A_CALIFORNIA_04_2009_PB2	PB2	8	R3K	0.0124
A_CALIFORNIA_04_2009_PB2	PB2	33	M11I	0.054400000000000004
A_CALIFORNIA_04_2009_PB2	PB2	68	T23N	0.011899999999999999
A_CALIFORNIA_04_2009_PB2	PB2	178	D60N	0.0421
A_CALIFORNIA_04_2009_PB2	PB2	323	T108I	0.0296
A_CALIFORNIA_04_2009_PB2	PB2	481	D161N	0.0163
A_CALIFORNIA_04_2009_PB2	PB2	506	P169Q	0.027000000000000003
A_CALIFORNIA_04_2009_PB2	PB2	582	Q194H	0.0168
A_CALIFORNIA_04_2009_PB2	PB2	766	D256N	0.0212
A_CALIFORNIA_04_2009_PB2	PB2	890	I297T	0.0196
A_CALIFORNIA_04_2009_PB2	PB2	1398	D466E	0.0236
A_CALIFORNIA_04_2009_PB2	PB2	1705	T569A	0.054299999999999994
A_CALIFORNIA_04_2009_PB2	PB2	1710	M570I	0.0103
A_CALIFORNIA_04_2009_PB2	PB2	1908	L636F	0.015600000000000001
A_CALIFORNIA_04_2009_PB2	PB2	1935	L645F	0.0103
