Unnamed: 0	SNP	POS_x	rep1_percent	rep2_percent	%	filename
23	NS1_C106A_L36I	106.0	0.0515	0.0416	0.0465499999999999	CA04_ferret2_day5_intersection.csv
10	NP_A143G_K48R	143.0	0.0126	0.0139	0.01325	CA04_ferret2_day5_intersection.csv
11	NP_G149A_S50N	149.0	0.0291	0.0213	0.0252	CA04_ferret2_day5_intersection.csv
12	NP_A475C_M159L	475.0	0.0119	0.018	0.01495	CA04_ferret2_day5_intersection.csv
13	NP_G568A_A190T	568.0	0.0128	0.0131	0.01295	CA04_ferret2_day5_intersection.csv
3	HA_T621G_S207R	621.0	0.1888	0.857	0.5229	CA04_ferret2_day5_intersection.csv
0	PA_T678C_syn	678.0	0.5224	0.3194	0.4209	CA04_ferret2_day5_intersection.csv
14	NP_C847A_L283I	847.0	0.0329	0.0321	0.0325	CA04_ferret2_day5_intersection.csv
22	M2_G896A_E70K	896.0	0.0146	0.0163	0.0154499999999999	CA04_ferret2_day5_intersection.csv
16	NP_C1290A_S430R	1290.0	0.0352	0.0457	0.04045	CA04_ferret2_day5_intersection.csv
17	NP_G1330A_V444I	1330.0	0.0253	0.0269	0.0260999999999999	CA04_ferret2_day5_intersection.csv
18	NP_G1351T_A451S	1351.0	0.0336	0.0443	0.03895	CA04_ferret2_day5_intersection.csv
19	NP_C1358T_P453L	1358.0	0.0125	0.0109	0.0117	CA04_ferret2_day5_intersection.csv
20	NP_G1453A_G485R	1453.0	0.0629	0.0579	0.0603999999999999	CA04_ferret2_day5_intersection.csv
